annotation;enumeration_value
Пихтовое, Архангельское, Архангельская область, Мурманская область;00:10:1
Приморское, Архангельское, Архангельская область, Мурманская область;00:10:2
Североморское, Архангельское, Архангельская область, Мурманская область;00:10:3
Центральное, Архангельское, Архангельская область, Мурманская область;00:10:4
Брянское, Брянское, Белгородская область, Брянская область, Воронежская область, Калужская область, Курская область, Липецкая область, Орловская область, Смоленская область, Тамбовская область;00:11:1
Дорогобужское, Брянское, Белгородская область, Брянская область, Воронежская область, Калужская область, Курская область, Липецкая область, Орловская область, Смоленская область, Тамбовская область;00:11:2
Курское, Брянское, Белгородская область, Брянская область, Воронежская область, Калужская область, Курская область, Липецкая область, Орловская область, Смоленская область, Тамбовская область;00:11:3
Смоленское, Брянское, Белгородская область, Брянская область, Воронежская область, Калужская область, Курская область, Липецкая область, Орловская область, Смоленская область, Тамбовская область;00:11:4
Тамбовское, Брянское, Белгородская область, Брянская область, Воронежская область, Калужская область, Курская область, Липецкая область, Орловская область, Смоленская область, Тамбовская область;00:11:5
Буйское, Гороховецкое, Владимирская область, Ивановская область, Костромская область, Нижегородская область, Ярославская область;00:12:1
Центральное, Гороховецкое, Владимирская область, Ивановская область, Костромская область, Нижегородская область, Ярославская область;00:12:10
Яропольское, Гороховецкое, Владимирская область, Ивановская область, Костромская область, Нижегородская область, Ярославская область;00:12:11
Володарское, Гороховецкое, Владимирская область, Ивановская область, Костромская область, Нижегородская область, Ярославская область;00:12:2
Голубевское, Гороховецкое, Владимирская область, Ивановская область, Костромская область, Нижегородская область, Ярославская область;00:12:3
Ивановское, Гороховецкое, Владимирская область, Ивановская область, Костромская область, Нижегородская область, Ярославская область;00:12:4
Коневское, Гороховецкое, Владимирская область, Ивановская область, Костромская область, Нижегородская область, Ярославская область;00:12:5
Лихачевское, Гороховецкое, Владимирская область, Ивановская область, Костромская область, Нижегородская область, Ярославская область;00:12:6
Мулинское, Гороховецкое, Владимирская область, Ивановская область, Костромская область, Нижегородская область, Ярославская область;00:12:7
Мургеевское, Гороховецкое, Владимирская область, Ивановская область, Костромская область, Нижегородская область, Ярославская область;00:12:8
Фролищенское, Гороховецкое, Владимирская область, Ивановская область, Костромская область, Нижегородская область, Ярославская область;00:12:9
Клязьменское, Костеревское, Владимирская область, Московская область;00:15:1
Костеревское, Костеревское, Владимирская область, Московская область;00:15:2
Мишеронское, Костеревское, Владимирская область, Московская область;00:15:3
Северогривское, Костеревское, Владимирская область, Московская область;00:15:4
Владимирское, Лужское, Ленинградская область, Псковская область;00:16:1
Кисловское, Лужское, Ленинградская область, Псковская область;00:16:2
Липовское, Лужское, Ленинградская область, Псковская область;00:16:3
Лудонское, Лужское, Ленинградская область, Псковская область;00:16:4
Межевое, Лужское, Ленинградская область, Псковская область;00:16:5
Моховое, Лужское, Ленинградская область, Псковская область;00:16:6
Песчаное, Лужское, Ленинградская область, Псковская область;00:16:7
Петровское, Лужское, Ленинградская область, Псковская область;00:16:8
Куярское, Марийское, Республика Марий Эл, Республика Татарстан (Татарстан);00:17:1
Суслонгерское, Марийское, Республика Марий Эл, Республика Татарстан (Татарстан);00:17:2
243 участковое, Морозовское, Калининградская область, Ленинградская область;00:18:1
Северное, Морозовское, Калининградская область, Ленинградская область;00:18:10
Холмское, Морозовское, Калининградская область, Ленинградская область;00:18:11
Черняховское, Морозовское, Калининградская область, Ленинградская область;00:18:12
Южное, Морозовское, Калининградская область, Ленинградская область;00:18:13
Борковское, Морозовское, Калининградская область, Ленинградская область;00:18:2
Боровское, Морозовское, Калининградская область, Ленинградская область;00:18:3
Веденеевское, Морозовское, Калининградская область, Ленинградская область;00:18:4
Грибковское, Морозовское, Калининградская область, Ленинградская область;00:18:5
Ельниковское, Морозовское, Калининградская область, Ленинградская область;00:18:6
Иликовское, Морозовское, Калининградская область, Ленинградская область;00:18:7
Морское, Морозовское, Калининградская область, Ленинградская область;00:18:8
Озерское, Морозовское, Калининградская область, Ленинградская область;00:18:9
Мининское, Московское, Владимирская область, Калужская область, Московская область, Рязанская область, Тульская область, Ярославская область;00:19:1
Монинское, Московское, Владимирская область, Калужская область, Московская область, Рязанская область, Тульская область, Ярославская область;00:19:2
Наро-Фоминское, Московское, Владимирская область, Калужская область, Московская область, Рязанская область, Тульская область, Ярославская область;00:19:3
Нахабинское, Московское, Владимирская область, Калужская область, Московская область, Рязанская область, Тульская область, Ярославская область;00:19:4
Ногинское, Московское, Владимирская область, Калужская область, Московская область, Рязанская область, Тульская область, Ярославская область;00:19:5
Октябрьское, Московское, Владимирская область, Калужская область, Московская область, Рязанская область, Тульская область, Ярославская область;00:19:6
Первомайское, Московское, Владимирская область, Калужская область, Московская область, Рязанская область, Тульская область, Ярославская область;00:19:7
Селецкое, Московское, Владимирская область, Калужская область, Московская область, Рязанская область, Тульская область, Ярославская область;00:19:8
Тесницкое, Московское, Владимирская область, Калужская область, Московская область, Рязанская область, Тульская область, Ярославская область;00:19:9
Борское, Воронежский государственный природный биосферный заповедник, Воронежская область, Липецкая область;00:1:1
Краснолесненское, Воронежский государственный природный биосферный заповедник, Воронежская область, Липецкая область;00:1:2
Усманское, Воронежский государственный природный биосферный заповедник, Воронежская область, Липецкая область;00:1:3
Пашинское, Новосибирское, Кемеровская область, Новосибирская область, Омская область, Томская область;00:20:1
Томское, Новосибирское, Кемеровская область, Новосибирская область, Омская область, Томская область;00:20:2
Юргинское, Новосибирское, Кемеровская область, Новосибирская область, Омская область, Томская область;00:20:3
Пензенское, Пензенское, Пензенская область, Саратовская область, Ульяновская область;00:21:1
Причернавское, Пензенское, Пензенская область, Саратовская область, Ульяновская область;00:21:2
Татищевское, Пензенское, Пензенская область, Саратовская область, Ульяновская область;00:21:3
Ульяновское, Пензенское, Пензенская область, Саратовская область, Ульяновская область;00:21:4
Свердловское, Свердловское, Курганская область, Свердловская область;00:23:1
Шадринское, Свердловское, Курганская область, Свердловская область;00:23:2
Ворошиловское, Тверское, Новгородская область, Тверская область;00:24:1
Ивантеевское, Тверское, Новгородская область, Тверская область;00:24:2
Озерное, Тверское, Новгородская область, Тверская область;00:24:3
Кяхтинское, Улан-Удэнское, Забайкальский край, Республика Бурятия;00:25:1
Талецкое, Улан-Удэнское, Забайкальский край, Республика Бурятия;00:25:2
Горское, Хвойное, Вологодская область, Ленинградская область, Мурманская область, Республика Карелия;00:26:1
Лещинское, Хвойное, Вологодская область, Ленинградская область, Мурманская область, Республика Карелия;00:26:2
Онежское, Хвойное, Вологодская область, Ленинградская область, Мурманская область, Республика Карелия;00:26:3
Островское, Хвойное, Вологодская область, Ленинградская область, Мурманская область, Республика Карелия;00:26:4
Северное, Хвойное, Вологодская область, Ленинградская область, Мурманская область, Республика Карелия;00:26:5
Скалистое, Хвойное, Вологодская область, Ленинградская область, Мурманская область, Республика Карелия;00:26:6
Бургенское, Читинское, Забайкальский край, Республика Бурятия;00:27:1
Сретенское, Читинское, Забайкальский край, Республика Бурятия;00:27:2
Телембинское, Читинское, Забайкальский край, Республика Бурятия;00:27:3
Тунгокоченское, Читинское, Забайкальский край, Республика Бурятия;00:27:4
Читинское, Читинское, Забайкальский край, Республика Бурятия;00:27:5
Кавказское, Ярославское, Волгоградская область, Кабардино-Балкарская Республика, Краснодарский край, Республика Адыгея (Адыгея), Республика Северная Осетия - Алания;00:28:1
Майкопское, Ярославское, Волгоградская область, Кабардино-Балкарская Республика, Краснодарский край, Республика Адыгея (Адыгея), Республика Северная Осетия - Алания;00:28:2
Ярославское, Ярославское, Волгоградская область, Кабардино-Балкарская Республика, Краснодарский край, Республика Адыгея (Адыгея), Республика Северная Осетия - Алания;00:28:3
Захаринское, ГПБЗ Дарвинский, Вологодская область, Ярославская область;00:2:1
Центральное, ГПБЗ Дарвинский, Вологодская область, Ярославская область;00:2:2
Горловское, ГПБЗ Дарвинский, Вологодская область, Ярославская область;00:2:3
Богатовское, НП Бузулукский бор, Оренбургская область, Самарская область;00:6:1
Скобелевское, НП Бузулукский бор, Оренбургская область, Самарская область;00:6:10
Челюскинское, НП Бузулукский бор, Оренбургская область, Самарская область;00:6:11
Широковское, НП Бузулукский бор, Оренбургская область, Самарская область;00:6:12
Боровое-Опытное, НП Бузулукский бор, Оренбургская область, Самарская область;00:6:2
Борское, НП Бузулукский бор, Оренбургская область, Самарская область;00:6:3
Державинское, НП Бузулукский бор, Оренбургская область, Самарская область;00:6:4
Колтубанское, НП Бузулукский бор, Оренбургская область, Самарская область;00:6:5
Комсомольское, НП Бузулукский бор, Оренбургская область, Самарская область;00:6:6
Красно-Зорькинское, НП Бузулукский бор, Оренбургская область, Самарская область;00:6:7
Партизанское, НП Бузулукский бор, Оренбургская область, Самарская область;00:6:8
Петровское, НП Бузулукский бор, Оренбургская область, Самарская область;00:6:9
Валдайское, НП Водлозерский, Архангельская область, Республика Карелия;00:7:1
Водлозерское, НП Водлозерский, Архангельская область, Республика Карелия;00:7:2
Илекское, НП Водлозерский, Архангельская область, Республика Карелия;00:7:3
Александровское, Завидовское, Московская область, Тверская область;00:8:1
Грибановское, Завидовское, Московская область, Тверская область;00:8:2
Завидовское, Завидовское, Московская область, Тверская область;00:8:3
Ошейкинское, Завидовское, Московская область, Тверская область;00:8:4
Сокольское, Завидовское, Московская область, Тверская область;00:8:5
Тургиновское, Завидовское, Московская область, Тверская область;00:8:6
Гузерипльское, Гузерипльское, Республика Адыгея (Адыгея);01:1:1
Даховское, Гузерипльское, Республика Адыгея (Адыгея);01:1:2
Даховское сельское, Гузерипльское, Республика Адыгея (Адыгея);01:1:3
Каменномостское, Гузерипльское, Республика Адыгея (Адыгея);01:1:4
Ново-Прохладненское, Гузерипльское, Республика Адыгея (Адыгея);01:1:5
Усть-Сахрайское, Гузерипльское, Республика Адыгея (Адыгея);01:1:6
Хамышинское, Гузерипльское, Республика Адыгея (Адыгея);01:1:7
Кошехабльское, Красногвардейское, Республика Адыгея (Адыгея);01:2:1
Красногвардейское, Красногвардейское, Республика Адыгея (Адыгея);01:2:2
Тахтамукайское, Красногвардейское, Республика Адыгея (Адыгея);01:2:3
Теучежское, Красногвардейское, Республика Адыгея (Адыгея);01:2:4
Шовгеновское, Красногвардейское, Республика Адыгея (Адыгея);01:2:5
Гиагинское, Майкопское, Республика Адыгея (Адыгея);01:3:1
Ханское сельское, Майкопское, Республика Адыгея (Адыгея);01:3:10
Цицинское, Майкопское, Республика Адыгея (Адыгея);01:3:11
Горбовское (Элота) Кужорское, Майкопское, Республика Адыгея (Адыгея);01:3:2
Горбовское (Элота) Майкопское, Майкопское, Республика Адыгея (Адыгея);01:3:3
Дагестанское, Майкопское, Республика Адыгея (Адыгея);01:3:4
Кужорское, Майкопское, Республика Адыгея (Адыгея);01:3:5
Курджипское, Майкопское, Республика Адыгея (Адыгея);01:3:6
Курджипское сельское, Майкопское, Республика Адыгея (Адыгея);01:3:7
Лесосеменное, Майкопское, Республика Адыгея (Адыгея);01:3:8
Опытное, Майкопское, Республика Адыгея (Адыгея);01:3:9
Абадзехское, Первомайское, Республика Адыгея (Адыгея);01:4:1
Абадзехское сельское, Первомайское, Республика Адыгея (Адыгея);01:4:2
Горбовское, Первомайское, Республика Адыгея (Адыгея);01:4:3
Махошевское, Первомайское, Республика Адыгея (Адыгея);01:4:4
Первомайское, Первомайское, Республика Адыгея (Адыгея);01:4:5
Севастопольское сельское, Первомайское, Республика Адыгея (Адыгея);01:4:6
Тульское, Первомайское, Республика Адыгея (Адыгея);01:4:7
Тульское сельское, Первомайское, Республика Адыгея (Адыгея);01:4:8
Бирское, Бирское, Республика Башкортостан;02:10:1
Рефандинское, Бирское, Республика Башкортостан;02:10:10
Челкаковское, Бирское, Республика Башкортостан;02:10:11
Чураевское, Бирское, Республика Башкортостан;02:10:12
Янтузовское, Бирское, Республика Башкортостан;02:10:13
Бирское сельское, Бирское, Республика Башкортостан;02:10:2
Бураевское, Бирское, Республика Башкортостан;02:10:3
Бураевское сельское, Бирское, Республика Башкортостан;02:10:4
Забельское, Бирское, Республика Башкортостан;02:10:5
Казанцевское, Бирское, Республика Башкортостан;02:10:6
Калинниковское, Бирское, Республика Башкортостан;02:10:7
Мишкинское, Бирское, Республика Башкортостан;02:10:8
Мишкинское сельское, Бирское, Республика Башкортостан;02:10:9
Асибарское, Бурзянское, Республика Башкортостан;02:11:1
Бельское, Бурзянское, Республика Башкортостан;02:11:2
Бетеринское, Бурзянское, Республика Башкортостан;02:11:3
Гадельгареевское, Бурзянское, Республика Башкортостан;02:11:4
Нижне-Бельское, Бурзянское, Республика Башкортостан;02:11:5
Нугушское, Бурзянское, Республика Башкортостан;02:11:6
Южно-Узянское, Бурзянское, Республика Башкортостан;02:11:7
Зилимское, Гафурийское, Республика Башкортостан;02:12:1
Табынское, Гафурийское, Республика Башкортостан;02:12:2
Ташлинское, Гафурийское, Республика Башкортостан;02:12:3
Усольское, Гафурийское, Республика Башкортостан;02:12:4
Гафурийское сельское, Гафурийское, Республика Башкортостан;02:12:5
Дуванское, Дуванское, Республика Башкортостан;02:13:1
Дуванское сельское, Дуванское, Республика Башкортостан;02:13:2
Калмашское, Дуванское, Республика Башкортостан;02:13:3
Месягутовское, Дуванское, Республика Башкортостан;02:13:4
Метелинское, Дуванское, Республика Башкортостан;02:13:5
Михайловское, Дуванское, Республика Башкортостан;02:13:6
Урмантавское, Дуванское, Республика Башкортостан;02:13:7
Ярославское, Дуванское, Республика Башкортостан;02:13:8
Ангасякское, Дюртюлинское, Республика Башкортостан;02:14:1
Чумарское, Дюртюлинское, Республика Башкортостан;02:14:10
Шариповское, Дюртюлинское, Республика Башкортостан;02:14:11
Яркеевское, Дюртюлинское, Республика Башкортостан;02:14:12
Дюртюлинское, Дюртюлинское, Республика Башкортостан;02:14:2
Калтасинское, Дюртюлинское, Республика Башкортостан;02:14:3
Калтасинское сельское, Дюртюлинское, Республика Башкортостан;02:14:4
Кангышское, Дюртюлинское, Республика Башкортостан;02:14:5
Карабашевское, Дюртюлинское, Республика Башкортостан;02:14:6
Куяновское, Дюртюлинское, Республика Башкортостан;02:14:7
Надеждинское, Дюртюлинское, Республика Башкортостан;02:14:8
Турачинское, Дюртюлинское, Республика Башкортостан;02:14:9
Баишевское, Зианчуринское, Республика Башкортостан;02:15:1
Кара-Тугайское, Зианчуринское, Республика Башкортостан;02:15:2
Касмарское, Зианчуринское, Республика Башкортостан;02:15:3
Юлдыбаевское, Зианчуринское, Республика Башкортостан;02:15:4
Емашлинское, Зилаирское, Республика Башкортостан;02:16:1
Зилаир-Шарское, Зилаирское, Республика Башкортостан;02:16:2
Ново-Александровское, Зилаирское, Республика Башкортостан;02:16:3
Петровское, Зилаирское, Республика Башкортостан;02:16:4
Сабыровское, Зилаирское, Республика Башкортостан;02:16:5
Суреньское, Зилаирское, Республика Башкортостан;02:16:6
Юлдыбаевское, Зилаирское, Республика Башкортостан;02:16:7
Иглинское, Иглинское, Республика Башкортостан;02:17:1
Пушкинское, Иглинское, Республика Башкортостан;02:17:2
Тавтимановское, Иглинское, Республика Башкортостан;02:17:3
Улу-Телякское, Иглинское, Республика Башкортостан;02:17:4
Урманское, Иглинское, Республика Башкортостан;02:17:5
Иглинское сельское, Иглинское, Республика Башкортостан;02:17:6
Ассинское, Инзерское, Республика Башкортостан;02:18:1
Дубинское, Инзерское, Республика Башкортостан;02:18:2
Инзерское, Инзерское, Республика Башкортостан;02:18:3
Мулдакаевское, Инзерское, Республика Башкортостан;02:18:4
Ивано-Кувалатское, Кананикольское, Республика Башкортостан;02:19:1
Канское, Кананикольское, Республика Башкортостан;02:19:2
Куркатавское, Кананикольское, Республика Башкортостан;02:19:3
Мало-Икское, Кананикольское, Республика Башкортостан;02:19:4
Абзелиловское сельское, Абзелиловское, Республика Башкортостан;02:1:1
Бурангуловское, Абзелиловское, Республика Башкортостан;02:1:2
Казмашевское, Абзелиловское, Республика Башкортостан;02:1:3
Кирдасовское, Абзелиловское, Республика Башкортостан;02:1:4
Кусимовское, Абзелиловское, Республика Башкортостан;02:1:5
Хамитовское, Абзелиловское, Республика Башкортостан;02:1:6
Байкибашевское, Караидельское, Республика Башкортостан;02:20:1
Караидельское, Караидельское, Республика Башкортостан;02:20:2
Кирзинское, Караидельское, Республика Башкортостан;02:20:3
Крушинское, Караидельское, Республика Башкортостан;02:20:4
Резимское, Караидельское, Республика Башкортостан;02:20:5
Караидельское сельское, Караидельское, Республика Башкортостан;02:20:6
Икское, Кугарчинское, Республика Башкортостан;02:21:1
Инякское, Кугарчинское, Республика Башкортостан;02:21:2
Кугарчинское, Кугарчинское, Республика Башкортостан;02:21:3
Мраковское, Кугарчинское, Республика Башкортостан;02:21:4
Наказское, Кугарчинское, Республика Башкортостан;02:21:5
Юмагузинское, Кугарчинское, Республика Башкортостан;02:21:6
Верхоторское, Макаровское, Республика Башкортостан;02:22:1
Ишимбайское, Макаровское, Республика Башкортостан;02:22:2
Кузяновское, Макаровское, Республика Башкортостан;02:22:3
Кулгунинское, Макаровское, Республика Башкортостан;02:22:4
Макаровское, Макаровское, Республика Башкортостан;02:22:5
Селеукское, Макаровское, Республика Башкортостан;02:22:6
Урнякское, Макаровское, Республика Башкортостан;02:22:7
Шихановское, Макаровское, Республика Башкортостан;02:22:8
Атняшское, Нуримановское, Республика Башкортостан;02:23:1
Исаевское, Нуримановское, Республика Башкортостан;02:23:2
Красноключевское, Нуримановское, Республика Башкортостан;02:23:3
Павловское, Нуримановское, Республика Башкортостан;02:23:4
Первомайское, Нуримановское, Республика Башкортостан;02:23:5
Салдыбашевское, Нуримановское, Республика Башкортостан;02:23:6
Сарвинское, Нуримановское, Республика Башкортостан;02:23:7
Нуримановское сельское, Нуримановское, Республика Башкортостан;02:23:8
Аркаульское, Салаватское, Республика Башкортостан;02:24:1
Калмакуловское, Салаватское, Республика Башкортостан;02:24:2
Кигинское, Салаватское, Республика Башкортостан;02:24:3
Кигинское сельское, Салаватское, Республика Башкортостан;02:24:4
Леузинское, Салаватское, Республика Башкортостан;02:24:5
Малоязовское, Салаватское, Республика Башкортостан;02:24:6
Салаватское сельское, Салаватское, Республика Башкортостан;02:24:7
Белогорское, Стерлитамакское, Республика Башкортостан;02:25:1
Тукаевское, Стерлитамакское, Республика Башкортостан;02:25:10
Федоровское, Стерлитамакское, Республика Башкортостан;02:25:11
Воскресенское, Стерлитамакское, Республика Башкортостан;02:25:2
Куганакское, Стерлитамакское, Республика Башкортостан;02:25:3
Куюргазинское, Стерлитамакское, Республика Башкортостан;02:25:4
Мелеузовское, Стерлитамакское, Республика Башкортостан;02:25:5
Салаватское, Стерлитамакское, Республика Башкортостан;02:25:6
Стерлибашевское, Стерлитамакское, Республика Башкортостан;02:25:7
Стерлитамакское, Стерлитамакское, Республика Башкортостан;02:25:8
Толбазинское, Стерлитамакское, Республика Башкортостан;02:25:9
Аршинское, Тирлянское, Республика Башкортостан;02:26:1
Верхне-Бельское, Тирлянское, Республика Башкортостан;02:26:2
Тирлянское, Тирлянское, Республика Башкортостан;02:26:3
Бакалинское, Туймазинское, Республика Башкортостан;02:27:1
Куручевское, Туймазинское, Республика Башкортостан;02:27:10
Мустафинское, Туймазинское, Республика Башкортостан;02:27:11
Нижне-Троицкое, Туймазинское, Республика Башкортостан;02:27:12
Октябрьское, Туймазинское, Республика Башкортостан;02:27:13
Присюньское, Туймазинское, Республика Башкортостан;02:27:14
Резяповское, Туймазинское, Республика Башкортостан;02:27:15
Тюменякское, Туймазинское, Республика Башкортостан;02:27:16
Чекмагушевское, Туймазинское, Республика Башкортостан;02:27:17
Шаранское, Туймазинское, Республика Башкортостан;02:27:18
Юрминское, Туймазинское, Республика Башкортостан;02:27:19
Бишиндинское, Туймазинское, Республика Башкортостан;02:27:2
Ярмунчинское, Туймазинское, Республика Башкортостан;02:27:20
Буздякское, Туймазинское, Республика Башкортостан;02:27:3
Верхне-Троицкое, Туймазинское, Республика Башкортостан;02:27:4
Гусевское, Туймазинское, Республика Башкортостан;02:27:5
Кандринское, Туймазинское, Республика Башкортостан;02:27:6
Кармалы-Губеевское, Туймазинское, Республика Башкортостан;02:27:7
Килеевское, Туймазинское, Республика Башкортостан;02:27:8
Кузеевское, Туймазинское, Республика Башкортостан;02:27:9
Благоварское, Уфимское, Республика Башкортостан;02:28:1
Осиповское, Уфимское, Республика Башкортостан;02:28:10
Покровское, Уфимское, Республика Башкортостан;02:28:11
Уфимское, Уфимское, Республика Башкортостан;02:28:12
Чишминское, Уфимское, Республика Башкортостан;02:28:13
Юматовское, Уфимское, Республика Башкортостан;02:28:14
Благовещенское, Уфимское, Республика Башкортостан;02:28:2
Демское, Уфимское, Республика Башкортостан;02:28:3
Дмитриевское, Уфимское, Республика Башкортостан;02:28:4
Красноярское, Уфимское, Республика Башкортостан;02:28:5
Кушнаренковское, Уфимское, Республика Башкортостан;02:28:6
Ново-Троицкое, Уфимское, Республика Башкортостан;02:28:7
Нурлинское, Уфимское, Республика Башкортостан;02:28:8
Орловское, Уфимское, Республика Башкортостан;02:28:9
Зауральское, Учалинское, Республика Башкортостан;02:29:1
Ильтибановское, Учалинское, Республика Башкортостан;02:29:2
Ильчигуловское, Учалинское, Республика Башкортостан;02:29:3
Кирябинское, Учалинское, Республика Башкортостан;02:29:4
Северо-Уральское, Учалинское, Республика Башкортостан;02:29:5
Уральское, Учалинское, Республика Башкортостан;02:29:6
Ургунское, Учалинское, Республика Башкортостан;02:29:7
Учалинское сельское, Учалинское, Республика Башкортостан;02:29:8
Авзянское, Авзянское, Республика Башкортостан;02:2:1
Зигазинское, Авзянское, Республика Башкортостан;02:2:2
Кагинское, Авзянское, Республика Башкортостан;02:2:3
Туканское, Авзянское, Республика Башкортостан;02:2:4
Узянское, Авзянское, Республика Башкортостан;02:2:5
Степное, Хайбуллинское, Республика Башкортостан;02:30:1
Усерганское, Хайбуллинское, Республика Башкортостан;02:30:2
Южно-Уральское, Хайбуллинское, Республика Башкортостан;02:30:3
Кайпановское, Янаульское, Республика Башкортостан;02:31:1
Янаульское сельское, Янаульское, Республика Башкортостан;02:31:10
Кармановское, Янаульское, Республика Башкортостан;02:31:2
Краснокамское сельское, Янаульское, Республика Башкортостан;02:31:3
Николо-Березовское, Янаульское, Республика Башкортостан;02:31:4
Ново-Артаульское, Янаульское, Республика Башкортостан;02:31:5
Прибельское, Янаульское, Республика Башкортостан;02:31:6
Татышлинское, Янаульское, Республика Башкортостан;02:31:7
Татышлинское сельское, Янаульское, Республика Башкортостан;02:31:8
Янаульское, Янаульское, Республика Башкортостан;02:31:9
Узянское, ГПЗ Башкирский, Республика Башкортостан;02:32:1
Хамитовское, ГПЗ Башкирский, Республика Башкортостан;02:32:2
Аксеновское, Альшеевское, Республика Башкортостан;02:3:1
Альшеевское, Альшеевское, Республика Башкортостан;02:3:2
Бик-Кармалинское, Альшеевское, Республика Башкортостан;02:3:3
Давлекановское, Альшеевское, Республика Башкортостан;02:3:4
Миякибашевское, Альшеевское, Республика Башкортостан;02:3:5
Миякинское, Альшеевское, Республика Башкортостан;02:3:6
Придемское, Альшеевское, Республика Башкортостан;02:3:7
Шафрановское, Альшеевское, Республика Башкортостан;02:3:8
Архангельское, Архангельское, Республика Башкортостан;02:4:1
Басинское, Архангельское, Республика Башкортостан;02:4:2
Бузовьязовское, Архангельское, Республика Башкортостан;02:4:3
Камышлинское, Архангельское, Республика Башкортостан;02:4:4
Куртовское, Архангельское, Республика Башкортостан;02:4:5
Лемезинское, Архангельское, Республика Башкортостан;02:4:6
Симское, Архангельское, Республика Башкортостан;02:4:7
Уршакское, Архангельское, Республика Башкортостан;02:4:8
Архангельское сельское, Архангельское, Республика Башкортостан;02:4:9
Без деления на участковые лесничества, г. Октябрьский, Республика Башкортостан;02:58:00
Аскинское сельское, Аскинское, Республика Башкортостан;02:5:1
Балтачевское, Аскинское, Республика Башкортостан;02:5:2
Балтачевское сельское, Аскинское, Республика Башкортостан;02:5:3
Верхне-Суянское, Аскинское, Республика Башкортостан;02:5:4
Казанчинское, Аскинское, Республика Башкортостан;02:5:5
Кашкинское, Аскинское, Республика Башкортостан;02:5:6
Ключевское, Аскинское, Республика Башкортостан;02:5:7
Кунгаковское, Аскинское, Республика Башкортостан;02:5:8
Тюйское, Аскинское, Республика Башкортостан;02:5:9
Без деления на участковые лесничества, лесничество городского округа город Стерлитамак, Республика Башкортостан;02:60:00
Баймакское, Баймакское, Республика Башкортостан;02:6:1
Иткуловское, Баймакское, Республика Башкортостан;02:6:2
Крепостное, Баймакское, Республика Башкортостан;02:6:3
Сибайское, Баймакское, Республика Башкортостан;02:6:4
Темясовское, Баймакское, Республика Башкортостан;02:6:5
Юлукское, Баймакское, Республика Башкортостан;02:6:6
Белебеевское, Белебеевское, Республика Башкортостан;02:7:1
Усень-Ивановское, Белебеевское, Республика Башкортостан;02:7:10
Бижбулякское, Белебеевское, Республика Башкортостан;02:7:2
Демское, Белебеевское, Республика Башкортостан;02:7:3
Ермекеевское, Белебеевское, Республика Башкортостан;02:7:4
Краснознаменское, Белебеевское, Республика Башкортостан;02:7:5
Краснореченское, Белебеевское, Республика Башкортостан;02:7:6
Метевбашевское, Белебеевское, Республика Башкортостан;02:7:7
Михайловское, Белебеевское, Республика Башкортостан;02:7:8
Суккуловское, Белебеевское, Республика Башкортостан;02:7:9
Белокатайское сельское, Белокатайское, Республика Башкортостан;02:8:1
Белянковское, Белокатайское, Республика Башкортостан;02:8:2
Карлыхановское, Белокатайское, Республика Башкортостан;02:8:3
Мечетлинское, Белокатайское, Республика Башкортостан;02:8:4
Новобелокатайское, Белокатайское, Республика Башкортостан;02:8:5
Старобелокатайское, Белокатайское, Республика Башкортостан;02:8:6
Ургалинское, Белокатайское, Республика Башкортостан;02:8:7
Абзаковское, Белорецкое, Республика Башкортостан;02:9:1
Белорецкое, Белорецкое, Республика Башкортостан;02:9:2
Белорецкое сельское, Белорецкое, Республика Башкортостан;02:9:3
Журавлинское, Белорецкое, Республика Башкортостан;02:9:4
Ишлинское, Белорецкое, Республика Башкортостан;02:9:5
Серменевское, Белорецкое, Республика Башкортостан;02:9:6
Сосновское, Белорецкое, Республика Башкортостан;02:9:7
Гусиноозерское, Гусиноозерское, Республика Бурятия;03:10:1
Загустайское, Гусиноозерское, Республика Бурятия;03:10:2
Темниковское, Гусиноозерское, Республика Бурятия;03:10:3
Убукунское, Гусиноозерское, Республика Бурятия;03:10:4
Урминское, Гусиноозерское, Республика Бурятия;03:10:5
Джидинское, Джидинское, Республика Бурятия;03:11:1
Джидинское сельское, Джидинское, Республика Бурятия;03:11:2
Ичетуйское, Джидинское, Республика Бурятия;03:11:3
Нарынское, Джидинское, Республика Бурятия;03:11:4
Пограничное, Джидинское, Республика Бурятия;03:11:5
Торейское, Джидинское, Республика Бурятия;03:11:6
Гундинское, Еравнинское, Республика Бурятия;03:12:1
Еравнинское, Еравнинское, Республика Бурятия;03:12:2
Еравнинское сельское, Еравнинское, Республика Бурятия;03:12:3
Зазинское, Еравнинское, Республика Бурятия;03:12:4
Можайское, Еравнинское, Республика Бурятия;03:12:5
Сосново-Озерское, Еравнинское, Республика Бурятия;03:12:6
Тужинское, Еравнинское, Республика Бурятия;03:12:7
Додогольское, Заиграевское, Республика Бурятия;03:13:1
Заиграевское, Заиграевское, Республика Бурятия;03:13:2
Заиграевское сельское, Заиграевское, Республика Бурятия;03:13:3
Илькинское, Заиграевское, Республика Бурятия;03:13:4
Онохойское, Заиграевское, Республика Бурятия;03:13:5
Унэгэтэйское, Заиграевское, Республика Бурятия;03:13:6
Усть-Брянское, Заиграевское, Республика Бурятия;03:13:7
Баянгольское, Закаменское, Республика Бурятия;03:14:1
Закаменское, Закаменское, Республика Бурятия;03:14:2
Закаменское сельское, Закаменское, Республика Бурятия;03:14:3
Михайловское, Закаменское, Республика Бурятия;03:14:4
Санагинское, Закаменское, Республика Бурятия;03:14:5
Цаган-Моринское, Закаменское, Республика Бурятия;03:14:6
Цакирское, Закаменское, Республика Бурятия;03:14:7
Шара-Азаргинское, Закаменское, Республика Бурятия;03:14:8
Заводское, Заудинское, Республика Бурятия;03:15:1
Заудинское, Заудинское, Республика Бурятия;03:15:2
Саянтуйское, Заудинское, Республика Бурятия;03:15:3
Талецкое, Заудинское, Республика Бурятия;03:15:4
Тарбагатайское, Заудинское, Республика Бурятия;03:15:5
Тарбагатайское сельское, Заудинское, Республика Бурятия;03:15:6
Харитоновское, Заудинское, Республика Бурятия;03:15:7
Гильбиринское, Иволгинское, Республика Бурятия;03:16:1
Гурульбинское, Иволгинское, Республика Бурятия;03:16:2
Иволгинское, Иволгинское, Республика Бурятия;03:16:3
Иволгинское сельское, Иволгинское, Республика Бурятия;03:16:4
Каленовское, Иволгинское, Республика Бурятия;03:16:5
Оронгойское, Иволгинское, Республика Бурятия;03:16:6
Байкало-Кударинское, Кабанское, Республика Бурятия;03:17:1
Большереченское, Кабанское, Республика Бурятия;03:17:2
Кабанское сельское, Кабанское, Республика Бурятия;03:17:3
Каменское, Кабанское, Республика Бурятия;03:17:4
Селенгинское, Кабанское, Республика Бурятия;03:17:5
Степнодворецкое, Кабанское, Республика Бурятия;03:17:6
Сухинское, Кабанское, Республика Бурятия;03:17:7
Кижингинское, Кижингинское, Республика Бурятия;03:18:1
Кижингинское сельское, Кижингинское, Республика Бурятия;03:18:2
Леоновское, Кижингинское, Республика Бурятия;03:18:3
Нижне-Кудунское, Кижингинское, Республика Бурятия;03:18:4
Сулхаринское, Кижингинское, Республика Бурятия;03:18:5
Тендитское, Кижингинское, Республика Бурятия;03:18:6
Ангырское, Кикинское, Республика Бурятия;03:19:1
Верхне-Итанцинское, Кикинское, Республика Бурятия;03:19:2
Гремячинское, Кикинское, Республика Бурятия;03:19:3
Кикинское, Кикинское, Республика Бурятия;03:19:4
Черемушкинское, Кикинское, Республика Бурятия;03:19:5
Ангоянское, Ангоянское, Республика Бурятия;03:1:1
Киронское, Ангоянское, Республика Бурятия;03:1:2
Котерское, Ангоянское, Республика Бурятия;03:1:3
Куморское, Ангоянское, Республика Бурятия;03:1:4
Исингинское, Кондинское, Республика Бурятия;03:20:1
Кондинское, Кондинское, Республика Бурятия;03:20:2
Сантыринское, Кондинское, Республика Бурятия;03:20:3
Михайловское, Кудунское, Республика Бурятия;03:21:1
Нижне-Чесанское, Кудунское, Республика Бурятия;03:21:2
Хуртэйское, Кудунское, Республика Бурятия;03:21:3
Чесанское, Кудунское, Республика Бурятия;03:21:4
Баянгольское, Куйтунское, Республика Бурятия;03:22:1
Турокчанское, Куйтунское, Республика Бурятия;03:22:2
Верхне-Курбинское, Курбинское, Республика Бурятия;03:23:1
Ойбонтовское, Курбинское, Республика Бурятия;03:23:2
Тэгдинское, Курбинское, Республика Бурятия;03:23:3
Хасуртайское, Курбинское, Республика Бурятия;03:23:4
Аргадинское, Курумканское, Республика Бурятия;03:24:1
Гаргинское, Курумканское, Республика Бурятия;03:24:2
Курумканское, Курумканское, Республика Бурятия;03:24:3
Курумканское сельское, Курумканское, Республика Бурятия;03:24:4
Могойтинское, Курумканское, Республика Бурятия;03:24:5
Большелугское, Кяхтинское, Республика Бурятия;03:25:1
Кударинское, Кяхтинское, Республика Бурятия;03:25:2
Кяхтинское, Кяхтинское, Республика Бурятия;03:25:3
Кяхтинское сельское, Кяхтинское, Республика Бурятия;03:25:4
Наушкинское, Кяхтинское, Республика Бурятия;03:25:5
Степное, Кяхтинское, Республика Бурятия;03:25:6
Чикойское, Кяхтинское, Республика Бурятия;03:25:7
Бамбуйское, Муйское, Республика Бурятия;03:26:1
Витимское, Муйское, Республика Бурятия;03:26:2
Муйское, Муйское, Республика Бурятия;03:26:3
Муяканское, Муйское, Республика Бурятия;03:26:4
Парамское, Муйское, Республика Бурятия;03:26:5
Северомуйское, Муйское, Республика Бурятия;03:26:6
Таксимовское, Муйское, Республика Бурятия;03:26:7
Улан-Макитское, Муйское, Республика Бурятия;03:26:8
Гашейское, Мухоршибирское, Республика Бурятия;03:27:1
Калиновское, Мухоршибирское, Республика Бурятия;03:27:2
Мухоршибирское, Мухоршибирское, Республика Бурятия;03:27:3
Мухоршибирское сельское, Мухоршибирское, Республика Бурятия;03:27:4
Тугнуйское, Мухоршибирское, Республика Бурятия;03:27:5
Хонхолойское, Мухоршибирское, Республика Бурятия;03:27:6
Орликское, Окинское, Республика Бурятия;03:28:1
Сорокское, Окинское, Республика Бурятия;03:28:2
Окинское сельское, Окинское, Республика Бурятия;03:28:3
Иркиликское, Прибайкальское, Республика Бурятия;03:29:1
Итанцинское, Прибайкальское, Республика Бурятия;03:29:2
Покровское, Прибайкальское, Республика Бурятия;03:29:3
Прибайкальское сельское, Прибайкальское, Республика Бурятия;03:29:4
Татауровское, Прибайкальское, Республика Бурятия;03:29:5
Бабушкинское, Бабушкинское, Республика Бурятия;03:2:1
Выдринское, Бабушкинское, Республика Бурятия;03:2:2
Клюевское, Бабушкинское, Республика Бурятия;03:2:3
Танхойское, Бабушкинское, Республика Бурятия;03:2:4
Чеховское, Бабушкинское, Республика Бурятия;03:2:5
Витимское, Романовское, Республика Бурятия;03:30:1
Джилиндинское, Романовское, Республика Бурятия;03:30:2
Кыджимитское, Романовское, Республика Бурятия;03:30:3
Романовское, Романовское, Республика Бурятия;03:30:4
Байкальское, Северо-Байкальское, Республика Бурятия;03:31:1
Верхне-Заимское, Северо-Байкальское, Республика Бурятия;03:31:2
Прибайкальское, Северо-Байкальское, Республика Бурятия;03:31:3
Северо-Байкальское, Северо-Байкальское, Республика Бурятия;03:31:4
Язовкинское, Северо-Байкальское, Республика Бурятия;03:31:5
Новоселенгинское, Селенгинское, Республика Бурятия;03:32:1
Селенгинское, Селенгинское, Республика Бурятия;03:32:2
Селенгинское сельское, Селенгинское, Республика Бурятия;03:32:3
Чикойское, Селенгинское, Республика Бурятия;03:32:4
Березовское, Улан-Удэнское, Республика Бурятия;03:33:1
Верхне-Березовское, Улан-Удэнское, Республика Бурятия;03:33:2
Мостовское, Улан-Удэнское, Республика Бурятия;03:33:3
Верхне-Ангарское, Уоянское, Республика Бурятия;03:34:1
Делакорское, Уоянское, Республика Бурятия;03:34:2
Уоянское, Уоянское, Республика Бурятия;03:34:3
Чильчигирское, Уоянское, Республика Бурятия;03:34:4
Гусихинское, Усть-Баргузинское, Республика Бурятия;03:35:1
Максимихинское, Усть-Баргузинское, Республика Бурятия;03:35:2
Усть-Баргузинское, Усть-Баргузинское, Республика Бурятия;03:35:3
Шанталыкское, Усть-Баргузинское, Республика Бурятия;03:35:4
Брянское, Хандагатайское, Республика Бурятия;03:36:1
Горхонское, Хандагатайское, Республика Бурятия;03:36:2
Михайловское, Хандагатайское, Республика Бурятия;03:36:3
Хандагатайское, Хандагатайское, Республика Бурятия;03:36:4
Челутаевское, Хандагатайское, Республика Бурятия;03:36:5
Аланское, Хоринское, Республика Бурятия;03:37:1
Верхне-Онинское, Хоринское, Республика Бурятия;03:37:2
Зун-Хурайское, Хоринское, Республика Бурятия;03:37:3
Онинское, Хоринское, Республика Бурятия;03:37:4
Хоринское, Хоринское, Республика Бурятия;03:37:5
Хоринское сельское, Хоринское, Республика Бурятия;03:37:6
Выдринское, ГПБЗ Байкальский, Республика Бурятия;03:38:1
Мишихинское, ГПБЗ Байкальский, Республика Бурятия;03:38:2
Таежное, ГПБЗ Байкальский, Республика Бурятия;03:38:3
Хамар-Дабанское, ГПБЗ Байкальский, Республика Бурятия;03:38:4
Юбилейное, ГПБЗ Байкальский, Республика Бурятия;03:38:5
Северное, ГПБЗ Баргузинский, Республика Бурятия;03:39:1
Южное, ГПБЗ Баргузинский, Республика Бурятия;03:39:2
Биосферный полигон, ГПБЗ Баргузинский, Республика Бурятия;03:39:3
Байкальское, Байкальское, Республика Бурятия;03:3:1
Голондинское, Байкальское, Республика Бурятия;03:3:2
Горячинское, Байкальское, Республика Бурятия;03:3:3
Котокельское, Байкальское, Республика Бурятия;03:3:4
Туркинское, Байкальское, Республика Бурятия;03:3:5
Арангатуйское, Забайкальский национальный парк, Республика Бурятия;03:41:1
Чивыркуйское, Забайкальский национальный парк, Республика Бурятия;03:41:2
Аршанское, НП Тункинский, Республика Бурятия;03:42:1
Зун-Муринское, НП Тункинский, Республика Бурятия;03:42:2
Кыренское, НП Тункинский, Республика Бурятия;03:42:3
Туранское, НП Тункинский, Республика Бурятия;03:42:4
Баргузинское, Баргузинское, Республика Бурятия;03:4:1
Баргузинское сельское, Баргузинское, Республика Бурятия;03:4:2
Ининское, Баргузинское, Республика Бурятия;03:4:3
Улюнское, Баргузинское, Республика Бурятия;03:4:4
Уринское, Баргузинское, Республика Бурятия;03:4:5
Читканское, Баргузинское, Республика Бурятия;03:4:6
Бичурское, Бичурское, Республика Бурятия;03:5:1
Бичурское сельское, Бичурское, Республика Бурятия;03:5:2
Киретское, Бичурское, Республика Бурятия;03:5:3
Куналейское, Бичурское, Республика Бурятия;03:5:4
Окино-Ключевское, Бичурское, Республика Бурятия;03:5:5
Без деления на участковые лесничества, Городское лесничество г. Северобайкальск, Республика Бурятия;03:60:00
Буйское, Буйское, Республика Бурятия;03:6:1
Мангиртуйское, Буйское, Республика Бурятия;03:6:2
Потанинское, Буйское, Республика Бурятия;03:6:3
Шибертуйское, Буйское, Республика Бурятия;03:6:4
Аллинское, Верхне-Баргузинское, Республика Бурятия;03:7:1
Джиргинское, Верхне-Баргузинское, Республика Бурятия;03:7:2
Дыренское, Верхне-Баргузинское, Республика Бурятия;03:7:3
Куллукское, Верхне-Баргузинское, Республика Бурятия;03:7:4
Карбаиновское, Верхне-Талецкое, Республика Бурятия;03:8:1
Санномысское, Верхне-Талецкое, Республика Бурятия;03:8:2
Удинское, Верхне-Талецкое, Республика Бурятия;03:8:3
Хандагайское, Верхне-Талецкое, Республика Бурятия;03:8:4
Багдаринское, Витимское, Республика Бурятия;03:9:1
Баунтовское, Витимское, Республика Бурятия;03:9:2
Варваринское, Витимское, Республика Бурятия;03:9:3
Монгойское, Витимское, Республика Бурятия;03:9:4
Нижнеципское, Витимское, Республика Бурятия;03:9:5
Уакитское, Витимское, Республика Бурятия;03:9:6
Барагашское, Шебалинское, Республика Алтай;04:10:1
Чергинское, Шебалинское, Республика Алтай;04:10:2
Шебалинское, Шебалинское, Республика Алтай;04:10:3
Белинский, ГПЗ Алтайский, Республика Алтай;04:12:1
Чодринский, ГПЗ Алтайский, Республика Алтай;04:12:2
Язулинский, ГПЗ Алтайский, Республика Алтай;04:12:3
Яйлинский, ГПЗ Алтайский, Республика Алтай;04:12:4
Джазаторское, Кош-Агачское, Республика Алтай;04:1:1
Курайское, Кош-Агачское, Республика Алтай;04:1:2
Горно-Алтайское, Майминское, Республика Алтай;04:2:1
Манжерокское, Майминское, Республика Алтай;04:2:2
Ининское, Онгудайское, Республика Алтай;04:3:1
Каракольское, Онгудайское, Республика Алтай;04:3:2
Онгудайское, Онгудайское, Республика Алтай;04:3:3
Теньгинское, Онгудайское, Республика Алтай;04:3:4
Бийкинское, Турочакское, Республика Алтай;04:4:1
Верх-Бийское, Турочакское, Республика Алтай;04:4:2
Иогачское, Турочакское, Республика Алтай;04:4:3
Майское, Турочакское, Республика Алтай;04:4:4
Пыжинское, Турочакское, Республика Алтай;04:4:5
Ушпинское, Турочакское, Республика Алтай;04:4:6
Акташское, Улаганское, Республика Алтай;04:5:1
Улаганское, Улаганское, Республика Алтай;04:5:2
Ануйское, Усть-Канское, Республика Алтай;04:6:1
Усть-Канское, Усть-Канское, Республика Алтай;04:6:2
Ябоганское, Усть-Канское, Республика Алтай;04:6:3
Абайское, Усть-Коксинское, Республика Алтай;04:7:1
Кайтанакское, Усть-Коксинское, Республика Алтай;04:7:2
Мультинское, Усть-Коксинское, Республика Алтай;04:7:3
Семинское, Чемальское, Республика Алтай;04:8:1
Чемальское, Чемальское, Республика Алтай;04:8:2
Эликманарское, Чемальское, Республика Алтай;04:8:3
Паспаульское, Чойское, Республика Алтай;04:9:1
Саракокшинское, Чойское, Республика Алтай;04:9:2
Чойское, Чойское, Республика Алтай;04:9:3
Атай-Батхановское, Кизлярское, Республика Дагестан;05:10:1
Бабаюртовское, Кизлярское, Республика Дагестан;05:10:2
Кизлярское, Кизлярское, Республика Дагестан;05:10:3
Новоромановское, Кизлярское, Республика Дагестан;05:10:4
Магарамкентское, Магарамкентское, Республика Дагестан;05:11:1
Рутульское, Магарамкентское, Республика Дагестан;05:11:2
Кумторкалинское, Махачкалинское, Республика Дагестан;05:12:1
Лесопарковое, Махачкалинское, Республика Дагестан;05:12:2
Махачкалинское, Махачкалинское, Республика Дагестан;05:12:3
Сулакское, Махачкалинское, Республика Дагестан;05:12:4
Ногайское, Ногайское, Республика Дагестан;05:13:1
Червлено-Бурунское, Ногайское, Республика Дагестан;05:13:2
Самурское, Самурское, Республика Дагестан;05:14:1
Левашинское, Сергокалинское, Республика Дагестан;05:15:1
Сергокалинское, Сергокалинское, Республика Дагестан;05:15:2
Хунзахское, Советское, Республика Дагестан;05:16:1
Шамильское, Советское, Республика Дагестан;05:16:2
Дюбекское, Табасаранское, Республика Дагестан;05:17:1
Сыртычское, Табасаранское, Республика Дагестан;05:17:2
Хурикское, Табасаранское, Республика Дагестан;05:17:3
Анцухское, Тляратинское, Республика Дагестан;05:18:1
Хадияльское, Тляратинское, Республика Дагестан;05:18:2
Андреаульское, Хасавюртовское, Республика Дагестан;05:19:1
Кизилюртовское, Хасавюртовское, Республика Дагестан;05:19:2
Хасавюртовское, Хасавюртовское, Республика Дагестан;05:19:3
Ахвахское, Ботлихское, Республика Дагестан;05:1:1
Ботлихское, Ботлихское, Республика Дагестан;05:1:2
Гумбетовское, Ботлихское, Республика Дагестан;05:1:3
Хивское, Хивское, Республика Дагестан;05:20:1
Инхокваринское, Цумадинское, Республика Дагестан;05:21:1
Метрадинское, Цумадинское, Республика Дагестан;05:21:2
Цумадинское, Цумадинское, Республика Дагестан;05:21:3
Бежтинское, Цунтинское, Республика Дагестан;05:22:1
Междуреченское, Цунтинское, Республика Дагестан;05:22:2
Тлядальское, Цунтинское, Республика Дагестан;05:22:3
Шауринское, Цунтинское, Республика Дагестан;05:22:4
Буйнакское, Буйнакское, Республика Дагестан;05:2:1
Ишкартинское, Буйнакское, Республика Дагестан;05:2:2
Казанищенское, Буйнакское, Республика Дагестан;05:2:3
Гергебильское, Гунибское, Республика Дагестан;05:3:1
Гунибское, Гунибское, Республика Дагестан;05:3:2
Унцукульское, Гунибское, Республика Дагестан;05:3:3
Чародинское, Гунибское, Республика Дагестан;05:3:4
Белиджинское, Дербентское, Республика Дагестан;05:4:1
Дербентское, Дербентское, Республика Дагестан;05:4:2
Мамедкалинское, Дербентское, Республика Дагестан;05:4:3
Казбековское, Казбековское, Республика Дагестан;05:5:1
Дахадаевское, Кайтагское, Республика Дагестан;05:6:1
Кайтагское, Кайтагское, Республика Дагестан;05:6:2
Губденское, Карабудахкентское, Республика Дагестан;05:7:1
Карабудахкентское, Карабудахкентское, Республика Дагестан;05:7:2
Касумкентское, Касумкентское, Республика Дагестан;05:8:1
Курахское, Касумкентское, Республика Дагестан;05:8:2
Каякентское, Каякентское, Республика Дагестан;05:9:1
Али-Юртовское, Назрановское, Республика Ингушетия;06:1:1
Карабулакское, Назрановское, Республика Ингушетия;06:1:2
Малгобекское, Назрановское, Республика Ингушетия;06:1:3
Ново-Редантское, Назрановское, Республика Ингушетия;06:1:4
Алкунское, Сунженское, Республика Ингушетия;06:2:1
Армхинское, Сунженское, Республика Ингушетия;06:2:2
Галашкинское, Сунженское, Республика Ингушетия;06:2:3
Мужичинское, Сунженское, Республика Ингушетия;06:2:4
Нестеровское, Сунженское, Республика Ингушетия;06:2:5
Таргимское, Сунженское, Республика Ингушетия;06:2:6
Чемульгинское, Сунженское, Республика Ингушетия;06:2:7
Баксанское, Баксанское, Кабардино-Балкарская Республика;07:1:1
Заюковское, Баксанское, Кабардино-Балкарская Республика;07:1:2
Зольское, Зольское, Кабардино-Балкарская Республика;07:2:1
Малкинское, Зольское, Кабардино-Балкарская Республика;07:2:2
Аргуданское, Лескенское, Кабардино-Балкарская Республика;07:3:1
Верхне-Лескенское, Лескенское, Кабардино-Балкарская Республика;07:3:2
Старо-Лескенское, Лескенское, Кабардино-Балкарская Республика;07:3:3
Черно-Реченское, Лескенское, Кабардино-Балкарская Республика;07:3:4
Майское, Майское, Кабардино-Балкарская Республика;07:4:1
Прохладненское, Майское, Кабардино-Балкарская Республика;07:4:2
Солдатское, Майское, Кабардино-Балкарская Республика;07:4:3
Белореченское, Нальчикское, Кабардино-Балкарская Республика;07:5:1
Вольно-Аульское, Нальчикское, Кабардино-Балкарская Республика;07:5:2
Каменское, Нальчикское, Кабардино-Балкарская Республика;07:5:3
Кенженское, Нальчикское, Кабардино-Балкарская Республика;07:5:4
Урванское, Нальчикское, Кабардино-Балкарская Республика;07:5:5
Терское, Терское, Кабардино-Балкарская Республика;07:6:1
Урожайненское, Терское, Кабардино-Балкарская Республика;07:6:2
Лечинкаевское, Чегемское, Кабардино-Балкарская Республика;07:7:1
Нижне-Чегемское, Чегемское, Кабардино-Балкарская Республика;07:7:2
Чегемское, Чегемское, Кабардино-Балкарская Республика;07:7:3
Герпегежское, Черекское, Кабардино-Балкарская Республика;07:8:1
Жемталинское, Черекское, Кабардино-Балкарская Республика;07:8:2
Суканское, Черекское, Кабардино-Балкарская Республика;07:8:3
Черекское, Черекское, Кабардино-Балкарская Республика;07:8:4
Герхожанское, Эльбрусское, Кабардино-Балкарская Республика;07:9:1
Лашкутинское, Эльбрусское, Кабардино-Балкарская Республика;07:9:2
Башантинское, Башантинское, Республика Калмыкия;08:1:1
Комсомольское, Башантинское, Республика Калмыкия;08:1:2
Яшалтинское, Башантинское, Республика Калмыкия;08:1:3
Годжурское, Ергенинское, Республика Калмыкия;08:2:1
Обиленское, Ергенинское, Республика Калмыкия;08:2:2
Садовское, Ергенинское, Республика Калмыкия;08:2:3
Сарпинское, Ергенинское, Республика Калмыкия;08:2:4
Сухотинское, Ергенинское, Республика Калмыкия;08:2:5
Джалыковское, Каспийское, Республика Калмыкия;08:3:1
Каспийское, Каспийское, Республика Калмыкия;08:3:2
Комсомольское, Каспийское, Республика Калмыкия;08:3:3
Прикумское, Каспийское, Республика Калмыкия;08:3:4
Цаган-Аманское, Каспийское, Республика Калмыкия;08:3:5
Черноземельское, Каспийское, Республика Калмыкия;08:3:6
Большецарынское, Октябрьское, Республика Калмыкия;08:4:1
Малодербетовское, Октябрьское, Республика Калмыкия;08:4:2
Плодовитенское, Октябрьское, Республика Калмыкия;08:4:3
Красное, Элистинское, Республика Калмыкия;08:5:1
Троицкое, Элистинское, Республика Калмыкия;08:5:2
Элистинское, Элистинское, Республика Калмыкия;08:5:3
Яшкульское, Элистинское, Республика Калмыкия;08:5:4
Бескесское, Бескесское, Карачаево-Черкесская Республика;09:1:1
Больше-Лабинское, Бескесское, Карачаево-Черкесская Республика;09:1:2
Пхиинское, Бескесское, Карачаево-Черкесская Республика;09:1:3
Точеновское, Бескесское, Карачаево-Черкесская Республика;09:1:4
Аксаутское, Зеленчукское, Карачаево-Черкесская Республика;09:2:1
Архызское, Зеленчукское, Карачаево-Черкесская Республика;09:2:2
Ермоловское, Зеленчукское, Карачаево-Черкесская Республика;09:2:3
Зеленчукское, Зеленчукское, Карачаево-Черкесская Республика;09:2:4
Кардоникское, Зеленчукское, Карачаево-Черкесская Республика;09:2:5
Марухское, Зеленчукское, Карачаево-Черкесская Республика;09:2:6
Карачаевское, Карачаевское, Карачаево-Черкесская Республика;09:3:1
Кубанское, Карачаевское, Карачаево-Черкесская Республика;09:3:2
Тебердинское, Карачаевское, Карачаево-Черкесская Республика;09:3:3
Учкуланское, Карачаевское, Карачаево-Черкесская Республика;09:3:4
Худесское, Карачаевское, Карачаево-Черкесская Республика;09:3:5
Джегутинское, Кубанское, Карачаево-Черкесская Республика;09:4:1
Красногорское, Кубанское, Карачаево-Черкесская Республика;09:4:2
Пригородное, Кубанское, Карачаево-Черкесская Республика;09:4:3
Учкекенское, Кубанское, Карачаево-Черкесская Республика;09:4:4
Хабезское, Кубанское, Карачаево-Черкесская Республика;09:4:5
Холодно-Родниковское, Кубанское, Карачаево-Черкесская Республика;09:4:6
Агурское, Урупское, Карачаево-Черкесская Республика;09:5:1
Исправненское, Урупское, Карачаево-Черкесская Республика;09:5:2
Куньшанское, Урупское, Карачаево-Черкесская Республика;09:5:3
Пантелеймоновское, Урупское, Карачаево-Черкесская Республика;09:5:4
Преградненское, Урупское, Карачаево-Черкесская Республика;09:5:5
Сторожевское, Урупское, Карачаево-Черкесская Республика;09:5:6
Урупское, Урупское, Карачаево-Черкесская Республика;09:5:7
Верхне-Олонецкое, Олонецкое, Республика Карелия;10:10:1
Видлицкое, Олонецкое, Республика Карелия;10:10:2
Коткозерское, Олонецкое, Республика Карелия;10:10:3
Кукшегорское, Олонецкое, Республика Карелия;10:10:4
Мегрозерское, Олонецкое, Республика Карелия;10:10:5
Михайловское, Олонецкое, Республика Карелия;10:10:6
Обжанское, Олонецкое, Республика Карелия;10:10:7
Олонецкое, Олонецкое, Республика Карелия;10:10:8
Тулокское, Олонецкое, Республика Карелия;10:10:9
Импилахтинское, Питкярантское, Республика Карелия;10:11:1
Кивиойское, Питкярантское, Республика Карелия;10:11:2
Ляскельское, Питкярантское, Республика Карелия;10:11:3
Питкярантское, Питкярантское, Республика Карелия;10:11:4
Салминское, Питкярантское, Республика Карелия;10:11:5
Тулемское, Питкярантское, Республика Карелия;10:11:6
Деревянское, Прионежское, Республика Карелия;10:12:1
Рыборецкое, Прионежское, Республика Карелия;10:12:10
Шелтозерское, Прионежское, Республика Карелия;10:12:11
Шокшинское, Прионежское, Республика Карелия;10:12:12
Шуйское, Прионежское, Республика Карелия;10:12:13
Ладва-Веткинское, Прионежское, Республика Карелия;10:12:2
Ладвинское, Прионежское, Республика Карелия;10:12:3
Лососинское, Прионежское, Республика Карелия;10:12:4
Машезерское, Прионежское, Республика Карелия;10:12:5
Пайское, Прионежское, Республика Карелия;10:12:6
Педасельгское, Прионежское, Республика Карелия;10:12:7
Петрозаводское, Прионежское, Республика Карелия;10:12:8
Пригородное, Прионежское, Республика Карелия;10:12:9
Важинское, Пряжинское, Республика Карелия;10:13:1
Пряжинское, Пряжинское, Республика Карелия;10:13:10
Святозерское, Пряжинское, Республика Карелия;10:13:11
Соддерское, Пряжинское, Республика Карелия;10:13:12
Сяпсинское, Пряжинское, Республика Карелия;10:13:13
Южно-Святозерское, Пряжинское, Республика Карелия;10:13:14
Ведлозерское, Пряжинское, Республика Карелия;10:13:2
Виданское, Пряжинское, Республика Карелия;10:13:3
Кашканское, Пряжинское, Республика Карелия;10:13:4
Кинелахтинское, Пряжинское, Республика Карелия;10:13:5
Койвусельгское, Пряжинское, Республика Карелия;10:13:6
Крошнозерское, Пряжинское, Республика Карелия;10:13:7
Нялмозерское, Пряжинское, Республика Карелия;10:13:8
Паннильское, Пряжинское, Республика Карелия;10:13:9
Авдеевское, Пудожское, Республика Карелия;10:14:1
Римское, Пудожское, Республика Карелия;10:14:10
Шальское, Пудожское, Республика Карелия;10:14:11
Янгозерское, Пудожское, Республика Карелия;10:14:12
Водлинское, Пудожское, Республика Карелия;10:14:2
Гакугское, Пудожское, Республика Карелия;10:14:3
Коловское, Пудожское, Республика Карелия;10:14:4
Кривецкое, Пудожское, Республика Карелия;10:14:5
Кубовское, Пудожское, Республика Карелия;10:14:6
Пудожское, Пудожское, Республика Карелия;10:14:7
Пяльмское, Пудожское, Республика Карелия;10:14:8
Рагнукское, Пудожское, Республика Карелия;10:14:9
Выгозерское, Сегежское, Республика Карелия;10:15:1
Кучозерское, Сегежское, Республика Карелия;10:15:2
Надвоицкое, Сегежское, Республика Карелия;10:15:3
Попов-Порожское, Сегежское, Республика Карелия;10:15:4
Сегежское, Сегежское, Республика Карелия;10:15:5
Валаамское, Сортавальское, Республика Карелия;10:16:1
Ладожское, Сортавальское, Республика Карелия;10:16:2
Пуйккольское, Сортавальское, Республика Карелия;10:16:3
Рускеальское, Сортавальское, Республика Карелия;10:16:4
Сортавальское, Сортавальское, Республика Карелия;10:16:5
Хелюльское, Сортавальское, Республика Карелия;10:16:6
Вегарусское, Суоярвское, Республика Карелия;10:17:1
Райконкосское, Суоярвское, Республика Карелия;10:17:10
Салмиярвское, Суоярвское, Республика Карелия;10:17:11
Суйстамское, Суоярвское, Республика Карелия;10:17:12
Суоярвское, Суоярвское, Республика Карелия;10:17:13
Толвоярвское, Суоярвское, Республика Карелия;10:17:14
Хаутаваарское, Суоярвское, Республика Карелия;10:17:15
Южно-Селегское, Суоярвское, Республика Карелия;10:17:16
Вешкельское, Суоярвское, Республика Карелия;10:17:2
Клюшиногорское, Суоярвское, Республика Карелия;10:17:3
Куолисмское, Суоярвское, Республика Карелия;10:17:4
Кяснясельгское, Суоярвское, Республика Карелия;10:17:5
Лахколамбинское, Суоярвское, Республика Карелия;10:17:6
Найстеньярвское, Суоярвское, Республика Карелия;10:17:7
Пийтсиекское, Суоярвское, Республика Карелия;10:17:8
Поросозерское, Суоярвское, Республика Карелия;10:17:9
Беломорское, Беломорское, Республика Карелия;10:1:1
Шуерецкое, Беломорское, Республика Карелия;10:1:10
Кевятозерское, Беломорское, Республика Карелия;10:1:11
Пертозерское, Беломорское, Республика Карелия;10:1:12
Колежемское, Беломорское, Республика Карелия;10:1:13
Воренжское, Беломорское, Республика Карелия;10:1:14
Маленгское, Беломорское, Республика Карелия;10:1:15
Вирандозерское, Беломорское, Республика Карелия;10:1:2
Летнинское, Беломорское, Республика Карелия;10:1:3
Лехтинское, Беломорское, Республика Карелия;10:1:4
Ноттоваракское, Беломорское, Республика Карелия;10:1:5
Охтинское, Беломорское, Республика Карелия;10:1:6
Сумское, Беломорское, Республика Карелия;10:1:7
Тунгудское, Беломорское, Республика Карелия;10:1:8
Хвойное, Беломорское, Республика Карелия;10:1:9
Боровское, Калевальское, Республика Карелия;10:2:1
Войницкое, Калевальское, Республика Карелия;10:2:2
Кепское, Калевальское, Республика Карелия;10:2:3
Лахнозерское, Калевальское, Республика Карелия;10:2:4
Луусальмское, Калевальское, Республика Карелия;10:2:5
Пизьмагубское, Калевальское, Республика Карелия;10:2:6
Тихтозерское, Калевальское, Республика Карелия;10:2:7
Ухтинское, Калевальское, Республика Карелия;10:2:8
Юшкозерское, Калевальское, Республика Карелия;10:2:9
Авнепорожское, Кемское, Республика Карелия;10:3:1
Кемское, Кемское, Республика Карелия;10:3:2
Куземское, Кемское, Республика Карелия;10:3:3
Панозерское, Кемское, Республика Карелия;10:3:4
Поньгомское, Кемское, Республика Карелия;10:3:5
Без деления на участковые лесничества, Петрозаводское городское, Республика Карелия;10:41:00
Гирвасское, Кондопожское, Республика Карелия;10:4:1
Кондопожское, Кондопожское, Республика Карелия;10:4:2
Кончезерское, Кондопожское, Республика Карелия;10:4:3
Кяппесельгское, Кондопожское, Республика Карелия;10:4:4
Марциальное, Кондопожское, Республика Карелия;10:4:5
Нелгомозерское, Кондопожское, Республика Карелия;10:4:6
Сандальское, Кондопожское, Республика Карелия;10:4:7
Юркостровское, Кондопожское, Республика Карелия;10:4:8
Вокнаволокское, Костомукшское, Республика Карелия;10:5:1
Костомукшское, Костомукшское, Республика Карелия;10:5:2
Ладвозерское, Костомукшское, Республика Карелия;10:5:3
Ихальское, Лахденпохское, Республика Карелия;10:6:1
Куркиекское, Лахденпохское, Республика Карелия;10:6:2
Лахденпохское, Лахденпохское, Республика Карелия;10:6:3
Хийтольское, Лахденпохское, Республика Карелия;10:6:4
Элисенваарское, Лахденпохское, Республика Карелия;10:6:5
Яккимское, Лахденпохское, Республика Карелия;10:6:6
Амбарское, Лоухское, Республика Карелия;10:7:1
Лоухское, Лоухское, Республика Карелия;10:7:2
Пяозерское, Лоухское, Республика Карелия;10:7:3
Рувозерское, Лоухское, Республика Карелия;10:7:4
Тикшеозерское, Лоухское, Республика Карелия;10:7:5
Чупинское, Лоухское, Республика Карелия;10:7:6
Энгозерское, Лоухское, Республика Карелия;10:7:7
Великогубское, Медвежьегорское, Республика Карелия;10:8:1
Северное, Медвежьегорское, Республика Карелия;10:8:10
Селегское, Медвежьегорское, Республика Карелия;10:8:11
Сергиевское, Медвежьегорское, Республика Карелия;10:8:12
Чебинское, Медвежьегорское, Республика Карелия;10:8:13
Челмужское, Медвежьегорское, Республика Карелия;10:8:14
Шалговаарское, Медвежьегорское, Республика Карелия;10:8:15
Юккогубское, Медвежьегорское, Республика Карелия;10:8:16
Великонивское, Медвежьегорское, Республика Карелия;10:8:2
Даниловское, Медвежьегорское, Республика Карелия;10:8:3
Кумсинское, Медвежьегорское, Республика Карелия;10:8:4
Лобское, Медвежьегорское, Республика Карелия;10:8:5
Маслозерское, Медвежьегорское, Республика Карелия;10:8:6
Медвежьегорское, Медвежьегорское, Республика Карелия;10:8:7
Пиндушское, Медвежьегорское, Республика Карелия;10:8:8
Повенецкое, Медвежьегорское, Республика Карелия;10:8:9
Воломское, Муезерское, Республика Карелия;10:9:1
Тикшинское, Муезерское, Республика Карелия;10:9:10
Тулосское, Муезерское, Республика Карелия;10:9:11
Тумбское, Муезерское, Республика Карелия;10:9:12
Кимасозерское, Муезерское, Республика Карелия;10:9:2
Кимоваарское, Муезерское, Республика Карелия;10:9:3
Конец-Островское, Муезерское, Республика Карелия;10:9:4
Лендерское, Муезерское, Республика Карелия;10:9:5
Пенингское, Муезерское, Республика Карелия;10:9:6
Ребольское, Муезерское, Республика Карелия;10:9:7
Ругозерское, Муезерское, Республика Карелия;10:9:8
Суккозерское, Муезерское, Республика Карелия;10:9:9
Веселовское, Корткеросское, Республика Коми;11:10:1
Корткеросское, Корткеросское, Республика Коми;11:10:2
Маджское, Корткеросское, Республика Коми;11:10:3
Пезмегское, Корткеросское, Республика Коми;11:10:4
Позтыкересское, Корткеросское, Республика Коми;11:10:5
Усть-Локчимское, Корткеросское, Республика Коми;11:10:6
Верхолузское, Летское, Республика Коми;11:11:1
Летское, Летское, Республика Коми;11:11:2
Ловлинское, Летское, Республика Коми;11:11:3
Мутницкое, Летское, Республика Коми;11:11:4
Слудское, Летское, Республика Коми;11:11:5
Тылайское, Летское, Республика Коми;11:11:6
Лопыдинское, Локчимское, Республика Коми;11:12:1
Мординское, Локчимское, Республика Коми;11:12:2
Намское, Локчимское, Республика Коми;11:12:3
Четдинское, Локчимское, Республика Коми;11:12:4
Верхневашкинское, Междуреченское, Республика Коми;11:13:1
Вожское, Междуреченское, Республика Коми;11:13:2
Едвинское, Междуреченское, Республика Коми;11:13:3
Мозындорское, Междуреченское, Республика Коми;11:13:4
Селэгвожское, Междуреченское, Республика Коми;11:13:5
Верхневымское, Мещурское, Республика Коми;11:14:1
Ветьюнское, Мещурское, Республика Коми;11:14:2
Мещурское, Мещурское, Республика Коми;11:14:3
Турьинское, Мещурское, Республика Коми;11:14:4
Большелягское, Печоро-Илычское, Республика Коми;11:15:1
Еремеевское, Печоро-Илычское, Республика Коми;11:15:2
Пальюсское, Печоро-Илычское, Республика Коми;11:15:3
Приуральское, Печоро-Илычское, Республика Коми;11:15:4
Усть-Илычское, Печоро-Илычское, Республика Коми;11:15:5
Интинское, Печорское, Республика Коми;11:16:1
Канинское, Печорское, Республика Коми;11:16:2
Конецборское, Печорское, Республика Коми;11:16:3
Левобережное, Печорское, Республика Коми;11:16:4
Сынинское, Печорское, Республика Коми;11:16:5
Великопольское, Помоздинское, Республика Коми;11:17:1
Вольдинское, Помоздинское, Республика Коми;11:17:2
Вольское, Помоздинское, Республика Коми;11:17:3
Пожегодское, Помоздинское, Республика Коми;11:17:4
Помоздинское, Помоздинское, Республика Коми;11:17:5
Пузлинское, Помоздинское, Республика Коми;11:17:6
Занульское, Прилузское, Республика Коми;11:18:1
Лоемское, Прилузское, Республика Коми;11:18:2
Лопьинское, Прилузское, Республика Коми;11:18:3
Матяшское, Прилузское, Республика Коми;11:18:4
Ношульское, Прилузское, Республика Коми;11:18:5
Объячевское, Прилузское, Республика Коми;11:18:6
Спаспорубское, Прилузское, Республика Коми;11:18:7
Вочевское, Пруптское, Республика Коми;11:19:1
Климовское, Пруптское, Республика Коми;11:19:2
Крутоборское, Пруптское, Республика Коми;11:19:3
Нюмыдское, Пруптское, Республика Коми;11:19:4
Айкинское, Айкинское, Республика Коми;11:1:1
Вежайское, Айкинское, Республика Коми;11:1:2
Жешартское, Айкинское, Республика Коми;11:1:3
Мадмасское, Айкинское, Республика Коми;11:1:4
Микуньское, Айкинское, Республика Коми;11:1:5
Семуковское, Айкинское, Республика Коми;11:1:6
Айювинское, Сосногорское, Республика Коми;11:20:1
Висское, Сосногорское, Республика Коми;11:20:2
Войвожское, Сосногорское, Республика Коми;11:20:3
Ираельское, Сосногорское, Республика Коми;11:20:4
Конашъельское, Сосногорское, Республика Коми;11:20:5
Малоперское, Сосногорское, Республика Коми;11:20:6
Нижнеодесское, Сосногорское, Республика Коми;11:20:7
Пожнинское, Сосногорское, Республика Коми;11:20:8
Усть-Ухтинское, Сосногорское, Республика Коми;11:20:9
Богородское, Сторожевское, Республика Коми;11:21:1
Кересское, Сторожевское, Республика Коми;11:21:2
Нившерское, Сторожевское, Республика Коми;11:21:3
Подъельское, Сторожевское, Республика Коми;11:21:4
Сторожевское, Сторожевское, Республика Коми;11:21:5
Сывъюдорское, Сторожевское, Республика Коми;11:21:6
Пажгинское, Сыктывдинское, Республика Коми;11:22:1
Слудское, Сыктывдинское, Республика Коми;11:22:2
Часовское, Сыктывдинское, Республика Коми;11:22:3
Шыладорское, Сыктывдинское, Республика Коми;11:22:4
Ыбское, Сыктывдинское, Республика Коми;11:22:5
Яснэгское, Сыктывдинское, Республика Коми;11:22:6
Выльгортское, Сыктывкарское, Республика Коми;11:23:1
Краснозатонское, Сыктывкарское, Республика Коми;11:23:2
Нювчимское, Сыктывкарское, Республика Коми;11:23:3
Сыктывкарское, Сыктывкарское, Республика Коми;11:23:4
Трехозерное, Сыктывкарское, Республика Коми;11:23:5
Эжвинское, Сыктывкарское, Республика Коми;11:23:6
Визингское, Сысольское, Республика Коми;11:24:1
Заозерское, Сысольское, Республика Коми;11:24:2
Исаневское, Сысольское, Республика Коми;11:24:3
Копсинское, Сысольское, Республика Коми;11:24:4
Куратовское, Сысольское, Республика Коми;11:24:5
Пыелдинское, Сысольское, Республика Коми;11:24:6
Чухлэмское, Сысольское, Республика Коми;11:24:7
Белоборское, Троицко-Печорское, Республика Коми;11:25:1
Митрофановское, Троицко-Печорское, Республика Коми;11:25:2
Нижнеомринское, Троицко-Печорское, Республика Коми;11:25:3
Русановское, Троицко-Печорское, Республика Коми;11:25:4
Троицко-Печорское, Троицко-Печорское, Республика Коми;11:25:5
Бутканское, Удорское, Республика Коми;11:26:1
Верхнемезенское, Удорское, Республика Коми;11:26:2
Глотовское, Удорское, Республика Коми;11:26:3
Косланское, Удорское, Республика Коми;11:26:4
Пысское, Удорское, Республика Коми;11:26:5
Сельыбское, Удорское, Республика Коми;11:26:6
Мутноматерикское, Усинское, Республика Коми;11:27:1
Усинское, Усинское, Республика Коми;11:27:2
Усть-Усинское, Усинское, Республика Коми;11:27:3
Деревянское, Усть-Куломское, Республика Коми;11:28:1
Керчомское, Усть-Куломское, Республика Коми;11:28:2
Кужбинское, Усть-Куломское, Республика Коми;11:28:3
Озъягское, Усть-Куломское, Республика Коми;11:28:4
Усть-Куломское, Усть-Куломское, Республика Коми;11:28:5
Мылвинское, Усть-Немское, Республика Коми;11:29:1
Немское, Усть-Немское, Республика Коми;11:29:2
Смолянское, Усть-Немское, Республика Коми;11:29:3
Тимшерское, Усть-Немское, Республика Коми;11:29:4
Усть-Немское, Усть-Немское, Республика Коми;11:29:5
Шэръягское, Усть-Немское, Республика Коми;11:29:6
Вуктыльское, Вуктыльское, Республика Коми;11:2:1
Дутовское, Вуктыльское, Республика Коми;11:2:2
Лемтское, Вуктыльское, Республика Коми;11:2:3
Подчерское, Вуктыльское, Республика Коми;11:2:4
Усть-Войское, Вуктыльское, Республика Коми;11:2:5
Шердинское, Вуктыльское, Республика Коми;11:2:6
Щугерское, Вуктыльское, Республика Коми;11:2:7
Бугаевское, Усть-Цилемское, Республика Коми;11:30:1
Пижемское, Усть-Цилемское, Республика Коми;11:30:2
Усть-Цилемское, Усть-Цилемское, Республика Коми;11:30:3
Боровское, Ухтинское, Республика Коми;11:31:1
Городское, Ухтинское, Республика Коми;11:31:2
Изваильское, Ухтинское, Республика Коми;11:31:3
Кедвинское, Ухтинское, Республика Коми;11:31:4
Сюзьюнское, Ухтинское, Республика Коми;11:31:5
Тобысьское, Ухтинское, Республика Коми;11:31:6
Ухтинское, Ухтинское, Республика Коми;11:31:7
Учебно-опытное, Ухтинское, Республика Коми;11:31:8
Зареченское, Чернамское, Республика Коми;11:32:1
Усть-Вымское, Чернамское, Республика Коми;11:32:2
Часовское, Чернамское, Республика Коми;11:32:3
Благоевское, Ертомское, Республика Коми;11:3:1
Важгортское, Ертомское, Республика Коми;11:3:2
Ертомское, Ертомское, Республика Коми;11:3:3
Пучкомское, Ертомское, Республика Коми;11:3:4
Солнечное, Ертомское, Республика Коми;11:3:5
Усть-Вачергское, Ертомское, Республика Коми;11:3:6
Чимское, Ертомское, Республика Коми;11:3:7
Чупровское, Ертомское, Республика Коми;11:3:8
Печорский городской, Печорский городской, Республика Коми;11:47:1
Вожаельское, Железнодорожное, Республика Коми;11:4:1
Княжпогостское, Железнодорожное, Республика Коми;11:4:2
Кылтовское, Железнодорожное, Республика Коми;11:4:3
Ропчинское, Железнодорожное, Республика Коми;11:4:4
Сереговское, Железнодорожное, Республика Коми;11:4:5
Синдорское, Железнодорожное, Республика Коми;11:4:6
Трактовское, Железнодорожное, Республика Коми;11:4:7
Чиньяворыкское, Железнодорожное, Республика Коми;11:4:8
Чубское, Железнодорожное, Республика Коми;11:4:9
Без деления на участковые лесничества, Сыктывкарское городское лесничество, Республика Коми;11:55:00
Ижемское, Ижемское, Республика Коми;11:5:1
Мощъюгское, Ижемское, Республика Коми;11:5:2
Щельяюрское, Ижемское, Республика Коми;11:5:3
Березовское, Каджеромское, Республика Коми;11:6:1
Зеленоборское, Каджеромское, Республика Коми;11:6:2
Каджеромское, Каджеромское, Республика Коми;11:6:3
Таловское, Каджеромское, Республика Коми;11:6:4
Чикшинское, Каджеромское, Республика Коми;11:6:5
Кажымское, Кажимское, Республика Коми;11:7:1
Комское, Кажимское, Республика Коми;11:7:2
Нючпасское, Кажимское, Республика Коми;11:7:3
Туруньинское, Кажимское, Республика Коми;11:7:4
Гривенское, Койгородское, Республика Коми;11:8:1
Кобринское, Койгородское, Республика Коми;11:8:2
Койгородское, Койгородское, Республика Коми;11:8:3
Палаузское, Койгородское, Республика Коми;11:8:4
Ужгинское, Койгородское, Республика Коми;11:8:5
Верхнепечорское, Комсомольское, Республика Коми;11:9:1
Знаменское, Комсомольское, Республика Коми;11:9:2
Комсомольское, Комсомольское, Республика Коми;11:9:3
Курьинское, Комсомольское, Республика Коми;11:9:4
Якшинское, Комсомольское, Республика Коми;11:9:5
Зеленогорское, Моркинское, Республика Марий Эл;12:10:1
Комсомольское, Моркинское, Республика Марий Эл;12:10:2
Семисолинское, Моркинское, Республика Марий Эл;12:10:3
Тайганурское, Моркинское, Республика Марий Эл;12:10:4
Уньжинское, Моркинское, Республика Марий Эл;12:10:5
Новоторъяльское, Новоторъяльское, Республика Марий Эл;12:11:1
Шулкинское, Оршанское, Республика Марий Эл;12:12:1
Илетское, Параньгинское, Республика Марий Эл;12:13:1
Азяковское, Пригородное, Республика Марий Эл;12:14:1
Краснооктябрьское, Пригородное, Республика Марий Эл;12:14:2
Люльпанское, Пригородное, Республика Марий Эл;12:14:3
Старожильское, Пригородное, Республика Марий Эл;12:14:4
Ардинское, Руткинское, Республика Марий Эл;12:15:1
Козьмодемьянское, Руткинское, Республика Марий Эл;12:15:2
Шарское, Руткинское, Республика Марий Эл;12:15:3
Бушковское, Сернурское, Республика Марий Эл;12:16:1
Ронгинское, Советское, Республика Марий Эл;12:17:1
Абросимовское, Юринское, Республика Марий Эл;12:18:1
Дорогучинское, Юринское, Республика Марий Эл;12:18:2
Кузьминское, Юринское, Республика Марий Эл;12:18:3
Юркинское, Юринское, Республика Марий Эл;12:18:4
Сотнурское, Алексеевское, Республика Марий Эл;12:1:1
Кленовогорское, НП Марий Чодра, Республика Марий Эл;12:20:1
Яльчинское, НП Марий Чодра, Республика Марий Эл;12:20:2
Керебелякское, НП Марий Чодра, Республика Марий Эл;12:20:3
Лушмарское, НП Марий Чодра, Республика Марий Эл;12:20:4
Визимьярское, Волжское, Республика Марий Эл;12:2:1
Дубовское, Волжское, Республика Марий Эл;12:2:2
Красномостовское, Волжское, Республика Марий Эл;12:2:3
Куплонгское, Волжское, Республика Марий Эл;12:2:4
Волжское, Звениговское, Республика Марий Эл;12:3:1
Нуктужское, Звениговское, Республика Марий Эл;12:3:2
Суслонгерское, Звениговское, Республика Марий Эл;12:3:3
Килемарское, Килемарское, Республика Марий Эл;12:4:1
Кумьинское, Килемарское, Республика Марий Эл;12:4:2
Кундышское, Килемарское, Республика Марий Эл;12:4:3
Нежнурское, Килемарское, Республика Марий Эл;12:4:4
Удюрминское, Килемарское, Республика Марий Эл;12:4:5
Таирское, Кокшайское, Республика Марий Эл;12:5:1
Уржумское, Кокшайское, Республика Марий Эл;12:5:2
Черноозерское, Кокшайское, Республика Марий Эл;12:5:3
Шуйское, Кокшайское, Республика Марий Эл;12:5:4
Шойское, Куженерское, Республика Марий Эл;12:6:1
Куженерское, Куженерское, Республика Марий Эл;12:6:2
Красностекловарское, Кужерское, Республика Марий Эл;12:7:1
Кужерское, Кужерское, Республика Марий Эл;12:7:2
Чодраяльское, Кужерское, Республика Марий Эл;12:7:3
Куярское, Куярское, Республика Марий Эл;12:8:1
Сурокское, Куярское, Республика Марий Эл;12:8:2
Устье-Кундышское, Куярское, Республика Марий Эл;12:8:3
Учебно-опытное, Куярское, Республика Марий Эл;12:8:4
Сендинское, Мари-Турекское, Республика Марий Эл;12:9:1
Ямбаторское, Мари-Турекское, Республика Марий Эл;12:9:2
Ардатовское, Ардатовское территориальное, Республика Мордовия;13:1:1
Атяшевское, Ардатовское территориальное, Республика Мордовия;13:1:2
Большеигнатовское, Ардатовское территориальное, Республика Мордовия;13:1:3
Заводское, Ардатовское территориальное, Республика Мордовия;13:1:4
Березниковское, Березниковское территориальное, Республика Мордовия;13:2:1
Дубенское, Березниковское территориальное, Республика Мордовия;13:2:2
Николаевское, Березниковское территориальное, Республика Мордовия;13:2:3
Чамзинское, Березниковское территориальное, Республика Мордовия;13:2:4
Атюрьевское, Виндрейское территориальное, Республика Мордовия;13:3:1
Быстрищенское, Виндрейское территориальное, Республика Мордовия;13:3:2
Виндрейское, Виндрейское территориальное, Республика Мордовия;13:3:3
Парцинское, Виндрейское территориальное, Республика Мордовия;13:3:4
Вышинское, Вышинское территориальное, Республика Мордовия;13:4:1
Известковское, Вышинское территориальное, Республика Мордовия;13:4:2
Ширингушское, Вышинское территориальное, Республика Мордовия;13:4:3
Анаевское, Зубовское территориальное, Республика Мордовия;13:5:1
Зубовское, Зубовское территориальное, Республика Мордовия;13:5:2
Комсомольское, Зубовское территориальное, Республика Мордовия;13:5:3
Тепло-Станское, Зубовское территориальное, Республика Мордовия;13:5:4
Инсарское, Ковылкинское территориальное, Республика Мордовия;13:6:1
Ковылкинское, Ковылкинское территориальное, Республика Мордовия;13:6:2
Первомайское, Ковылкинское территориальное, Республика Мордовия;13:6:3
Пушкинское, Ковылкинское территориальное, Республика Мордовия;13:6:4
Ельниковское, Краснослободское территориальное, Республика Мордовия;13:7:1
Краснослободское, Краснослободское территориальное, Республика Мордовия;13:7:2
Октябрьское, Краснослободское территориальное, Республика Мордовия;13:7:3
Пурдошанское, Краснослободское территориальное, Республика Мордовия;13:7:4
Кочкуровское, Саранское территориальное, Республика Мордовия;13:8:1
Саранское, Саранское территориальное, Республика Мордовия;13:8:2
Старошайговское, Саранское территориальное, Республика Мордовия;13:8:3
Шишкеевское, Саранское территориальное, Республика Мордовия;13:8:4
Барашевское, Темниковское территориальное, Республика Мордовия;13:9:1
Кочемировское, Темниковское территориальное, Республика Мордовия;13:9:2
Темниковское, Темниковское территориальное, Республика Мордовия;13:9:3
Теньгушевское, Темниковское территориальное, Республика Мордовия;13:9:4
Харинское, Темниковское территориальное, Республика Мордовия;13:9:5
Витимское, Ленское, Республика Саха (Якутия);14:10:1
Городское, Ленское, Республика Саха (Якутия);14:10:2
Нюйское, Ленское, Республика Саха (Якутия);14:10:3
Таежное, Ленское, Республика Саха (Якутия);14:10:4
Хамринское, Ленское, Республика Саха (Якутия);14:10:5
Бестяхское, Мегино-Кангаласское, Республика Саха (Якутия);14:11:1
Майинское, Мегино-Кангаласское, Республика Саха (Якутия);14:11:2
Тюнгюлюнское, Мегино-Кангаласское, Республика Саха (Якутия);14:11:3
Айхальское, Мирнинское, Республика Саха (Якутия);14:12:1
Мирнинское, Мирнинское, Республика Саха (Якутия);14:12:2
Сюльдюкарское, Мирнинское, Республика Саха (Якутия);14:12:3
Чернышевское, Мирнинское, Республика Саха (Якутия);14:12:4
Намское, Намское, Республика Саха (Якутия);14:13:1
Хомустахское, Намское, Республика Саха (Якутия);14:13:2
Золотинское, Нерюнгринское, Республика Саха (Якутия);14:14:1
Нерюнгринское, Нерюнгринское, Республика Саха (Якутия);14:14:2
Ханинское, Нерюнгринское, Республика Саха (Якутия);14:14:3
Хатыминское, Нерюнгринское, Республика Саха (Якутия);14:14:4
Чульманское, Нерюнгринское, Республика Саха (Якутия);14:14:5
Мархинское, Нюрбинское, Республика Саха (Якутия);14:15:1
Нюрбинское, Нюрбинское, Республика Саха (Якутия);14:15:2
Нохтуйское, Олекминское, Республика Саха (Якутия);14:16:1
Олекминское, Олекминское, Республика Саха (Якутия);14:16:2
Токкинское, Олекминское, Республика Саха (Якутия);14:16:3
Торгинское, Олекминское, Республика Саха (Якутия);14:16:4
Урицкое, Олекминское, Республика Саха (Якутия);14:16:5
Чапаевское, Олекминское, Республика Саха (Якутия);14:16:6
Чаринское, Олекминское, Республика Саха (Якутия);14:16:7
Кобяйское, Сангарское, Республика Саха (Якутия);14:17:1
Сангарское, Сангарское, Республика Саха (Якутия);14:17:2
Сунтарское, Сунтарское, Республика Саха (Якутия);14:18:1
Эльгяйское, Сунтарское, Республика Саха (Якутия);14:18:2
Алексеевское, Таттинское, Республика Саха (Якутия);14:19:1
Таттинское, Таттинское, Республика Саха (Якутия);14:19:2
Алданское, Алданское, Республика Саха (Якутия);14:1:1
Васильевское, Алданское, Республика Саха (Якутия);14:1:2
Верхне-Амгинское, Алданское, Республика Саха (Якутия);14:1:3
Тобукское, Алданское, Республика Саха (Якутия);14:1:4
Томмотское, Алданское, Республика Саха (Якутия);14:1:5
Тыркандинское, Алданское, Республика Саха (Якутия);14:1:6
Учурское, Алданское, Республика Саха (Якутия);14:1:7
Томпонское, Томпонское, Республика Саха (Якутия);14:20:1
Дюпсинское, Усть-Алданское, Республика Саха (Якутия);14:21:1
Сырдахское, Усть-Алданское, Республика Саха (Якутия);14:21:2
Усть-Майское, Усть-Майское, Республика Саха (Якутия);14:22:1
Усть-Мильское, Усть-Майское, Республика Саха (Якутия);14:22:2
Ыныкчанское, Усть-Майское, Республика Саха (Якутия);14:22:3
Эльдиканское, Усть-Майское, Республика Саха (Якутия);14:22:4
Ботомское, Хангаласское, Республика Саха (Якутия);14:23:1
Покровское, Хангаласское, Республика Саха (Якутия);14:23:2
Синское, Хангаласское, Республика Саха (Якутия);14:23:3
Диринское, Чурапчинское, Республика Саха (Якутия);14:24:1
Чурапчинское, Чурапчинское, Республика Саха (Якутия);14:24:2
Городское, Якутское, Республика Саха (Якутия);14:25:1
Маганское, Якутское, Республика Саха (Якутия);14:25:2
Мархинское, Якутское, Республика Саха (Якутия);14:25:3
Шестаковское, Якутское, Республика Саха (Якутия);14:25:4
Амгинское, Амгинское, Республика Саха (Якутия);14:2:1
Покровское, Амгинское, Республика Саха (Якутия);14:2:2
Без деления на участковые лесничества, Верхневилюйское, Республика Саха (Якутия);14:3:00
Батагайское, Верхоянское, Республика Саха (Якутия);14:4:1
Верхоянское, Верхоянское, Республика Саха (Якутия);14:4:2
Депутатское, Верхоянское, Республика Саха (Якутия);14:4:3
Эвено-Бытантайское, Верхоянское, Республика Саха (Якутия);14:4:4
Без деления на участковые лесничества, Вилюйское, Республика Саха (Якутия);14:5:00
Бердигестяхское, Горное, Республика Саха (Якутия);14:6:1
Магарасское, Горное, Республика Саха (Якутия);14:6:2
Булунское, Жиганское, Республика Саха (Якутия);14:7:1
Жиганское, Жиганское, Республика Саха (Якутия);14:7:2
Оленекское, Жиганское, Республика Саха (Якутия);14:7:3
Абыйское, Индигирское, Республика Саха (Якутия);14:8:1
Момское, Индигирское, Республика Саха (Якутия);14:8:2
Оймяконское, Индигирское, Республика Саха (Якутия);14:8:3
Верхнеколымское, Колымское, Республика Саха (Якутия);14:9:1
Среднеколымское, Колымское, Республика Саха (Якутия);14:9:2
Черское, Колымское, Республика Саха (Якутия);14:9:3
Алагирское, Алагирское, Республика Северная Осетия - Алания;15:1:1
Зилахарское, Алагирское, Республика Северная Осетия - Алания;15:1:2
Садонское, Алагирское, Республика Северная Осетия - Алания;15:1:3
Суадагское, Алагирское, Республика Северная Осетия - Алания;15:1:4
Тамискское, Алагирское, Республика Северная Осетия - Алания;15:1:5
Гизельдонское, Владикавказское, Республика Северная Осетия - Алания;15:2:1
Дзуарикауское, Владикавказское, Республика Северная Осетия - Алания;15:2:2
Майрамадагское, Владикавказское, Республика Северная Осетия - Алания;15:2:3
Балтинское, Владикавказское, Республика Северная Осетия - Алания;15:2:4
Редантское, Владикавказское, Республика Северная Осетия - Алания;15:2:5
Дур-Дурское, Дигорское, Республика Северная Осетия - Алания;15:3:1
Красногорское, Дигорское, Республика Северная Осетия - Алания;15:3:2
Урсдонское, Дигорское, Республика Северная Осетия - Алания;15:3:3
Хазнидонское, Ирафское, Республика Северная Осетия - Алания;15:4:1
Чиколинское, Ирафское, Республика Северная Осетия - Алания;15:4:2
Ардонское, Кировское, Республика Северная Осетия - Алания;15:5:1
Заманкульское, Кировское, Республика Северная Осетия - Алания;15:5:2
Эльхотовское, Кировское, Республика Северная Осетия - Алания;15:5:3
Моздокское, Моздокское, Республика Северная Осетия - Алания;15:6:1
Павлодольское, Моздокское, Республика Северная Осетия - Алания;15:6:2
Хуарикауское, Моздокское, Республика Северная Осетия - Алания;15:6:3
Комгаронское, Пригородное, Республика Северная Осетия - Алания;15:7:1
Октябрьское, Пригородное, Республика Северная Осетия - Алания;15:7:2
Сунженское, Пригородное, Республика Северная Осетия - Алания;15:7:3
Тарское, Пригородное, Республика Северная Осетия - Алания;15:7:4
Терское, Пригородное, Республика Северная Осетия - Алания;15:7:5
Актюбинское, Бугульминское, Республика Татарстан (Татарстан);16:10:1
Бугульминское, Бугульминское, Республика Татарстан (Татарстан);16:10:2
Петровское, Бугульминское, Республика Татарстан (Татарстан);16:10:3
Ютазинское, Бугульминское, Республика Татарстан (Татарстан);16:10:4
Буинское, Буинское, Республика Татарстан (Татарстан);16:11:1
Дрожжановское, Буинское, Республика Татарстан (Татарстан);16:11:2
Тюбяк-Чирковское, Буинское, Республика Татарстан (Татарстан);16:11:3
Менделеевское, Елабужское, Республика Татарстан (Татарстан);16:12:1
Мортовское, Елабужское, Республика Татарстан (Татарстан);16:12:2
Татарстанское, Елабужское, Республика Татарстан (Татарстан);16:12:3
Болгарское, Заинское, Республика Татарстан (Татарстан);16:13:1
Заинское, Заинское, Республика Татарстан (Татарстан);16:13:2
Кушниковское, Заинское, Республика Татарстан (Татарстан);16:13:3
Урганчинское, Заинское, Республика Татарстан (Татарстан);16:13:4
Ямашинское, Заинское, Республика Татарстан (Татарстан);16:13:5
Айшинское, Зеленодольское, Республика Татарстан (Татарстан);16:14:1
Зеленодольское, Зеленодольское, Республика Татарстан (Татарстан);16:14:2
Краснооктябрьское, Зеленодольское, Республика Татарстан (Татарстан);16:14:3
Ашитское, Ислейтарское, Республика Татарстан (Татарстан);16:15:1
Илетьское, Ислейтарское, Республика Татарстан (Татарстан);16:15:2
Балтаевское, Кайбицкое, Республика Татарстан (Татарстан);16:16:1
Берлибашское, Кайбицкое, Республика Татарстан (Татарстан);16:16:2
Кугеевское, Кайбицкое, Республика Татарстан (Татарстан);16:16:3
Русаковское, Кайбицкое, Республика Татарстан (Татарстан);16:16:4
Бутинское, Калейкинское, Республика Татарстан (Татарстан);16:17:1
Ракашевское, Калейкинское, Республика Татарстан (Татарстан);16:17:2
Старо-Еланское, Калейкинское, Республика Татарстан (Татарстан);16:17:3
Шешминское первое, Калейкинское, Республика Татарстан (Татарстан);16:17:4
Берсутское, Камское, Республика Татарстан (Татарстан);16:18:1
Камское, Камское, Республика Татарстан (Татарстан);16:18:2
Прикамское, Камское, Республика Татарстан (Татарстан);16:18:3
Усалинское, Камское, Республика Татарстан (Татарстан);16:18:4
Чистопольское, Камское, Республика Татарстан (Татарстан);16:18:5
Шеморбашское, Камское, Республика Татарстан (Татарстан);16:18:6
Шумбутское, Камское, Республика Татарстан (Татарстан);16:18:7
Абдинское, Кзыл-Юлдузское, Республика Татарстан (Татарстан);16:19:1
Арышское, Кзыл-Юлдузское, Республика Татарстан (Татарстан);16:19:2
Кутлу-Букашское, Кзыл-Юлдузское, Республика Татарстан (Татарстан);16:19:3
Тюлячинское, Кзыл-Юлдузское, Республика Татарстан (Татарстан);16:19:4
Агрызское, Агрызское, Республика Татарстан (Татарстан);16:1:1
Девятернинское, Агрызское, Республика Татарстан (Татарстан);16:1:2
Красноборское, Агрызское, Республика Татарстан (Татарстан);16:1:3
Шаршадинское, Агрызское, Республика Татарстан (Татарстан);16:1:4
Лаишевское, Лаишевское, Республика Татарстан (Татарстан);16:20:1
Пестречинское, Лаишевское, Республика Татарстан (Татарстан);16:20:2
Янтыковское, Лаишевское, Республика Татарстан (Татарстан);16:20:3
Зай-Каратайское, Лениногорское, Республика Татарстан (Татарстан);16:21:1
Лениногорское, Лениногорское, Республика Татарстан (Татарстан);16:21:2
Нижнее-Чершелинское, Лениногорское, Республика Татарстан (Татарстан);16:21:3
Старо-Кувакское, Лениногорское, Республика Татарстан (Татарстан);16:21:4
Шугуровское, Лениногорское, Республика Татарстан (Татарстан);16:21:5
Без деления на участковые лесничества, Лубянское, Республика Татарстан (Татарстан);16:22:00
Кляушское, Мамадышское, Республика Татарстан (Татарстан);16:23:1
Кумазанское, Мамадышское, Республика Татарстан (Татарстан);16:23:2
Нурминское, Мамадышское, Республика Татарстан (Татарстан);16:23:3
Сокольское, Мамадышское, Республика Татарстан (Татарстан);16:23:4
Актанышское, Мензелинское, Республика Татарстан (Татарстан);16:24:1
Калининское, Мензелинское, Республика Татарстан (Татарстан);16:24:2
Мензелинское, Мензелинское, Республика Татарстан (Татарстан);16:24:3
Муслюмовское, Мензелинское, Республика Татарстан (Татарстан);16:24:4
Усинское, Мензелинское, Республика Татарстан (Татарстан);16:24:5
Юртовское, Мензелинское, Республика Татарстан (Татарстан);16:24:6
Багряжское, Нижнекамское, Республика Татарстан (Татарстан);16:25:1
Биклянское, Нижнекамское, Республика Татарстан (Татарстан);16:25:2
Ворошиловское, Нижнекамское, Республика Татарстан (Татарстан);16:25:3
Кзыл-Юлское, Нижнекамское, Республика Татарстан (Татарстан);16:25:4
Лякинское, Нижнекамское, Республика Татарстан (Татарстан);16:25:5
Вишнево-Полянское, Нурлатское, Республика Татарстан (Татарстан);16:26:1
Восходское, Нурлатское, Республика Татарстан (Татарстан);16:26:2
Мамыковское, Нурлатское, Республика Татарстан (Татарстан);16:26:3
Тимерликовское, Нурлатское, Республика Татарстан (Татарстан);16:26:4
Тумбинское, Нурлатское, Республика Татарстан (Татарстан);16:26:5
Чулпановское, Нурлатское, Республика Татарстан (Татарстан);16:26:6
Ключищенское, Приволжское, Республика Татарстан (Татарстан);16:27:1
Свияжское, Приволжское, Республика Татарстан (Татарстан);16:27:2
Теньковское, Приволжское, Республика Татарстан (Татарстан);16:27:3
Чулпанихинское, Приволжское, Республика Татарстан (Татарстан);16:27:4
Шеланговское, Приволжское, Республика Татарстан (Татарстан);16:27:5
Высокогорское, Пригородное, Республика Татарстан (Татарстан);16:28:1
Иске-Казанское, Пригородное, Республика Татарстан (Татарстан);16:28:2
Матюшинское, Пригородное, Республика Татарстан (Татарстан);16:28:3
Столбищенское, Пригородное, Республика Татарстан (Татарстан);16:28:4
Корсинское, Сабинское, Республика Татарстан (Татарстан);16:29:1
Кукморское, Сабинское, Республика Татарстан (Татарстан);16:29:2
Ленинское, Сабинское, Республика Татарстан (Татарстан);16:29:3
Мешебашское, Сабинское, Республика Татарстан (Татарстан);16:29:4
Сабабашское, Сабинское, Республика Татарстан (Татарстан);16:29:5
Шеморданское, Сабинское, Республика Татарстан (Татарстан);16:29:6
Азнакаевское, Азнакаевское, Республика Татарстан (Татарстан);16:2:1
Джалильское, Азнакаевское, Республика Татарстан (Татарстан);16:2:2
Мальбагушское, Азнакаевское, Республика Татарстан (Татарстан);16:2:3
Сармановское, Азнакаевское, Республика Татарстан (Татарстан);16:2:4
Чатыртауское, Азнакаевское, Республика Татарстан (Татарстан);16:2:5
Кляринское, Тетюшское, Республика Татарстан (Татарстан);16:30:1
Тархановское, Тетюшское, Республика Татарстан (Татарстан);16:30:2
Тетюшское, Тетюшское, Республика Татарстан (Татарстан);16:30:3
Урюмское, Тетюшское, Республика Татарстан (Татарстан);16:30:4
Казанкинское, Черемшанское, Республика Татарстан (Татарстан);16:31:1
Светлогорское, Черемшанское, Республика Татарстан (Татарстан);16:31:2
Шешминское второе, Черемшанское, Республика Татарстан (Татарстан);16:31:3
Аксубаевское, Аксубаевское, Республика Татарстан (Татарстан);16:3:1
Ибрайкинское, Аксубаевское, Республика Татарстан (Татарстан);16:3:2
Чебоксарское, Аксубаевское, Республика Татарстан (Татарстан);16:3:3
Базарно-Матаковское, Алькеевское, Республика Татарстан (Татарстан);16:4:1
Чернореченское, Алькеевское, Республика Татарстан (Татарстан);16:4:2
Чув.Бродское, Алькеевское, Республика Татарстан (Татарстан);16:4:3
Юхмачинское, Алькеевское, Республика Татарстан (Татарстан);16:4:4
Акташское, Альметьевское, Республика Татарстан (Татарстан);16:5:1
Кама-Исмагиловское, Альметьевское, Республика Татарстан (Татарстан);16:5:2
Миннибаевское, Альметьевское, Республика Татарстан (Татарстан);16:5:3
Поташно-Полянское, Альметьевское, Республика Татарстан (Татарстан);16:5:4
Балтасинское, Арское, Республика Татарстан (Татарстан);16:6:1
Сурнарское, Арское, Республика Татарстан (Татарстан);16:6:2
Тукайское, Арское, Республика Татарстан (Татарстан);16:6:3
Бавлинское, Бавлинское, Республика Татарстан (Татарстан);16:7:1
Кандызское, Бавлинское, Республика Татарстан (Татарстан);16:7:2
Алексеевское, Билярское, Республика Татарстан (Татарстан);16:8:1
Баганинское, Билярское, Республика Татарстан (Татарстан);16:8:2
Билярское, Билярское, Республика Татарстан (Татарстан);16:8:3
Большеполянское, Билярское, Республика Татарстан (Татарстан);16:8:4
Кзыл-Юлское, Билярское, Республика Татарстан (Татарстан);16:8:5
Никольское, Болгарское, Республика Татарстан (Татарстан);16:9:1
Спасское, Болгарское, Республика Татарстан (Татарстан);16:9:2
Ак-Дуругское, Шагонарское, Республика Тыва;17:10:1
Арыг-Узунское, Шагонарское, Республика Тыва;17:10:2
Хайыраканское, Шагонарское, Республика Тыва;17:10:3
Балгазынское, Балгазынское, Республика Тыва;17:1:1
Кызыл-Арыгское, Балгазынское, Республика Тыва;17:1:2
Степное, Балгазынское, Республика Тыва;17:1:3
Аянгатинское, Барун-Хемчикское, Республика Тыва;17:2:1
Бай-Тайгинское, Барун-Хемчикское, Республика Тыва;17:2:2
Барун-Хемчикское, Барун-Хемчикское, Республика Тыва;17:2:3
Монгун-Тайгинское, Барун-Хемчикское, Республика Тыва;17:2:4
Бурен-Бай-Хаакское, Каа-Хемское, Республика Тыва;17:3:1
Бурен-Хемское, Каа-Хемское, Республика Тыва;17:3:2
Кунгуртукское, Каа-Хемское, Республика Тыва;17:3:3
Сарыг-Сепское, Каа-Хемское, Республика Тыва;17:3:4
Сизимское, Каа-Хемское, Республика Тыва;17:3:5
Кызылское, Кызылское, Республика Тыва;17:4:1
Чербинское, Кызылское, Республика Тыва;17:4:2
Эрбекское, Кызылское, Республика Тыва;17:4:3
Бай-Хакское, Тандынское, Республика Тыва;17:5:1
Хову-Аксынское, Тандынское, Республика Тыва;17:5:2
Элегестинское, Тандынское, Республика Тыва;17:5:3
Самагалтайское, Тес-Хемское, Республика Тыва;17:6:1
Шуурмакское, Тес-Хемское, Республика Тыва;17:6:2
Эрзинское, Тес-Хемское, Республика Тыва;17:6:3
Сыстыг-Хемское, Тоджинское, Республика Тыва;17:7:1
Тоора-Хемское, Тоджинское, Республика Тыва;17:7:2
Хамсаринское, Тоджинское, Республика Тыва;17:7:3
Чазыларское, Тоджинское, Республика Тыва;17:7:4
Белозерское, Туранское, Республика Тыва;17:8:1
Туранское, Туранское, Республика Тыва;17:8:2
Уюкское, Туранское, Республика Тыва;17:8:3
Овюрское, Чаданское, Республика Тыва;17:9:1
Сут-Хольское, Чаданское, Республика Тыва;17:9:2
Чаданское, Чаданское, Республика Тыва;17:9:3
Чыраа-Бажынское, Чаданское, Республика Тыва;17:9:4
Без деления на участковые лесничества, Камбарское, Удмуртская Республика;18:10:00
Без деления на участковые лесничества, Каракулинское, Удмуртская Республика;18:11:00
Ключевское, Кезское, Удмуртская Республика;18:12:1
Кузьминское, Кезское, Удмуртская Республика;18:12:2
Кулигинское, Кезское, Удмуртская Республика;18:12:3
Лесное, Кезское, Удмуртская Республика;18:12:4
Чепецкое, Кезское, Удмуртская Республика;18:12:5
Казанское, Кизнерское, Удмуртская Республика;18:13:1
Саркузское, Кизнерское, Удмуртская Республика;18:13:2
Южное, Кизнерское, Удмуртская Республика;18:13:3
Ягульское, Кизнерское, Удмуртская Республика;18:13:4
Без деления на участковые лесничества, Киясовское, Удмуртская Республика;18:14:00
Архангельское, Красногорское, Удмуртская Республика;18:15:1
Валамазское, Красногорское, Удмуртская Республика;18:15:2
Кокманское, Красногорское, Удмуртская Республика;18:15:3
Курьинское, Красногорское, Удмуртская Республика;18:15:4
Святогорское, Красногорское, Удмуртская Республика;18:15:5
Горнякское, Можгинское, Удмуртская Республика;18:16:1
Пычасское, Можгинское, Удмуртская Республика;18:16:2
Сюгинское, Можгинское, Удмуртская Республика;18:16:3
Керкмасское, Сарапульское, Удмуртская Республика;18:17:1
Октябрьское, Сарапульское, Удмуртская Республика;18:17:2
Головизинское, Селтинское, Удмуртская Республика;18:18:1
Копкинское, Селтинское, Удмуртская Республика;18:18:2
Нозинское, Селтинское, Удмуртская Республика;18:18:3
Сардыкское, Селтинское, Удмуртская Республика;18:18:4
Гуринское, Сюмсинское, Удмуртская Республика;18:19:1
Зонское, Сюмсинское, Удмуртская Республика;18:19:2
Кильмезское, Сюмсинское, Удмуртская Республика;18:19:3
Пумсинское, Сюмсинское, Удмуртская Республика;18:19:4
Без деления на участковые лесничества, Алнашское, Удмуртская Республика;18:1:00
Нылгинское, Увинское, Удмуртская Республика;18:20:1
Областновское, Увинское, Удмуртская Республика;18:20:2
Северное, Увинское, Удмуртская Республика;18:20:3
Ува-Туклинское, Увинское, Удмуртская Республика;18:20:4
Без деления на участковые лесничества, Шарканское, Удмуртская Республика;18:21:00
Без деления на участковые лесничества, Юкаменское, Удмуртская Республика;18:22:00
Без деления на участковые лесничества, Яганское, Удмуртская Республика;18:23:00
Кекоранское, Якшур-Бодьинское, Удмуртская Республика;18:24:1
Мукшинское, Якшур-Бодьинское, Удмуртская Республика;18:24:2
Селычинское, Якшур-Бодьинское, Удмуртская Республика;18:24:3
Чуровское, Якшур-Бодьинское, Удмуртская Республика;18:24:4
Без деления на участковые лесничества, Ярское, Удмуртская Республика;18:25:00
Андрейшурское, Балезинское, Удмуртская Республика;18:2:1
Карсовайское, Балезинское, Удмуртская Республика;18:2:2
Набережное, Балезинское, Удмуртская Республика;18:2:3
Сергинское, Балезинское, Удмуртская Республика;18:2:4
Ушурское, Балезинское, Удмуртская Республика;18:2:5
Брызгаловское, Вавожское, Удмуртская Республика;18:3:1
Волипельгинское, Вавожское, Удмуртская Республика;18:3:2
Какможское, Вавожское, Удмуртская Республика;18:3:3
Центральное, Вавожское, Удмуртская Республика;18:3:4
Березовское, Воткинское, Удмуртская Республика;18:4:1
Июльское, Воткинское, Удмуртская Республика;18:4:2
Черновское, Воткинское, Удмуртская Республика;18:4:3
Белорецкое, Глазовское, Удмуртская Республика;18:5:1
Парзинское, Глазовское, Удмуртская Республика;18:5:2
Севинское, Глазовское, Удмуртская Республика;18:5:3
Без деления на участковые лесничества, Граховское, Удмуртская Республика;18:6:00
Без деления на участковые лесничества, Дебесское, Удмуртская Республика;18:7:00
Заречное, Завьяловское, Удмуртская Республика;18:8:1
Люкшудьинское, Завьяловское, Удмуртская Республика;18:8:2
Подшиваловское, Завьяловское, Удмуртская Республика;18:8:3
Пригородное, Завьяловское, Удмуртская Республика;18:8:4
Зуринское, Игринское, Удмуртская Республика;18:9:1
Менильское, Игринское, Удмуртская Республика;18:9:2
Ново-Зятцинское, Игринское, Удмуртская Республика;18:9:3
Пионерское, Игринское, Удмуртская Республика;18:9:4
Чутырское, Игринское, Удмуртская Республика;18:9:5
Карловское, Саяногорское, Республика Хакасия;19:10:1
Майнское, Саяногорское, Республика Хакасия;19:10:2
Саяногорское, Саяногорское, Республика Хакасия;19:10:3
Верхне-Сейское, Таштыпское, Республика Хакасия;19:11:1
Верхне-Таштыпское, Таштыпское, Республика Хакасия;19:11:2
Матурское, Таштыпское, Республика Хакасия;19:11:3
Таштыпское, Таштыпское, Республика Хакасия;19:11:4
Беренжакское, Туимское, Республика Хакасия;19:12:1
Коммунаровское, Туимское, Республика Хакасия;19:12:2
Озерное, Туимское, Республика Хакасия;19:12:3
Туимское, Туимское, Республика Хакасия;19:12:4
Ширинское, Туимское, Республика Хакасия;19:12:5
Инейское, Усть-Бюрское, Республика Хакасия;19:13:1
Кискачинское, Усть-Бюрское, Республика Хакасия;19:13:2
Майское, Усть-Бюрское, Республика Хакасия;19:13:3
Усть-Абаканское, Усть-Бюрское, Республика Хакасия;19:13:4
Усть-Бюрское, Усть-Бюрское, Республика Хакасия;19:13:5
Без деления на участковые лесничества, ГПЗ Хакасский, Республика Хакасия;19:14:00
Абазинское, Абазинское, Республика Хакасия;19:1:1
Анзасское, Абазинское, Республика Хакасия;19:1:2
Арбатское, Абазинское, Республика Хакасия;19:1:3
Онинское, Абазинское, Республика Хакасия;19:1:4
Березовское, Абаканское, Республика Хакасия;19:2:1
Биджинское, Абаканское, Республика Хакасия;19:2:2
Кирбинское, Абаканское, Республика Хакасия;19:2:3
Балыксинское, Балыксинское, Республика Хакасия;19:3:1
Верхне-Томское, Балыксинское, Республика Хакасия;19:3:2
Шорское, Балыксинское, Республика Хакасия;19:3:3
Бейское, Бейское, Республика Хакасия;19:4:1
Очурское, Бейское, Республика Хакасия;19:4:2
Табатское, Бейское, Республика Хакасия;19:4:3
Аскизское, Бирикчульское, Республика Хакасия;19:5:1
Базинское, Бирикчульское, Республика Хакасия;19:5:2
Кизласовское, Бирикчульское, Республика Хакасия;19:5:3
Тейское, Бирикчульское, Республика Хакасия;19:5:4
Боградское, Боградское, Республика Хакасия;19:6:1
Сонское, Боградское, Республика Хакасия;19:6:2
Горячегорское, Горячегорское, Республика Хакасия;19:7:1
Парнинское, Горячегорское, Республика Хакасия;19:7:2
Полуторнинское, Горячегорское, Республика Хакасия;19:7:3
Юферовское, Горячегорское, Республика Хакасия;19:7:4
Копьевское, Копьевское, Республика Хакасия;19:8:1
Хуторское, Копьевское, Республика Хакасия;19:8:2
Костинское, Саралинское, Республика Хакасия;19:9:1
Орджоникидзевское, Саралинское, Республика Хакасия;19:9:2
Саралинское, Саралинское, Республика Хакасия;19:9:3
Аргунское, Предгорное, Чеченская Республика;20:10:1
Предгорное, Предгорное, Чеченская Республика;20:10:2
Гехинское, Урус-Мартановское, Чеченская Республика;20:11:1
Рошничуйское, Урус-Мартановское, Чеченская Республика;20:11:2
Урус-Мартановское, Урус-Мартановское, Чеченская Республика;20:11:3
Шалажинское, Урус-Мартановское, Чеченская Республика;20:11:4
Автуринское, Шалинское, Чеченская Республика;20:12:1
Белгатойское, Шалинское, Чеченская Республика;20:12:2
Ново-Атагинское, Шалинское, Чеченская Республика;20:12:3
Шалинское, Шалинское, Чеченская Республика;20:12:4
Шаро-Аргунское, Шаройское, Чеченская Республика;20:13:1
Шаройское, Шаройское, Чеченская Республика;20:13:2
Борзойское, Шатойское, Чеченская Республика;20:14:1
Шатойское, Шатойское, Чеченская Республика;20:14:2
Бороздиновское, Шелковское, Чеченская Республика;20:15:1
Бурунное, Шелковское, Чеченская Республика;20:15:2
Каргалинское, Шелковское, Чеченская Республика;20:15:3
Привольное, Шелковское, Чеченская Республика;20:15:4
Червленское, Шелковское, Чеченская Республика;20:15:5
Шелковское, Шелковское, Чеченская Республика;20:15:6
Бамутское, Ассиновское, Чеченская Республика;20:1:1
Серноводское, Ассиновское, Чеченская Республика;20:1:2
Ачхой-Мартановское, Ачхой-Мартановское, Чеченская Республика;20:2:1
Самашкинское, Ачхой-Мартановское, Чеченская Республика;20:2:2
Веденское, Веденское, Чеченская Республика;20:3:1
Макажойское, Веденское, Чеченская Республика;20:3:2
Махкетинское, Веденское, Чеченская Республика;20:3:3
Ца-Веденское, Веденское, Чеченская Республика;20:3:4
Городское, Грозненское, Чеченская Республика;20:4:1
Горячеисточнинское, Грозненское, Чеченская Республика;20:4:2
Грозненское, Грозненское, Чеченская Республика;20:4:3
Петропавловское, Грозненское, Чеченская Республика;20:4:4
Горное, Гудермесское, Чеченская Республика;20:5:1
Гудермесское, Гудермесское, Чеченская Республика;20:5:2
Джалкинское, Гудермесское, Чеченская Республика;20:5:3
Итум-Калинское, Итум-Калинское, Чеченская Республика;20:6:1
Тазбичинское, Итум-Калинское, Чеченская Республика;20:6:2
Аллеройское, Курчалойское, Чеченская Республика;20:7:1
Курчалойское, Курчалойское, Чеченская Республика;20:7:2
Надтеречное, Наурское, Чеченская Республика;20:8:1
Наурское, Наурское, Чеченская Республика;20:8:2
Савельевское, Наурское, Чеченская Республика;20:8:3
Степное, Наурское, Чеченская Республика;20:8:4
Мирное, Наурское, Чеченская Республика;20:8:5
Бенойское, Ножай-Юртовское, Чеченская Республика;20:9:1
Гансолчуйское, Ножай-Юртовское, Чеченская Республика;20:9:2
Ножай-Юртовское, Ножай-Юртовское, Чеченская Республика;20:9:3
Симсирское, Ножай-Юртовское, Чеченская Республика;20:9:4
Алгашинское, Шумерлинское, Чувашская Республика - Чувашия;21:10:1
Дубовское, Шумерлинское, Чувашская Республика - Чувашия;21:10:2
Порецкое, Шумерлинское, Чувашская Республика - Чувашия;21:10:3
Саланчикское, Шумерлинское, Чувашская Республика - Чувашия;21:10:4
Торханское, Шумерлинское, Чувашская Республика - Чувашия;21:10:5
Шумерлинское, Шумерлинское, Чувашская Республика - Чувашия;21:10:6
Атнарское, Ядринское, Чувашская Республика - Чувашия;21:11:1
Засурское, Ядринское, Чувашская Республика - Чувашия;21:11:2
Майское, Ядринское, Чувашская Республика - Чувашия;21:11:3
Пандиковское, Ядринское, Чувашская Республика - Чувашия;21:11:4
Янымовское, Ядринское, Чувашская Республика - Чувашия;21:11:5
Айбесинское, Алатырское, Чувашская Республика - Чувашия;21:1:1
Безднинское, Алатырское, Чувашская Республика - Чувашия;21:1:2
Первомайское, Алатырское, Чувашская Республика - Чувашия;21:1:3
Пригородное, Алатырское, Чувашская Республика - Чувашия;21:1:4
Соловьевское, Алатырское, Чувашская Республика - Чувашия;21:1:5
Шумское, Алатырское, Чувашская Республика - Чувашия;21:1:6
Без деления на участковые лесничества, Чебоксарское городское лесничество, Чувашская Республика - Чувашия;21:21:00
Авруйское, Вурнарское, Чувашская Республика - Чувашия;21:2:1
Вурнарское, Вурнарское, Чувашская Республика - Чувашия;21:2:2
Калининское, Вурнарское, Чувашская Республика - Чувашия;21:2:3
Березовское, Ибресинское, Чувашская Республика - Чувашия;21:3:1
Буинское, Ибресинское, Чувашская Республика - Чувашия;21:3:2
Кармалинское, Ибресинское, Чувашская Республика - Чувашия;21:3:3
Кошлоушское, Ибресинское, Чувашская Республика - Чувашия;21:3:4
Нововыслинское, Ибресинское, Чувашская Республика - Чувашия;21:3:5
Канашское, Канашское, Чувашская Республика - Чувашия;21:4:1
Комсомольское, Канашское, Чувашская Республика - Чувашия;21:4:2
Тобурдановское, Канашское, Чувашская Республика - Чувашия;21:4:3
Шихранское, Канашское, Чувашская Республика - Чувашия;21:4:4
Янтиковское, Канашское, Чувашская Республика - Чувашия;21:4:5
Атратское, Кирское, Чувашская Республика - Чувашия;21:5:1
Гартовское, Кирское, Чувашская Республика - Чувашия;21:5:2
Кирское, Кирское, Чувашская Республика - Чувашия;21:5:3
Мариинско-Посадское, Мариинско-Посадское, Чувашская Республика - Чувашия;21:6:1
Сотниковское, Мариинско-Посадское, Чувашская Республика - Чувашия;21:6:2
Ильинское, Опытное, Чувашская Республика - Чувашия;21:7:1
Карачуринское, Опытное, Чувашская Республика - Чувашия;21:7:2
Сорминское, Опытное, Чувашская Республика - Чувашия;21:7:3
Цивильское, Опытное, Чувашская Республика - Чувашия;21:7:4
Пихтулинское, Чебоксарское, Чувашская Республика - Чувашия;21:8:1
Северное, Чебоксарское, Чувашская Республика - Чувашия;21:8:2
Сосновское, Чебоксарское, Чувашская Республика - Чувашия;21:8:3
Булинское, Шемуршинское, Чувашская Республика - Чувашия;21:9:1
Трехбалтаевское, Шемуршинское, Чувашская Республика - Чувашия;21:9:2
Турганкасинское, Шемуршинское, Чувашская Республика - Чувашия;21:9:3
Чукальское, Шемуршинское, Чувашская Республика - Чувашия;21:9:4
Шемуршинское, Шемуршинское, Чувашская Республика - Чувашия;21:9:5
Залесовское, Залесовское, Алтайский край;22:10:1
Петеневское, Залесовское, Алтайский край;22:10:2
Черемушкинское, Залесовское, Алтайский край;22:10:3
Шатуновское, Залесовское, Алтайский край;22:10:4
Благовещенское, Знаменское, Алтайский край;22:11:1
Бурлинское, Знаменское, Алтайский край;22:11:2
Знаменское, Знаменское, Алтайский край;22:11:3
Суетское, Знаменское, Алтайский край;22:11:4
Табунское, Знаменское, Алтайский край;22:11:5
Хабарское, Знаменское, Алтайский край;22:11:6
Дресвянское, Каменское, Алтайский край;22:12:1
Столбовское, Каменское, Алтайский край;22:12:2
Бастанское, Ключевское, Алтайский край;22:13:1
Зерновое, Ключевское, Алтайский край;22:13:2
Ключевское, Ключевское, Алтайский край;22:13:3
Николаевское, Ключевское, Алтайский край;22:13:4
Покровское, Ключевское, Алтайский край;22:13:5
Северное, Ключевское, Алтайский край;22:13:6
Вылковское, Кулундинское, Алтайский край;22:14:1
Гилевское, Кулундинское, Алтайский край;22:14:2
Гоноховское, Кулундинское, Алтайский край;22:14:3
Тюменцевское, Кулундинское, Алтайский край;22:14:4
Усть-Мосихинское, Кулундинское, Алтайский край;22:14:5
Шарчинское, Кулундинское, Алтайский край;22:14:6
Шелаболихинское, Кулундинское, Алтайский край;22:14:7
Инское, Ларичихинское, Алтайский край;22:15:1
Курочкинское, Ларичихинское, Алтайский край;22:15:2
Ново-Заринское, Ларичихинское, Алтайский край;22:15:3
Озерское, Ларичихинское, Алтайский край;22:15:4
Причумышское, Ларичихинское, Алтайский край;22:15:5
Средне-Инское, Ларичихинское, Алтайский край;22:15:6
Тальменское, Ларичихинское, Алтайский край;22:15:7
Шипицинское, Ларичихинское, Алтайский край;22:15:8
Курортное, Лебяжинское, Алтайский край;22:16:1
Ново-Советское, Лебяжинское, Алтайский край;22:16:2
Сростинское, Лебяжинское, Алтайский край;22:16:3
Титовское, Лебяжинское, Алтайский край;22:16:4
Гуселетовское, Новичихинское, Алтайский край;22:17:1
Костино-Логовское, Новичихинское, Алтайский край;22:17:2
Крестьянское, Новичихинское, Алтайский край;22:17:3
Мамонтовское, Новичихинское, Алтайский край;22:17:4
Мельниковское, Новичихинское, Алтайский край;22:17:5
Новичихинское, Новичихинское, Алтайский край;22:17:6
Поломошенское, Новичихинское, Алтайский край;22:17:7
Токаревское, Новичихинское, Алтайский край;22:17:8
Травновское, Новичихинское, Алтайский край;22:17:9
Алексеевское, Озеро-Кузнецовское, Алтайский край;22:18:1
Тополинское, Озеро-Кузнецовское, Алтайский край;22:18:10
Угловское, Озеро-Кузнецовское, Алтайский край;22:18:11
Угловское 2, Озеро-Кузнецовское, Алтайский край;22:18:12
Шадринское, Озеро-Кузнецовское, Алтайский край;22:18:13
Борисовское, Озеро-Кузнецовское, Алтайский край;22:18:2
Валовое, Озеро-Кузнецовское, Алтайский край;22:18:3
Круглянское, Озеро-Кузнецовское, Алтайский край;22:18:4
Кузнецовское, Озеро-Кузнецовское, Алтайский край;22:18:5
Лаптевское, Озеро-Кузнецовское, Алтайский край;22:18:6
Павловское, Озеро-Кузнецовское, Алтайский край;22:18:7
Партизанское, Озеро-Кузнецовское, Алтайский край;22:18:8
Симоновское, Озеро-Кузнецовское, Алтайский край;22:18:9
Кислянское, Озерское, Алтайский край;22:19:1
Озерское, Озерское, Алтайский край;22:19:2
Первомайское, Озерское, Алтайский край;22:19:3
Повалихинское, Озерское, Алтайский край;22:19:4
Речкуновское, Озерское, Алтайский край;22:19:5
Язовское, Озерское, Алтайский край;22:19:6
Айское, Алтайское, Алтайский край;22:1:1
Алтайское, Алтайское, Алтайский край;22:1:2
Куяганское, Алтайское, Алтайский край;22:1:3
Арбузовское, Павловское, Алтайский край;22:20:1
Зиминское, Павловское, Алтайский край;22:20:2
Клочковское, Павловское, Алтайский край;22:20:3
Колыванское, Павловское, Алтайский край;22:20:4
Павловское, Павловское, Алтайский край;22:20:5
Рогозихинское, Павловское, Алтайский край;22:20:6
Велижанское, Панкрушихинское, Алтайский край;22:21:1
Высоко-Гривское, Панкрушихинское, Алтайский край;22:21:2
Панкрушихинское, Панкрушихинское, Алтайский край;22:21:3
Прыганское, Панкрушихинское, Алтайский край;22:21:4
Пустынное, Панкрушихинское, Алтайский край;22:21:5
Заводское, Петровское, Алтайский край;22:22:1
Загайновское, Петровское, Алтайский край;22:22:2
Контошинское, Петровское, Алтайский край;22:22:3
Косихинское, Петровское, Алтайский край;22:22:4
Налобихинское, Петровское, Алтайский край;22:22:5
Озеро-Петровское, Петровское, Алтайский край;22:22:6
Петровское, Петровское, Алтайский край;22:22:7
Троицкое, Петровское, Алтайский край;22:22:8
Борисовское, Ракитовское, Алтайский край;22:23:1
Озерно-Кузнецовское, Ракитовское, Алтайский край;22:23:2
Ракитовское, Ракитовское, Алтайский край;22:23:3
Чекуновское, Ракитовское, Алтайский край;22:23:4
Шелковниковское, Ракитовское, Алтайский край;22:23:5
Шубинское, Ракитовское, Алтайский край;22:23:6
Воронихинское, Ребрихинское, Алтайский край;22:24:1
Кадниковское, Ребрихинское, Алтайский край;22:24:2
Подстепновское, Ребрихинское, Алтайский край;22:24:3
Ребрихинское, Ребрихинское, Алтайский край;22:24:4
Рожне-Логовское, Ребрихинское, Алтайский край;22:24:5
Макарьевское, Солтонское, Алтайский край;22:25:1
Нижне-Ненинское, Солтонское, Алтайский край;22:25:2
Сайдыпское, Солтонское, Алтайский край;22:25:3
Сузопское, Солтонское, Алтайский край;22:25:4
Целинное, Солтонское, Алтайский край;22:25:5
Бор-Форпостовское, Степно-Михайловское, Алтайский край;22:26:1
Джентайское, Степно-Михайловское, Алтайский край;22:26:2
Михайловское, Степно-Михайловское, Алтайский край;22:26:3
Ракитовское, Степно-Михайловское, Алтайский край;22:26:4
Рублевское, Степно-Михайловское, Алтайский край;22:26:5
Соляно-Озерное, Степно-Михайловское, Алтайский край;22:26:6
Сосновское, Степно-Михайловское, Алтайский край;22:26:7
Ельцовское, Тогульское, Алтайский край;22:27:1
Кытмановское, Тогульское, Алтайский край;22:27:2
Новоиушинское, Тогульское, Алтайский край;22:27:3
Тогульское, Тогульское, Алтайский край;22:27:4
Аламбайское, Тягунское, Алтайский край;22:28:1
Новомоношкинское, Тягунское, Алтайский край;22:28:2
Сорокинское, Тягунское, Алтайский край;22:28:3
Тягунское, Тягунское, Алтайский край;22:28:4
Хмелевское, Тягунское, Алтайский край;22:28:5
Красногорское, Фрунзенское, Алтайский край;22:29:1
Макарьевское, Фрунзенское, Алтайский край;22:29:2
Сосновское, Фрунзенское, Алтайский край;22:29:3
Андроновское, Баевское, Алтайский край;22:2:1
Баевское, Баевское, Алтайский край;22:2:2
Корниловское, Баевское, Алтайский край;22:2:3
Рыбинское, Баевское, Алтайский край;22:2:4
Харитоновское, Баевское, Алтайский край;22:2:5
Больше-Бащелакское, Чарышское, Алтайский край;22:30:1
Кумирское, Чарышское, Алтайский край;22:30:2
Мало-Бащелакское, Чарышское, Алтайский край;22:30:3
Солонешенское, Чарышское, Алтайский край;22:30:4
Степное, Чарышское, Алтайский край;22:30:5
Тополинское, Чарышское, Алтайский край;22:30:6
Чарышское, Чарышское, Алтайский край;22:30:7
Белоглазовское, Шипуновское, Алтайский край;22:31:1
Хлопуновское, Шипуновское, Алтайский край;22:31:2
Шипуновское, Шипуновское, Алтайский край;22:31:3
Барнаульское, Барнаульское, Алтайский край;22:3:1
Власихинское, Барнаульское, Алтайский край;22:3:2
Зимаревское, Барнаульское, Алтайский край;22:3:3
Черемновское, Барнаульское, Алтайский край;22:3:4
Без деления на участковые лесничества, Городские леса города Барнаула, Алтайский край;22:42:00
Без деления на участковые лесничества, Городские леса города Белокуриха, Алтайский край;22:44:00
Бийское, Городские леса города Бийска, Алтайский край;22:45:1
Бийско-Катунское, Городские леса города Бийска, Алтайский край;22:45:2
Белокурихинское, Белокурихинское, Алтайский край;22:4:1
Смоленское, Белокурихинское, Алтайский край;22:4:2
Бийско-Катунское, Бийское, Алтайский край;22:5:1
Большеугреневское, Бийское, Алтайский край;22:5:2
Кокшинское, Бийское, Алтайский край;22:5:3
Новиковское, Бийское, Алтайский край;22:5:4
Соколовское, Бийское, Алтайский край;22:5:5
Бобровское, Бобровское, Алтайский край;22:6:1
Большереченское, Бобровское, Алтайский край;22:6:2
Калининское, Бобровское, Алтайский край;22:6:3
Новоалтайское, Бобровское, Алтайский край;22:6:4
Петровское, Бобровское, Алтайский край;22:6:5
Рассказихинское, Бобровское, Алтайский край;22:6:6
Акутихинское, Боровлянское, Алтайский край;22:7:1
Боровлянское, Боровлянское, Алтайский край;22:7:2
Зональное, Боровлянское, Алтайский край;22:7:3
Клепиковское, Боровлянское, Алтайский край;22:7:4
Обское, Боровлянское, Алтайский край;22:7:5
Чеканихинское, Боровлянское, Алтайский край;22:7:6
Червянское, Боровлянское, Алтайский край;22:7:7
Южаковское, Боровлянское, Алтайский край;22:7:8
Ярковское, Боровлянское, Алтайский край;22:7:9
Волчихинское, Волчихинское, Алтайский край;22:8:1
Востровское, Волчихинское, Алтайский край;22:8:2
Кормихинское, Волчихинское, Алтайский край;22:8:3
Максинское, Волчихинское, Алтайский край;22:8:4
Правдинское, Волчихинское, Алтайский край;22:8:5
Селиверстовское, Волчихинское, Алтайский край;22:8:6
Солоновское, Волчихинское, Алтайский край;22:8:7
Усть-Волчихинское, Волчихинское, Алтайский край;22:8:8
Змеиногорское, Горно-Колыванское, Алтайский край;22:9:1
Колыванское, Горно-Колыванское, Алтайский край;22:9:2
Варениковское, Крымское, Краснодарский край;23:10:1
Варнавинское, Крымское, Краснодарский край;23:10:2
Нижне-Баканское, Крымское, Краснодарский край;23:10:3
Армавирское, Лабинское, Краснодарский край;23:11:1
Ахметовское, Лабинское, Краснодарский край;23:11:2
Отрадненское, Лабинское, Краснодарский край;23:11:3
Баговское, Мостовское, Краснодарский край;23:12:1
Баракаевское, Мостовское, Краснодарский край;23:12:2
Беноковское, Мостовское, Краснодарский край;23:12:3
Бугунджанское, Мостовское, Краснодарский край;23:12:4
Псебайское, Мостовское, Краснодарский край;23:12:5
Соленовское, Мостовское, Краснодарский край;23:12:6
Абрауское, Новороссийское, Краснодарский край;23:13:1
Анапское, Новороссийское, Краснодарский край;23:13:2
Верхне-Баканское, Новороссийское, Краснодарский край;23:13:3
Гостагаевское, Новороссийское, Краснодарский край;23:13:4
Шесхарисское, Новороссийское, Краснодарский край;23:13:5
Гойтхское, Пшишское, Краснодарский край;23:14:1
Гунайское, Пшишское, Краснодарский край;23:14:2
Навагинское, Пшишское, Краснодарский край;23:14:3
Шаумянское, Пшишское, Краснодарский край;23:14:4
Георгиевское, Туапсинское, Краснодарский край;23:15:1
Небугское, Туапсинское, Краснодарский край;23:15:2
Солох-Аульское, Туапсинское, Краснодарский край;23:15:3
Адлерское, НП Сочинский, Краснодарский край;23:17:1
Лазаревское, НП Сочинский, Краснодарский край;23:17:10
Лыготхское, НП Сочинский, Краснодарский край;23:17:11
Макопсинское, НП Сочинский, Краснодарский край;23:17:12
Марьинское, НП Сочинский, Краснодарский край;23:17:13
Мацестинское, НП Сочинский, Краснодарский край;23:17:14
Нижне-Сочинское, НП Сочинский, Краснодарский край;23:17:15
Солох-Аульское, НП Сочинский, Краснодарский край;23:17:16
Аибгинское, НП Сочинский, Краснодарский край;23:17:2
Верхне-Сочинское, НП Сочинский, Краснодарский край;23:17:3
Веселовское, НП Сочинский, Краснодарский край;23:17:4
Головинское, НП Сочинский, Краснодарский край;23:17:5
Дагомысское, НП Сочинский, Краснодарский край;23:17:6
Кепшинское, НП Сочинский, Краснодарский край;23:17:7
Краснополянское, НП Сочинский, Краснодарский край;23:17:8
Кудепстинское, НП Сочинский, Краснодарский край;23:17:9
Калужское, Саратовское, Краснодарский край;23:18:1
Саратовское, Саратовское, Краснодарский край;23:18:2
Холмское, Абинское, Краснодарский край;23:1:1
Шапсугское, Абинское, Краснодарский край;23:1:2
Эриванское, Абинское, Краснодарский край;23:1:3
Гуамское, Апшеронское, Краснодарский край;23:2:1
Маратукское, Апшеронское, Краснодарский край;23:2:2
Тверское, Апшеронское, Краснодарский край;23:2:3
Тубинское, Апшеронское, Краснодарский край;23:2:4
Хадыженское, Апшеронское, Краснодарский край;23:2:5
Черниговское, Апшеронское, Краснодарский край;23:2:6
Ширванское, Апшеронское, Краснодарский край;23:2:7
Калужское, Афипское, Краснодарский край;23:3:1
Крепостное, Афипское, Краснодарский край;23:3:2
Мирное, Афипское, Краснодарский край;23:3:3
Смоленское, Афипское, Краснодарский край;23:3:4
Убинское, Афипское, Краснодарский край;23:3:5
Бжедуховское, Белореченское, Краснодарский край;23:4:1
Комсомольское, Белореченское, Краснодарский край;23:4:2
Пшехское, Белореченское, Краснодарский край;23:4:3
Родниковское, Белореченское, Краснодарский край;23:4:4
Архипо-Осиповское, Геленджикское, Краснодарский край;23:5:1
Кабардинское, Геленджикское, Краснодарский край;23:5:2
Ново-Садовское, Геленджикское, Краснодарский край;23:5:3
Пшадское, Геленджикское, Краснодарский край;23:5:4
Ключевское, Горячеключевское, Краснодарский край;23:6:1
Кутаисское, Горячеключевское, Краснодарский край;23:6:2
Псекупское, Горячеключевское, Краснодарский край;23:6:3
Саратовское, Горячеключевское, Краснодарский край;23:6:4
Дефановское, Джубгское, Краснодарский край;23:7:1
Лермонтовское, Джубгское, Краснодарский край;23:7:2
Новомихайловское, Джубгское, Краснодарский край;23:7:3
Ольгинское, Джубгское, Краснодарский край;23:7:4
Новопокровское, Кавказское, Краснодарский край;23:8:1
Первомайское, Кавказское, Краснодарский край;23:8:2
Елизаветинское, Краснодарское, Краснодарский край;23:9:1
Каневское, Краснодарское, Краснодарский край;23:9:2
Усть-Лабинское, Краснодарское, Краснодарский край;23:9:3
Аргазинское, Верхнеманское, Красноярский край;24:10:1
Верхнеманское, Верхнеманское, Красноярский край;24:10:2
Вершино-Рыбинское, Верхнеманское, Красноярский край;24:10:3
Карлыковское, Верхнеманское, Красноярский край;24:10:4
Койское, Верхнеманское, Красноярский край;24:10:5
Минское, Верхнеманское, Красноярский край;24:10:6
Партизанское, Верхнеманское, Красноярский край;24:10:7
Партизанское сельское, Верхнеманское, Красноярский край;24:10:8
Ангарское, Гремучинское, Красноярский край;24:11:1
Бедобинское, Гремучинское, Красноярский край;24:11:2
Красногорьевское, Гремучинское, Красноярский край;24:11:3
Мадашенское, Гремучинское, Красноярский край;24:11:4
Шиверское, Гремучинское, Красноярский край;24:11:5
Куртюльское, Даурское, Красноярский край;24:12:1
Сисимское, Даурское, Красноярский край;24:12:2
Тубильское, Даурское, Красноярский край;24:12:3
Черемушкинское, Даурское, Красноярский край;24:12:4
Базайское, Национальный парк «Красноярские Столбы», Красноярский край;24:134:1
Манское, Национальный парк «Красноярские Столбы», Красноярский край;24:134:2
Столбинское, Национальный парк «Красноярские Столбы», Красноярский край;24:134:3
Дзержинское, Дзержинское, Красноярский край;24:13:1
Дзержинское сельское, Дзержинское, Красноярский край;24:13:2
Орловское, Дзержинское, Красноярский край;24:13:3
Улюкольское, Дзержинское, Красноярский край;24:13:4
Шеломковское, Дзержинское, Красноярский край;24:13:5
Долгомостовское, Долгомостовское, Красноярский край;24:14:1
Перспективное, Долгомостовское, Красноярский край;24:14:2
Покатеевское, Долгомостовское, Красноярский край;24:14:3
Солнечное, Долгомостовское, Красноярский край;24:14:4
Хандальское, Долгомостовское, Красноярский край;24:14:5
Кемчугское, Емельяновское, Красноярский край;24:15:2
Мало-Кемчугское, Емельяновское, Красноярский край;24:15:3
Михайловское, Емельяновское, Красноярский край;24:15:4
Мостовское, Емельяновское, Красноярский край;24:15:5
Никольское, Емельяновское, Красноярский край;24:15:6
Устюгское, Емельяновское, Красноярский край;24:15:7
Енисейское, Енисейское, Красноярский край;24:16:1
Чалбышевское, Енисейское, Красноярский край;24:16:10
Епишинское, Енисейское, Красноярский край;24:16:2
Каргинское, Енисейское, Красноярский край;24:16:3
Лосиноборское, Енисейское, Красноярский край;24:16:4
Маклаковское, Енисейское, Красноярский край;24:16:5
Назимовское, Енисейское, Красноярский край;24:16:6
Озерновское, Енисейское, Красноярский край;24:16:7
Рудиковское, Енисейское, Красноярский край;24:16:8
Усть-Питское, Енисейское, Красноярский край;24:16:9
Большереченское, Ермаковское, Красноярский край;24:17:1
Ермаковское, Ермаковское, Красноярский край;24:17:2
Танзыбейское, Ермаковское, Красноярский край;24:17:5
Екатерининское, Идринское, Красноярский край;24:18:1
Идринское, Идринское, Красноярский край;24:18:2
Идринское сельское, Идринское, Красноярский край;24:18:3
Козинское, Идринское, Красноярский край;24:18:4
Иланское, Иланское, Красноярский край;24:19:1
Росляковское, Иланское, Красноярский край;24:19:2
Северное, Иланское, Красноярский край;24:19:3
Южное, Иланское, Красноярский край;24:19:4
Абанское, Абанское, Красноярский край;24:1:1
Абанское сельское, Абанское, Красноярский край;24:1:2
Долгомостовское, Абанское, Красноярский край;24:1:3
Каменское, Абанское, Красноярский край;24:1:4
Почетское, Абанское, Красноярский край;24:1:5
Агульское, Ирбейское, Красноярский край;24:20:1
Ирбейское, Ирбейское, Красноярский край;24:20:2
Ирбейское сельское, Ирбейское, Красноярский край;24:20:3
Кесовское, Ирбейское, Красноярский край;24:20:4
Кунгусское, Ирбейское, Красноярский край;24:20:5
Галанинское, Казачинское, Красноярский край;24:21:1
Дементьевское, Казачинское, Красноярский край;24:21:2
Казачинское, Казачинское, Красноярский край;24:21:3
Кемское, Казачинское, Красноярский край;24:21:4
Кемское сельское, Казачинское, Красноярский край;24:21:5
Язаевское, Казачинское, Красноярский край;24:21:6
Канское, Канское, Красноярский край;24:22:1
Северное, Канское, Красноярский край;24:22:3
Таежное, Канское, Красноярский край;24:22:4
Верхне-Кужебарское, Каратузское, Красноярский край;24:23:1
Каратузское, Каратузское, Красноярский край;24:23:2
Нижне-Курятское, Каратузское, Красноярский край;24:23:3
Подтаежное, Каратузское, Красноярский край;24:23:4
Степное, Каратузское, Красноярский край;24:23:5
Червизюльское, Каратузское, Красноярский край;24:23:6
Артемовское, Кизирское, Красноярский край;24:24:1
Верхне-Сисимское, Кизирское, Красноярский край;24:24:2
Кошурниковское, Кизирское, Красноярский край;24:24:3
Пионерское, Кизирское, Красноярский край;24:24:4
Аксеновское, Кодинское, Красноярский край;24:25:1
Согринское, Кодинское, Красноярский край;24:25:10
Тагаринское, Кодинское, Красноярский край;24:25:11
Цембинское, Кодинское, Красноярский край;24:25:12
Чикогдинское, Кодинское, Красноярский край;24:25:13
Кежемское, Кодинское, Красноярский край;24:25:2
Ковинское, Кодинское, Красноярский край;24:25:3
Кодинское, Кодинское, Красноярский край;24:25:4
Лаушкардинское, Кодинское, Красноярский край;24:25:5
Неводинское, Кодинское, Красноярский край;24:25:6
Недокурское, Кодинское, Красноярский край;24:25:7
Пановское, Кодинское, Красноярский край;24:25:8
Проспихинское, Кодинское, Красноярский край;24:25:9
Жуковское, Козульское, Красноярский край;24:26:1
Козульское, Козульское, Красноярский край;24:26:2
Козульское сельское, Козульское, Красноярский край;24:26:3
Курбатовское, Козульское, Красноярский край;24:26:4
Трудновское, Козульское, Красноярский край;24:26:5
Чернореченское, Козульское, Красноярский край;24:26:6
Краснотуранское, Краснотуранское, Красноярский край;24:27:1
Краснотуранское сельское, Краснотуранское, Красноярский край;24:27:2
Бархатовское, Красноярское, Красноярский край;24:28:1
Бахтинское, Красноярское, Красноярский край;24:28:2
Вознесенское, Красноярское, Красноярский край;24:28:3
Дивногорское, Красноярское, Красноярский край;24:28:4
Кедровое, Красноярское, Красноярский край;24:28:5
Овсянское, Красноярское, Красноярский край;24:28:6
Советское, Красноярское, Красноярский край;24:28:7
Усть-Манское, Красноярское, Красноярский край;24:28:8
Хмельниковское, Красноярское, Красноярский край;24:28:9
Казырское, Курагинское, Красноярский край;24:29:1
Кордовское, Курагинское, Красноярский край;24:29:2
Курагинское, Курагинское, Красноярский край;24:29:3
Курагинское сельское, Курагинское, Красноярский край;24:29:4
Табратское, Курагинское, Красноярский край;24:29:5
Большеулуйское, Ачинское, Красноярский край;24:2:1
Бычковское, Ачинское, Красноярский край;24:2:2
Мазульское, Ачинское, Красноярский край;24:2:3
Тарутинское, Ачинское, Красноярский край;24:2:4
Тарутинское сельское, Ачинское, Красноярский край;24:2:5
Южно-Кытатское, Ачинское, Красноярский край;24:2:6
Ястребовское, Ачинское, Красноярский край;24:2:7
Березовское, Маганское, Красноярский край;24:30:1
Беретское, Маганское, Красноярский край;24:30:2
Верх-Базайское, Маганское, Красноярский край;24:30:3
Маганское, Маганское, Красноярский край;24:30:4
Урманское, Маганское, Красноярский край;24:30:5
Манзенское, Манзенское, Красноярский край;24:31:1
Пинчугское, Манзенское, Красноярский край;24:31:2
Таежинское, Манзенское, Красноярский край;24:31:3
Баджейское, Манское, Красноярский край;24:32:1
Колбинское, Манское, Красноярский край;24:32:2
Крольское, Манское, Красноярский край;24:32:3
Манское, Манское, Красноярский край;24:32:4
Унгутское, Манское, Красноярский край;24:32:5
Шалинское, Манское, Красноярский край;24:32:6
Шалинское сельское, Манское, Красноярский край;24:32:7
Бирюсинское, Мининское, Красноярский край;24:33:1
Дивногорское, Мининское, Красноярский край;24:33:2
Еловское, Мининское, Красноярский край;24:33:3
Зеледеевское, Мининское, Красноярский край;24:33:4
Караульное, Мининское, Красноярский край;24:33:5
Крутокачинское, Мининское, Красноярский край;24:33:6
Мининское, Мининское, Красноярский край;24:33:7
Шумихинское, Мининское, Красноярский край;24:33:8
Знаменское, Минусинское, Красноярский край;24:34:1
Инское, Минусинское, Красноярский край;24:34:2
Луговское, Минусинское, Красноярский край;24:34:3
Минусинское, Минусинское, Красноярский край;24:34:4
Минусинское сельское, Минусинское, Красноярский край;24:34:5
Кировское, Мотыгинское, Красноярский край;24:35:1
Кулаковское, Мотыгинское, Красноярский край;24:35:2
Мотыгинское, Мотыгинское, Красноярский край;24:35:3
Орджоникидзевское, Мотыгинское, Красноярский край;24:35:4
Первомайское, Мотыгинское, Красноярский край;24:35:5
Раздолинское, Мотыгинское, Красноярский край;24:35:6
Южно-Енисейское, Мотыгинское, Красноярский край;24:35:7
Березовское, Назаровское, Красноярский край;24:36:1
Медведское, Назаровское, Красноярский край;24:36:2
Назаровское, Назаровское, Красноярский край;24:36:3
Сахаптинское, Назаровское, Красноярский край;24:36:4
Говорковское, Невонское, Красноярский край;24:37:1
Ирбинское, Невонское, Красноярский край;24:37:2
Невонское, Невонское, Красноярский край;24:37:3
Зотинское, Нижне-Енисейское, Красноярский край;24:38:1
Касовское, Нижне-Енисейское, Красноярский край;24:38:2
Майское, Нижне-Енисейское, Красноярский край;24:38:3
Сурнихинское, Нижне-Енисейское, Красноярский край;24:38:4
Сымское, Нижне-Енисейское, Красноярский край;24:38:5
Ярцевское, Нижне-Енисейское, Красноярский край;24:38:6
Ярцевское сельское, Нижне-Енисейское, Красноярский край;24:38:7
Анашенское, Новоселовское, Красноярский край;24:39:1
Кульчекское, Новоселовское, Красноярский край;24:39:2
Новоселовское, Новоселовское, Красноярский край;24:39:3
Подтаежное, Новоселовское, Красноярский край;24:39:4
Степное, Новоселовское, Красноярский край;24:39:5
Байкитское, Байкитское, Красноярский край;24:3:1
Ошаровское, Байкитское, Красноярский край;24:3:2
Суломайское, Байкитское, Красноярский край;24:3:3
Алгайское, Пировское, Красноярский край;24:40:1
Большекетское, Пировское, Красноярский край;24:40:2
Пировское, Пировское, Красноярский край;24:40:3
Пировское сельское, Пировское, Красноярский край;24:40:4
Заводовское, Пойменское, Красноярский край;24:41:1
Пойменское, Пойменское, Красноярский край;24:41:2
Решотинское, Пойменское, Красноярский край;24:41:3
Тиличетское, Пойменское, Красноярский край;24:41:4
Тунгусское, Пойменское, Красноярский край;24:41:5
Заозерновское, Рыбинское, Красноярский край;24:42:1
Рыбинское, Рыбинское, Красноярский край;24:42:2
Верхне-Енисейское, Саяно-Шушенское, Красноярский край;24:43:1
Ивановское, Саяно-Шушенское, Красноярский край;24:43:2
Саяногорское, Саяно-Шушенское, Красноярский край;24:43:3
Субботинское, Саяно-Шушенское, Красноярский край;24:43:4
Шушенское, Саяно-Шушенское, Красноярский край;24:43:5
Шушенское сельское, Саяно-Шушенское, Красноярский край;24:43:6
Агинское, Саянское, Красноярский край;24:44:1
Агинское сельское, Саянское, Красноярский край;24:44:2
Вознесенское, Саянское, Красноярский край;24:44:3
Кан-Оклерское, Саянское, Красноярский край;24:44:4
Кирельское, Саянское, Красноярский край;24:44:5
Тугачинское, Саянское, Красноярский край;24:44:6
Брянковское, Северо-Енисейское, Красноярский край;24:45:1
Вельминское, Северо-Енисейское, Красноярский край;24:45:2
Ерудо-Питское, Северо-Енисейское, Красноярский край;24:45:3
Новокаламинское, Северо-Енисейское, Красноярский край;24:45:4
Пит-Городокское, Северо-Енисейское, Красноярский край;24:45:5
Северо-Енисейское, Северо-Енисейское, Красноярский край;24:45:6
Сухо-Питское, Северо-Енисейское, Красноярский край;24:45:7
Тейское, Северо-Енисейское, Красноярский край;24:45:8
Кононовское, Сухобузимское, Красноярский край;24:46:1
Павловское, Сухобузимское, Красноярский край;24:46:2
Сухобузимское, Сухобузимское, Красноярский край;24:46:3
Бирилюсское, Таежинское, Красноярский край;24:47:1
Бирилюсское сельское, Таежинское, Красноярский край;24:47:2
Кытатское, Таежинское, Красноярский край;24:47:3
Мало-Кетское, Таежинское, Красноярский край;24:47:4
Мелецкое, Таежинское, Красноярский край;24:47:5
Новобирилюсское, Таежинское, Красноярский край;24:47:6
Дудинское, Таймырское, Красноярский край;24:48:1
Хатангское, Таймырское, Красноярский край;24:48:2
Верхнетерянское, Терянское, Красноярский край;24:49:1
Иркинеевское, Терянское, Красноярский край;24:49:2
Кажимское, Терянское, Красноярский край;24:49:3
Каменское, Терянское, Красноярский край;24:49:4
Каталангское, Терянское, Красноярский край;24:49:5
Нижнетерянское, Терянское, Красноярский край;24:49:6
Балахтинское, Балахтинское, Красноярский край;24:4:1
Балахтинское сельское, Балахтинское, Красноярский край;24:4:2
Даурское, Балахтинское, Красноярский край;24:4:3
Атагашское, Тинское, Красноярский край;24:50:1
Ингашское, Тинское, Красноярский край;24:50:2
Северное, Тинское, Красноярский край;24:50:3
Тинское, Тинское, Красноярский край;24:50:4
Тугушинское, Тинское, Красноярский край;24:50:5
Южное, Тинское, Красноярский край;24:50:6
Ванаварское, Тунгусско-Чунское, Красноярский край;24:51:1
Чемдальское, Тунгусско-Чунское, Красноярский край;24:51:2
Чунское, Тунгусско-Чунское, Красноярский край;24:51:3
Аява, Тунгусско-Чунское, Красноярский край;24:51:4
Катанга, Тунгусско-Чунское, Красноярский край;24:51:5
Сегочамба, Тунгусско-Чунское, Красноярский край;24:51:6
Тэтэрэ, Тунгусско-Чунское, Красноярский край;24:51:7
Фитили, Тунгусско-Чунское, Красноярский край;24:51:8
Верхне-Имбатское, Туруханское, Красноярский край;24:52:1
Туруханское, Туруханское, Красноярский край;24:52:2
Кандатское, Тюхтетское, Красноярский край;24:53:1
Тюхтетское, Тюхтетское, Красноярский край;24:53:2
Чиндатское, Тюхтетское, Красноярский край;24:53:4
Чульское, Тюхтетское, Красноярский край;24:53:5
Парнинское, Ужурское, Красноярский край;24:54:1
Петропавловское, Ужурское, Красноярский край;24:54:2
Солгонское, Ужурское, Красноярский край;24:54:3
Ужурское, Ужурское, Красноярский край;24:54:4
Ужурское сельское, Ужурское, Красноярский край;24:54:5
Араданское, Усинское, Красноярский край;24:55:1
Верхне-Усинское, Усинское, Красноярский край;24:55:2
Нижне-Усинское, Усинское, Красноярский край;24:55:3
Бирюсинское, Усольское, Красноярский край;24:56:1
Кайтымское, Усольское, Красноярский край;24:56:2
Суховское, Усольское, Красноярский край;24:56:3
Тасеевское, Усольское, Красноярский край;24:56:4
Тасеевское сельское, Усольское, Красноярский край;24:56:5
Троицкое, Усольское, Красноярский край;24:56:6
Унжинское, Усольское, Красноярский край;24:56:7
Шумихинское, Усольское, Красноярский край;24:56:8
Богунаевское, Уярское, Красноярский край;24:57:1
Никольское, Уярское, Красноярский край;24:57:2
Сокаревское, Уярское, Красноярский край;24:57:3
Уярское, Уярское, Красноярский край;24:57:4
Уярское сельское, Уярское, Красноярский край;24:57:5
Заледеевское, Хребтовское, Красноярский край;24:58:1
Пашутинское, Хребтовское, Красноярский край;24:58:2
Яркинское, Хребтовское, Красноярский край;24:58:3
Новохайское, Чунское, Красноярский край;24:59:1
Такучетское, Чунское, Красноярский край;24:59:2
Хожинское, Чунское, Красноярский край;24:59:3
Чуноярское, Чунское, Красноярский край;24:59:4
Боготольское, Боготольское, Красноярский край;24:5:1
Боготольское сельское, Боготольское, Красноярский край;24:5:2
Гремяченское, Боготольское, Красноярский край;24:5:3
Краснореченское, Боготольское, Красноярский край;24:5:4
Парнинское, Шарыповское, Красноярский край;24:60:1
Шарыповское, Шарыповское, Красноярский край;24:60:2
Илимпийское, Эвенкийское, Красноярский край;24:61:1
Кислоканское, Эвенкийское, Красноярский край;24:61:2
Тутончанское, Эвенкийское, Красноярский край;24:61:3
Большеурское, ГПБЗ Саяно-Шушенский, Красноярский край;24:62:1
Енисейское, ГПБЗ Саяно-Шушенский, Красноярский край;24:62:2
Без деления на участковые лесничества, ГПБЗ Центральносибирский, Красноярский край;24:64:00
Горное, НП Шушенский бор, Красноярский край;24:69:1
Перовское, НП Шушенский бор, Красноярский край;24:69:2
Богучанское, Богучанское, Красноярский край;24:6:1
Карабульское, Богучанское, Красноярский край;24:6:2
Арейское, Красноярское, Красноярский край;24:70:1
Кедровое, Красноярское, Красноярский край;24:70:2
Большемуртинское, Большемуртинское, Красноярский край;24:7:1
Верхне-Казанское, Большемуртинское, Красноярский край;24:7:3
Красноключинское, Большемуртинское, Красноярский край;24:7:4
Мостовское, Большемуртинское, Красноярский край;24:7:5
Предивинское, Большемуртинское, Красноярский край;24:7:6
Таловское, Большемуртинское, Красноярский край;24:7:7
Юксеевское, Большемуртинское, Красноярский край;24:7:8
Без деления на участковые лесничества, Таежное, Красноярский край;24:85:00
Большеулуйское, Большеулуйское, Красноярский край;24:8:1
Борское, Борское, Красноярский край;24:9:1
Вороговское, Борское, Красноярский край;24:9:2
Подкаменно-Тунгусское, Борское, Красноярский край;24:9:3
Баневуровское, Уссурийское, Приморский край;25:10:1
Раковское, Уссурийское, Приморский край;25:10:10
Решетниковское, Уссурийское, Приморский край;25:10:11
Уссурийское, Уссурийское, Приморский край;25:10:12
Уссурийское сельское, Уссурийское, Приморский край;25:10:13
Ханкайское сельское, Уссурийское, Приморский край;25:10:14
Хорольское, Уссурийское, Приморский край;25:10:15
Ширяевское, Уссурийское, Приморский край;25:10:16
Экспериментальное, Уссурийское, Приморский край;25:10:17
Октябрьское сельское, Уссурийское, Приморский край;25:10:18
Пограничное сельское, Уссурийское, Приморский край;25:10:19
Ильинское, Уссурийское, Приморский край;25:10:2
Хорольское сельское, Уссурийское, Приморский край;25:10:20
Кленовское, Уссурийское, Приморский край;25:10:3
Комиссаровское, Уссурийское, Приморский край;25:10:4
Корсаковское, Уссурийское, Приморский край;25:10:5
Михайловское сельское, Уссурийское, Приморский край;25:10:6
Николаевское, Уссурийское, Приморский край;25:10:7
Николо-Львовское, Уссурийское, Приморский край;25:10:8
Пограничное, Уссурийское, Приморский край;25:10:9
Архиповское, Чугуевское, Приморский край;25:11:1
Самарское, Чугуевское, Приморский край;25:11:10
Уборковское, Чугуевское, Приморский край;25:11:11
Чугуевское, Чугуевское, Приморский край;25:11:12
Чугуевское сельское, Чугуевское, Приморский край;25:11:13
Шумнинское, Чугуевское, Приморский край;25:11:14
Березовское, Чугуевское, Приморский край;25:11:2
Бреевское, Чугуевское, Приморский край;25:11:3
Журавлевское, Чугуевское, Приморский край;25:11:4
Заветнинское, Чугуевское, Приморский край;25:11:5
Зареченское, Чугуевское, Приморский край;25:11:6
Каменское, Чугуевское, Приморский край;25:11:7
Кокшаровское, Чугуевское, Приморский край;25:11:8
Ленинское, Чугуевское, Приморский край;25:11:9
Колумбейское, ГПБЗ Сихотэ-Алинский, Приморский край;25:13:1
Куруминское, ГПБЗ Сихотэ-Алинский, Приморский край;25:13:2
Нижнее Колумбейское, ГПБЗ Сихотэ-Алинский, Приморский край;25:13:3
Прибрежное, ГПБЗ Сихотэ-Алинский, Приморский край;25:13:4
Тернейское, ГПБЗ Сихотэ-Алинский, Приморский край;25:13:5
Буянковское, Арсеньевское, Приморский край;25:1:1
Солнечное, Арсеньевское, Приморский край;25:1:10
Чернышевское, Арсеньевское, Приморский край;25:1:11
Яблоновское, Арсеньевское, Приморский край;25:1:12
Яковлевское, Арсеньевское, Приморский край;25:1:13
Яковлевское сельское, Арсеньевское, Приморский край;25:1:14
Варваровское, Арсеньевское, Приморский край;25:1:2
Виноградовское, Арсеньевское, Приморский край;25:1:3
Гордеевское, Арсеньевское, Приморский край;25:1:4
Муравейское, Арсеньевское, Приморский край;25:1:5
Новосысоевское, Арсеньевское, Приморский край;25:1:6
Покровское, Арсеньевское, Приморский край;25:1:7
Скворцовское, Арсеньевское, Приморский край;25:1:8
Смольнинское, Арсеньевское, Приморский край;25:1:9
Дальнекутское, НП Удэгейская легенда, Приморский край;25:20:1
Пихтовое, НП Удэгейская легенда, Приморский край;25:20:2
Партизанское, Партизанское, Приморский край;25:22:1
Тимофеевское, Партизанское, Приморский край;25:22:2
Тихоокеанское, Партизанское, Приморский край;25:22:3
Барабашское, Уссурийское, Приморский край;25:23:1
Сергеевское, Уссурийское, Приморский край;25:23:2
Уссурийское, Уссурийское, Приморский край;25:23:3
Бурлитское, Верхне-Перевальнинское, Приморский край;25:2:1
Охотничье, Верхне-Перевальнинское, Приморский край;25:2:10
Пожарское сельское, Верхне-Перевальнинское, Приморский край;25:2:11
Верхне-Перевальнинское, Верхне-Перевальнинское, Приморский край;25:2:2
Звеньевское, Верхне-Перевальнинское, Приморский край;25:2:3
Краснояровское, Верхне-Перевальнинское, Приморский край;25:2:4
Лермонтовское, Верхне-Перевальнинское, Приморский край;25:2:5
Лучегорское, Верхне-Перевальнинское, Приморский край;25:2:6
Пожарское, Верхне-Перевальнинское, Приморский край;25:2:7
Соболиное, Верхне-Перевальнинское, Приморский край;25:2:8
Стрельниковское, Верхне-Перевальнинское, Приморский край;25:2:9
Анисимовское, Владивостокское, Приморский край;25:3:1
Надеждинское, Владивостокское, Приморский край;25:3:10
Нежинское, Владивостокское, Приморский край;25:3:11
Островное, Владивостокское, Приморский край;25:3:12
Петровское, Владивостокское, Приморский край;25:3:13
Раздольнинское, Владивостокское, Приморский край;25:3:14
Садгородское, Владивостокское, Приморский край;25:3:15
Седанское, Владивостокское, Приморский край;25:3:16
Славянское, Владивостокское, Приморский край;25:3:17
Центральное, Владивостокское, Приморский край;25:3:18
Шкотовское, Владивостокское, Приморский край;25:3:19
Артемовское, Владивостокское, Приморский край;25:3:2
Хасанское сельское, Владивостокское, Приморский край;25:3:20
Барабашское, Владивостокское, Приморский край;25:3:3
Заводское, Владивостокское, Приморский край;25:3:4
Занадворовское, Владивостокское, Приморский край;25:3:5
Краскинское, Владивостокское, Приморский край;25:3:6
Кучелиновское, Владивостокское, Приморский край;25:3:7
Лазурное, Владивостокское, Приморский край;25:3:8
Многоудобненское, Владивостокское, Приморский край;25:3:9
Боголюбовское, Дальнереченское, Приморский край;25:4:1
Мартыново-Полянское, Дальнереченское, Приморский край;25:4:10
Марьяновское, Дальнереченское, Приморский край;25:4:11
Междуреченское, Дальнереченское, Приморский край;25:4:12
Пантелеймоновское, Дальнереченское, Приморский край;25:4:13
Пожигинское, Дальнереченское, Приморский край;25:4:14
Веденское, Дальнереченское, Приморский край;25:4:2
Зимниковское, Дальнереченское, Приморский край;25:4:3
Кировское, Дальнереченское, Приморский край;25:4:4
Кировское сельское, Дальнереченское, Приморский край;25:4:5
Ключевское, Дальнереченское, Приморский край;25:4:6
Курортное, Дальнереченское, Приморский край;25:4:7
Лесозаводское, Дальнереченское, Приморский край;25:4:8
Лесозаводское сельское, Дальнереченское, Приморский край;25:4:9
Без деления на участковые лесничества, Артемовское городское, Приморский край;25:58:00
Дальнегорское, Кавалеровское, Приморский край;25:5:1
Сихотэ-Алинское, Кавалеровское, Приморский край;25:5:10
Тайгинское, Кавалеровское, Приморский край;25:5:11
Устиновское, Кавалеровское, Приморский край;25:5:12
Черемшанское, Кавалеровское, Приморский край;25:5:13
Кавалеровское, Кавалеровское, Приморский край;25:5:2
Кавалеровское сельское, Кавалеровское, Приморский край;25:5:3
Лужковское, Кавалеровское, Приморский край;25:5:4
Маргаритовское, Кавалеровское, Приморский край;25:5:5
Михайловское, Кавалеровское, Приморский край;25:5:6
Мономаховское, Кавалеровское, Приморский край;25:5:7
Ольгинское, Кавалеровское, Приморский край;25:5:8
Пермское, Кавалеровское, Приморский край;25:5:9
Восточное, Рощинское, Приморский край;25:6:1
Таежное, Рощинское, Приморский край;25:6:10
Вострецовское, Рощинское, Приморский край;25:6:2
Голубичное, Рощинское, Приморский край;25:6:3
Дальнекутское, Рощинское, Приморский край;25:6:4
Долинное, Рощинское, Приморский край;25:6:5
Измайлихинское, Рощинское, Приморский край;25:6:6
Мельничное, Рощинское, Приморский край;25:6:7
Новопокровское, Рощинское, Приморский край;25:6:8
Пихтовое, Рощинское, Приморский край;25:6:9
Владимиро-Александровское, Сергеевское, Приморский край;25:7:1
Серебрянское, Сергеевское, Приморский край;25:7:10
Тигровское, Сергеевское, Приморский край;25:7:11
Углекаменское, Сергеевское, Приморский край;25:7:12
Фроловское, Сергеевское, Приморский край;25:7:13
Чернорученское, Сергеевское, Приморский край;25:7:14
Чистоводное, Сергеевское, Приморский край;25:7:15
Волчанецкое, Сергеевское, Приморский край;25:7:2
Киевское, Сергеевское, Приморский край;25:7:3
Лазовское, Сергеевское, Приморский край;25:7:4
Молчановское, Сергеевское, Приморский край;25:7:5
Находкинское, Сергеевское, Приморский край;25:7:6
Партизанское, Сергеевское, Приморский край;25:7:7
Партизанское сельское, Сергеевское, Приморский край;25:7:8
Сергеевское, Сергеевское, Приморский край;25:7:9
Бельцовское, Спасское, Приморский край;25:8:1
Нововладимировское, Спасское, Приморский край;25:8:2
Реттиховское, Спасское, Приморский край;25:8:3
Свиягинское, Спасское, Приморский край;25:8:4
Сибирцевское, Спасское, Приморский край;25:8:5
Спасское, Спасское, Приморский край;25:8:6
Спасское сельское, Спасское, Приморский край;25:8:7
Черниговское, Спасское, Приморский край;25:8:8
Агзинское, Тернейское, Приморский край;25:9:1
Амгинское, Тернейское, Приморский край;25:9:2
Малокемское, Тернейское, Приморский край;25:9:3
Пластунское, Тернейское, Приморский край;25:9:4
Самаргинское, Тернейское, Приморский край;25:9:5
Светлинское, Тернейское, Приморский край;25:9:6
Тернейское, Тернейское, Приморский край;25:9:7
Усть-Соболевское, Тернейское, Приморский край;25:9:8
Курсавское, Невинномысское, Ставропольский край;26:10:1
Невинномысское, Невинномысское, Ставропольский край;26:10:2
Зеленокумское, Нижне-Кумское, Ставропольский край;26:11:1
Нижне-Кумское, Нижне-Кумское, Ставропольский край;26:11:2
Грачевское, Ставропольское, Ставропольский край;26:12:1
Ставропольское, Ставропольское, Ставропольский край;26:12:2
Бештаугорское, Бештаугорское, Ставропольский край;26:1:1
Минераловодское, Бештаугорское, Ставропольский край;26:1:2
Георгиевское, Георгиевское, Ставропольский край;26:2:1
Кумское, Георгиевское, Ставропольский край;26:2:2
Дивенское, Дивенское, Ставропольский край;26:3:1
Ипатовское, Дивенское, Ставропольский край;26:3:2
Петровское, Дивенское, Ставропольский край;26:3:3
Туркменское, Дивенское, Ставропольский край;26:3:4
Ессентукское, Ессентукское, Ставропольский край;26:4:1
Григорополисское, Изобильненское, Ставропольский край;26:5:1
Изобильненское, Изобильненское, Ставропольский край;26:5:2
Благодарненское, Калаусское, Ставропольский край;26:6:1
Журавское, Калаусское, Ставропольский край;26:6:2
Калаусское, Калаусское, Ставропольский край;26:6:3
Кисловодское, Кисловодское, Ставропольский край;26:7:1
Курское, Курское, Ставропольский край;26:8:1
Степновское, Курское, Ставропольский край;26:8:2
Арзгирское, Левокумское, Ставропольский край;26:9:1
Левокумское, Левокумское, Ставропольский край;26:9:2
Нефтекумское, Левокумское, Ставропольский край;26:9:3
Даппинское, Гурское, Хабаровский край;27:10:1
Картельское, Гурское, Хабаровский край;27:10:2
Мачтовое, Гурское, Хабаровский край;27:10:3
Пиваньское, Гурское, Хабаровский край;27:10:4
Селихинское, Гурское, Хабаровский край;27:10:5
Снежное, Гурское, Хабаровский край;27:10:6
Быстринское, Де-Кастринское, Хабаровский край;27:11:1
Де-Кастринское, Де-Кастринское, Хабаровский край;27:11:2
Дуйское, Де-Кастринское, Хабаровский край;27:11:3
Софийское, Де-Кастринское, Хабаровский край;27:11:4
Иннокентьевское, Иннокентьевское, Хабаровский край;27:12:1
Маноминское, Иннокентьевское, Хабаровский край;27:12:2
Славянское, Иннокентьевское, Хабаровский край;27:12:3
Амгуньское, Кербинское, Хабаровский край;27:13:1
Кербинское, Кербинское, Хабаровский край;27:13:2
Нимеленское, Кербинское, Хабаровский край;27:13:3
Омальское, Кербинское, Хабаровский край;27:13:4
Херпучинское, Кербинское, Хабаровский край;27:13:5
Булавинское, Кизинское, Хабаровский край;27:14:1
Кизинское, Кизинское, Хабаровский край;27:14:2
Мариинское, Кизинское, Хабаровский край;27:14:3
Чильбинское, Кизинское, Хабаровский край;27:14:4
Бокторское, Комсомольское, Хабаровский край;27:15:1
Галичное, Комсомольское, Хабаровский край;27:15:2
Городское, Комсомольское, Хабаровский край;27:15:3
Хурбинское, Комсомольское, Хабаровский край;27:15:4
Инское, Кур-Урмийское, Хабаровский край;27:16:1
Куканское, Кур-Урмийское, Хабаровский край;27:16:2
Талаканское, Кур-Урмийское, Хабаровский край;27:16:3
Урмийское, Кур-Урмийское, Хабаровский край;27:16:4
Лазаревское, Лазаревское, Хабаровский край;27:17:1
Нигирьское, Лазаревское, Хабаровский край;27:17:2
Нижне-Амурское, Лазаревское, Хабаровский край;27:17:3
Дабандинское, Литовское, Хабаровский край;27:18:1
Даргинское, Литовское, Хабаровский край;27:18:2
Литовское, Литовское, Хабаровский край;27:18:3
Самболинское, Литовское, Хабаровский край;27:18:4
Верхне-Хорское, Мухенское, Хабаровский край;27:19:1
Мухенское, Мухенское, Хабаровский край;27:19:2
Немптинское, Мухенское, Хабаровский край;27:19:3
Сийское, Мухенское, Хабаровский край;27:19:4
Аванское, Аванское, Хабаровский край;27:1:1
Верхне-Подхоренковское, Аванское, Хабаровский край;27:1:2
Вяземское, Аванское, Хабаровский край;27:1:3
Капитоновское, Аванское, Хабаровский край;27:1:4
Подхоренковское, Аванское, Хабаровский край;27:1:5
Анюйское, Нанайское, Хабаровский край;27:20:1
Верхне-Анюйское, Нанайское, Хабаровский край;27:20:2
Гассинское, Нанайское, Хабаровский край;27:20:3
Елабужское, Нанайское, Хабаровский край;27:20:4
Озерное, Нанайское, Хабаровский край;27:20:5
Синдинское, Нанайское, Хабаровский край;27:20:6
Троицкое, Нанайское, Хабаровский край;27:20:7
Ильинское, Нижнетамбовское, Хабаровский край;27:21:1
Нижнетамбовское, Нижнетамбовское, Хабаровский край;27:21:2
Халбинское, Нижнетамбовское, Хабаровский край;27:21:3
Ягодное, Нижнетамбовское, Хабаровский край;27:21:4
Городское, Николаевское, Хабаровский край;27:22:1
Колчанское, Николаевское, Хабаровский край;27:22:2
Магинское, Николаевское, Хабаровский край;27:22:3
Многовершинное, Николаевское, Хабаровский край;27:22:4
Озерпахское, Николаевское, Хабаровский край;27:22:5
Верхне-Немптинское, Оборское, Хабаровский край;27:23:1
Дурминское, Оборское, Хабаровский край;27:23:2
Оборское, Оборское, Хабаровский край;27:23:3
Сидиминское, Оборское, Хабаровский край;27:23:4
Ситинское, Оборское, Хабаровский край;27:23:5
Инское, Охотское, Хабаровский край;27:24:1
Охотское, Охотское, Хабаровский край;27:24:2
Ульинское, Охотское, Хабаровский край;27:24:3
Амурское, Падалинское, Хабаровский край;27:25:1
Верхне-Курское, Падалинское, Хабаровский край;27:25:2
Падалинское, Падалинское, Хабаровский край;27:25:3
Эльбанское, Падалинское, Хабаровский край;27:25:4
Ванинское, Северное, Хабаровский край;27:26:1
Тумнинское, Северное, Хабаровский край;27:26:2
Хутинское, Северное, Хабаровский край;27:26:3
Городское, Советское, Хабаровский край;27:27:1
Гроссевичское, Советское, Хабаровский край;27:27:2
Коппинское, Советское, Хабаровский край;27:27:3
Нельминское, Советское, Хабаровский край;27:27:4
Совгаванское, Советское, Хабаровский край;27:27:5
Солнечное, Солнечное, Хабаровский край;27:28:1
Харпинское, Солнечное, Хабаровский край;27:28:2
Хурмулинское, Солнечное, Хабаровский край;27:28:3
Верхне-Сукпайское, Сукпайское, Хабаровский край;27:29:1
Горное, Сукпайское, Хабаровский край;27:29:2
Сукпайское, Сукпайское, Хабаровский край;27:29:3
Амгуньское, Амгуньское, Хабаровский край;27:2:1
Баджальское, Амгуньское, Хабаровский край;27:2:2
Боленское, Амгуньское, Хабаровский край;27:2:3
Дукинское, Амгуньское, Хабаровский край;27:2:4
Ниланское, Амгуньское, Хабаровский край;27:2:5
Средне-Амгуньское, Амгуньское, Хабаровский край;27:2:6
Восточное, Тумнинское, Хабаровский край;27:30:1
Мулинское, Тумнинское, Хабаровский край;27:30:2
Сизиманское, Тумнинское, Хабаровский край;27:30:3
Тулучинское, Тумнинское, Хабаровский край;27:30:4
Аланапское, Тырминское, Хабаровский край;27:31:1
Гуджиканское, Тырминское, Хабаровский край;27:31:2
Мельгинское, Тырминское, Хабаровский край;27:31:3
Согдинское, Тырминское, Хабаровский край;27:31:4
Сутарское, Тырминское, Хабаровский край;27:31:5
Таланджинское, Тырминское, Хабаровский край;27:31:6
Тырминское, Тырминское, Хабаровский край;27:31:7
Ушманское, Тырминское, Хабаровский край;27:31:8
Гурское, Уктурское, Хабаровский край;27:32:1
Джаурское, Уктурское, Хабаровский край;27:32:2
Уктурское, Уктурское, Хабаровский край;27:32:3
Бираканское, Уликанское, Хабаровский край;27:33:1
Ниранское, Уликанское, Хабаровский край;27:33:2
Уликанское, Уликанское, Хабаровский край;27:33:3
Ярапское, Уликанское, Хабаровский край;27:33:4
Богородское, Ульчское, Хабаровский край;27:34:1
Больше-Михайловское, Ульчское, Хабаровский край;27:34:2
Воскресенское, Ульчское, Хабаровский край;27:34:3
Тахтинское, Ульчское, Хабаровский край;27:34:4
Удыльское, Ульчское, Хабаровский край;27:34:5
Дубликанское, Ургальское, Хабаровский край;27:35:1
Нимаканское, Ургальское, Хабаровский край;27:35:2
Туюнское, Ургальское, Хабаровский край;27:35:3
Умальтинское, Ургальское, Хабаровский край;27:35:4
Ургальское, Ургальское, Хабаровский край;27:35:5
Чекундинское, Ургальское, Хабаровский край;27:35:6
Анастасьевское, Хабаровское, Хабаровский край;27:36:1
Брацлавское, Хабаровское, Хабаровский край;27:36:2
Вишневское, Хабаровское, Хабаровский край;27:36:3
Елабужское, Хабаровское, Хабаровский край;27:36:4
Лесопарковое, Хабаровское, Хабаровский край;27:36:5
Мало-Хехцирское, Хабаровское, Хабаровский край;27:36:6
Корфовское, Хехцирское, Хабаровский край;27:37:1
Лесопарковое, Хехцирское, Хабаровский край;27:37:2
Мало-Хехцирское, Хехцирское, Хабаровский край;27:37:3
Мало-Чиркинское, Хехцирское, Хабаровский край;27:37:4
Бичевское, Хорское, Хабаровский край;27:38:1
Катэнское, Хорское, Хабаровский край;27:38:2
Кафэнское, Хорское, Хабаровский край;27:38:3
Киинское, Хорское, Хабаровский край;27:38:4
Лазовское, Хорское, Хабаровский край;27:38:5
Чиркинское, Хорское, Хабаровский край;27:38:6
Чумиканское, Чумиканское, Хабаровский край;27:39:1
Аимское, Аянское, Хабаровский край;27:3:1
Аянское, Аянское, Хабаровский край;27:3:2
Нельканское, Аянское, Хабаровский край;27:3:3
Харпичанское, Эворонское, Хабаровский край;27:40:1
Чукчагирское, Эворонское, Хабаровский край;27:40:2
Эворонское, Эворонское, Хабаровский край;27:40:3
Эвурское, Эворонское, Хабаровский край;27:40:4
Литовское, Хабаровское, Хабаровский край;27:49:1
Утесное, Хабаровское, Хабаровский край;27:49:2
Хабаровское, Хабаровское, Хабаровский край;27:49:3
Верхне-Амгуньское, Баджальское, Хабаровский край;27:4:1
Гербинское, Баджальское, Хабаровский край;27:4:2
Сулукское, Баджальское, Хабаровский край;27:4:3
Бикинское, Бикинское, Хабаровский край;27:5:1
Звеньевское, Бикинское, Хабаровский край;27:5:2
Лермонтовское, Бикинское, Хабаровский край;27:5:3
Болоньское, Болоньское, Хабаровский край;27:6:1
Сельгонское, Болоньское, Хабаровский край;27:6:2
Харпинское, Болоньское, Хабаровский край;27:6:3
Киселевское, Быстринское, Хабаровский край;27:7:1
Ключевское, Быстринское, Хабаровский край;27:7:2
Сухановское, Быстринское, Хабаровский край;27:7:3
Верхне-Тумнинское, Высокогорное, Хабаровский край;27:8:1
Высокогорное, Высокогорное, Хабаровский край;27:8:2
Кенадское, Высокогорное, Хабаровский край;27:8:3
Северное, Высокогорное, Хабаровский край;27:8:4
Тумнинское, Высокогорное, Хабаровский край;27:8:5
Горинское, Горинское, Хабаровский край;27:9:1
Октябрьское, Горинское, Хабаровский край;27:9:2
Снежное, Горинское, Хабаровский край;27:9:3
Хурмулинское, Горинское, Хабаровский край;27:9:4
Загорненское, Свободненское, Амурская область;28:10:1
Ледянское, Свободненское, Амурская область;28:10:2
Свободненское, Свободненское, Амурская область;28:10:3
Семеновское, Свободненское, Амурская область;28:10:4
Беленькое, Тындинское, Амурская область;28:11:1
Соловьевское, Тындинское, Амурская область;28:11:10
Тындинское, Тындинское, Амурская область;28:11:11
Унахинское, Тындинское, Амурская область;28:11:12
Урканское, Тындинское, Амурская область;28:11:13
Уркиминское, Тындинское, Амурская область;28:11:14
Утугайское, Тындинское, Амурская область;28:11:15
Хорогочинское, Тындинское, Амурская область;28:11:16
Джелтулакское, Тындинское, Амурская область;28:11:2
Дипкунское, Тындинское, Амурская область;28:11:3
Ларбинское, Тындинское, Амурская область;28:11:4
Моготское, Тындинское, Амурская область;28:11:5
Нюкжинское, Тындинское, Амурская область;28:11:6
Пригородное, Тындинское, Амурская область;28:11:7
Северо-Ларбинское, Тындинское, Амурская область;28:11:8
Сигиктинское, Тындинское, Амурская область;28:11:9
Бейтоновское, Урушинское, Амурская область;28:12:1
Урушинское, Урушинское, Амурская область;28:12:10
Верхненюкжинское, Урушинское, Амурская область;28:12:2
Верхнеурушинское, Урушинское, Амурская область;28:12:3
Джалиндинское, Урушинское, Амурская область;28:12:4
Ерофеевское, Урушинское, Амурская область;28:12:5
Игнашинское, Урушинское, Амурская область;28:12:6
Сковородинское, Урушинское, Амурская область;28:12:7
Талданское, Урушинское, Амурская область;28:12:8
Тахтамыгдинское, Урушинское, Амурская область;28:12:9
Кумарское, Шимановское, Амурская область;28:13:1
Кухтеринское, Шимановское, Амурская область;28:13:2
Мухинское, Шимановское, Амурская область;28:13:3
Нововоскресеновское, Шимановское, Амурская область;28:13:4
Новогеоргиевское, Шимановское, Амурская область;28:13:5
Селетканское, Шимановское, Амурская область;28:13:6
Чагоянское, Шимановское, Амурская область;28:13:7
Шимановское, Шимановское, Амурская область;28:13:8
Антоновское, ГПЗ Хинганский, Амурская область;28:16:1
Лебединское, ГПЗ Хинганский, Амурская область;28:16:2
Хинганское, ГПЗ Хинганский, Амурская область;28:16:3
Архаринское, Архаринское, Амурская область;28:1:1
Кундурское, Архаринское, Амурская область;28:1:2
Татаканское, Архаринское, Амурская область;28:1:3
Урильское, Архаринское, Амурская область;28:1:4
Белогорское, Белогорское, Амурская область;28:2:1
Ромненское, Белогорское, Амурская область;28:2:2
Серышевское, Белогорское, Амурская область;28:2:3
Советское, Белогорское, Амурская область;28:2:4
Городское, Благовещенское, Амурская область;28:3:1
Натальинское, Благовещенское, Амурская область;28:3:2
Сергеевское, Благовещенское, Амурская область;28:3:3
Бахиревское, Бурейское, Амурская область;28:4:1
Бурейское, Бурейское, Амурская область;28:4:2
Кулустайское, Бурейское, Амурская область;28:4:3
Чеугдинское, Бурейское, Амурская область;28:4:4
Завитинское, Завитинское, Амурская область;28:5:1
Михайловское, Завитинское, Амурская область;28:5:2
Октябрьское, Завитинское, Амурская область;28:5:3
Райчихинское, Завитинское, Амурская область;28:5:4
Бомнакское, Зейское, Амурская область;28:6:1
Огоронское, Зейское, Амурская область;28:6:10
Октябрьское, Зейское, Амурская область;28:6:11
Потехинское, Зейское, Амурская область;28:6:12
Снежногорское, Зейское, Амурская область;28:6:13
Туксинское, Зейское, Амурская область;28:6:14
Урканское, Зейское, Амурская область;28:6:15
Верхненорское, Зейское, Амурская область;28:6:2
Горненское, Зейское, Амурская область;28:6:3
Дугдинское, Зейское, Амурская область;28:6:4
Зейское, Зейское, Амурская область;28:6:5
Золотогорское, Зейское, Амурская область;28:6:6
Кировское, Зейское, Амурская область;28:6:7
Ново-Ямпольское, Зейское, Амурская область;28:6:8
Овсянковское, Зейское, Амурская область;28:6:9
Гонжинское, Магдагачинское, Амурская область;28:7:1
Магдагачинское, Магдагачинское, Амурская область;28:7:2
Сивакское, Магдагачинское, Амурская область;28:7:3
Толбузинское, Магдагачинское, Амурская область;28:7:4
Тыгдинское, Магдагачинское, Амурская область;28:7:5
Ушумунское, Магдагачинское, Амурская область;28:7:6
Черняевское, Магдагачинское, Амурская область;28:7:7
Лебединское, Мазановское, Амурская область;28:8:1
Мазановское, Мазановское, Амурская область;28:8:2
Майское, Мазановское, Амурская область;28:8:3
Маргаритовское, Мазановское, Амурская область;28:8:4
Новороссийское, Мазановское, Амурская область;28:8:5
Златоустовское, Норское, Амурская область;28:9:1
Меунское, Норское, Амурская область;28:9:2
Норское, Норское, Амурская область;28:9:3
Огоджинское, Норское, Амурская область;28:9:4
Стойбинское, Норское, Амурская область;28:9:5
Февральское, Норское, Амурская область;28:9:6
Экимчанское, Норское, Амурская область;28:9:7
Янсайское, Норское, Амурская область;28:9:8
Вандышское, Коношское, Архангельская область;29:10:1
Хмельницкое, Коношское, Архангельская область;29:10:10
Ширихановское, Коношское, Архангельская область;29:10:11
Ерцевское, Коношское, Архангельская область;29:10:2
Климовское, Коношское, Архангельская область;29:10:3
Коношское, Коношское, Архангельская область;29:10:4
Подюжское, Коношское, Архангельская область;29:10:5
Ротковецкое, Коношское, Архангельская область;29:10:6
Тавреньгское, Коношское, Архангельская область;29:10:7
Тавреньгское сельское, Коношское, Архангельская область;29:10:8
Фоминское, Коношское, Архангельская область;29:10:9
Вычегодское, Котласское, Архангельская область;29:11:1
Котласское, Котласское, Архангельская область;29:11:2
Котласское сельское, Котласское, Архангельская область;29:11:3
Северное, Котласское, Архангельская область;29:11:4
Удимское, Котласское, Архангельская область;29:11:5
Черемушское, Котласское, Архангельская область;29:11:6
Шипицинское, Котласское, Архангельская область;29:11:7
Шипицинское сельское, Котласское, Архангельская область;29:11:8
Комаровское, Красноборское, Архангельская область;29:12:1
Белослудское, Красноборское, Архангельская область;29:12:10
Пермогорское, Красноборское, Архангельская область;29:12:11
Красноборское, Красноборское, Архангельская область;29:12:2
Красноборское сельское, Красноборское, Архангельская область;29:12:3
Новошинское, Красноборское, Архангельская область;29:12:4
Праводвинское, Красноборское, Архангельская область;29:12:5
Слободское, Красноборское, Архангельская область;29:12:6
Уфтюгское, Красноборское, Архангельская область;29:12:7
Уфтюгское сельское, Красноборское, Архангельская область;29:12:8
Черевковское, Красноборское, Архангельская область;29:12:9
Вожгорское, Лешуконское, Архангельская область;29:13:1
Койнасское, Лешуконское, Архангельская область;29:13:2
Лешуконское, Лешуконское, Архангельская область;29:13:3
Олемское, Лешуконское, Архангельская область;29:13:4
Усть-Вашское, Лешуконское, Архангельская область;29:13:5
Кымское, Лешуконское, Архангельская область;29:13:6
Ценогорское, Лешуконское, Архангельская область;29:13:7
Юромское, Лешуконское, Архангельская область;29:13:8
Бычьевское, Мезенское, Архангельская область;29:14:1
Кулойское, Мезенское, Архангельская область;29:14:2
Мезенское, Мезенское, Архангельская область;29:14:3
Мосеевское, Мезенское, Архангельская область;29:14:4
Ручьевское, Мезенское, Архангельская область;29:14:5
Совпольское, Мезенское, Архангельская область;29:14:6
Соянское, Мезенское, Архангельская область;29:14:7
Бурачихинское, Няндомское, Архангельская область;29:15:1
Лимское, Няндомское, Архангельская область;29:15:2
Мошинское, Няндомское, Архангельская область;29:15:3
Няндомское, Няндомское, Архангельская область;29:15:4
Няндомское сельское, Няндомское, Архангельская область;29:15:5
Шалакушское, Няндомское, Архангельская область;29:15:6
Шожемское, Няндомское, Архангельская область;29:15:7
Ивакшанское, Няндомское, Архангельская область;29:15:8
Лепшинское, Няндомское, Архангельская область;29:15:9
Верховское, Обозерское, Архангельская область;29:16:1
Турчасовское, Обозерское, Архангельская область;29:16:10
Войборское, Обозерское, Архангельская область;29:16:2
Емцовское, Обозерское, Архангельская область;29:16:3
Емцовское учебно-опытное, Обозерское, Архангельская область;29:16:4
Кирилловское, Обозерское, Архангельская область;29:16:5
Левашское, Обозерское, Архангельская область;29:16:6
Озерское, Обозерское, Архангельская область;29:16:7
Пермиловское, Обозерское, Архангельская область;29:16:8
Северное, Обозерское, Архангельская область;29:16:9
Караминское, Онежское, Архангельская область;29:17:1
Унежемское, Онежское, Архангельская область;29:17:10
Чекуевское, Онежское, Архангельская область;29:17:11
Клещевское, Онежское, Архангельская область;29:17:12
Кодинское, Онежское, Архангельская область;29:17:2
Кожское, Онежское, Архангельская область;29:17:3
Малошуйское, Онежское, Архангельская область;29:17:4
Нижмозерское, Онежское, Архангельская область;29:17:5
Нименьгское, Онежское, Архангельская область;29:17:6
Онежское, Онежское, Архангельская область;29:17:7
Онежское сельское, Онежское, Архангельская область;29:17:8
Прилукское, Онежское, Архангельская область;29:17:9
Ежугское, Пинежское, Архангельская область;29:18:1
Келдинское, Пинежское, Архангельская область;29:18:2
Кулойское, Пинежское, Архангельская область;29:18:3
Пинежское, Пинежское, Архангельская область;29:18:4
Пинежское сельское, Пинежское, Архангельская область;29:18:5
Сояльское, Пинежское, Архангельская область;29:18:6
Труфанагорское, Пинежское, Архангельская область;29:18:7
Липаковское, Плесецкое, Архангельская область;29:19:1
Шелекское, Плесецкое, Архангельская область;29:19:10
Оксовское, Плесецкое, Архангельская область;29:19:2
Плесецкое, Плесецкое, Архангельская область;29:19:3
Плесецкое сельское, Плесецкое, Архангельская область;29:19:4
Пуксинское, Плесецкое, Архангельская область;29:19:5
Федовское, Плесецкое, Архангельская область;29:19:6
Красновское, Плесецкое, Архангельская область;29:19:7
Мошинское, Плесецкое, Архангельская область;29:19:8
Североонежское, Плесецкое, Архангельская область;29:19:9
Архангельское, Архангельское, Архангельская область;29:1:1
Беломорское, Архангельское, Архангельская область;29:1:2
Ижемское, Архангельское, Архангельская область;29:1:3
Исакогорское, Архангельское, Архангельская область;29:1:4
Кепинское, Архангельское, Архангельская область;29:1:5
Лодемское, Архангельское, Архангельская область;29:1:6
Новодвинское, Архангельское, Архангельская область;29:1:7
Поморское, Архангельское, Архангельская область;29:1:8
Усть-Двинское, Архангельское, Архангельская область;29:1:9
Кенозерское, Приозерное, Архангельская область;29:20:1
Коневское, Приозерное, Архангельская область;29:20:2
Лелемское, Приозерное, Архангельская область;29:20:3
Самковское, Приозерное, Архангельская область;29:20:4
Ундозерское, Приозерное, Архангельская область;29:20:5
Янгорское, Приозерное, Архангельская область;29:20:6
Кенорецкое, Приозерное, Архангельская область;29:20:7
Выяжское, Пуксоозерское, Архангельская область;29:21:1
Квандозерское, Пуксоозерское, Архангельская область;29:21:2
Кочмасское, Пуксоозерское, Архангельская область;29:21:3
Мехреньгское, Пуксоозерское, Архангельская область;29:21:4
Петровское, Пуксоозерское, Архангельская область;29:21:5
Салтозерское, Пуксоозерское, Архангельская область;29:21:6
Белозерское, Северодвинское, Архангельская область;29:22:1
Верхнеозерское, Северодвинское, Архангельская область;29:22:2
Лайское, Северодвинское, Архангельская область;29:22:3
Северодвинское, Северодвинское, Архангельская область;29:22:4
Унское, Северодвинское, Архангельская область;29:22:5
Без деления на участковые лесничества, Сийский лесопарк, Архангельская область;29:23:00
Без деления на участковые лесничества, Соловецкое, Архангельская область;29:24:00
Лавельское, Сурское, Архангельская область;29:25:1
Нюхченское, Сурское, Архангельская область;29:25:2
Пюлавское, Сурское, Архангельская область;29:25:3
Сулецкое, Сурское, Архангельская область;29:25:4
Сурское, Сурское, Архангельская область;29:25:5
Шуйгинское, Сурское, Архангельская область;29:25:6
Бестужевское, Устьянское, Архангельская область;29:26:1
Студенецкое, Устьянское, Архангельская область;29:26:10
Устьянское, Устьянское, Архангельская область;29:26:11
Чадромское, Устьянское, Архангельская область;29:26:12
Шангальское, Устьянское, Архангельская область;29:26:13
Дмитриевское, Устьянское, Архангельская область;29:26:2
Железнодорожное, Устьянское, Архангельская область;29:26:3
Квазеньгское, Устьянское, Архангельская область;29:26:4
Киземское, Устьянское, Архангельская область;29:26:5
Лихачевское, Устьянское, Архангельская область;29:26:6
Минское, Устьянское, Архангельская область;29:26:7
Октябрьское, Устьянское, Архангельская область;29:26:8
Плосское, Устьянское, Архангельская область;29:26:9
Белогорское, Холмогорское, Архангельская область;29:27:1
Келдозерское, Холмогорское, Архангельская область;29:27:2
Кузоменское, Холмогорское, Архангельская область;29:27:3
Ломоносовское, Холмогорское, Архангельская область;29:27:4
Орлецкое, Холмогорское, Архангельская область;29:27:5
Устьпинежское, Холмогорское, Архангельская область;29:27:6
Холмогорское, Холмогорское, Архангельская область;29:27:7
Холмогорское сельское, Холмогорское, Архангельская область;29:27:8
Боровское, Шенкурское, Архангельская область;29:28:1
Шелашское, Шенкурское, Архангельская область;29:28:10
Шенкурское, Шенкурское, Архангельская область;29:28:11
Шереньгское, Шенкурское, Архангельская область;29:28:12
Верхоледское, Шенкурское, Архангельская область;29:28:2
Кодемское, Шенкурское, Архангельская область;29:28:3
Ледское, Шенкурское, Архангельская область;29:28:4
Паденьгское, Шенкурское, Архангельская область;29:28:5
Поршинское, Шенкурское, Архангельская область;29:28:6
Ровдинское, Шенкурское, Архангельская область;29:28:7
Сюмское, Шенкурское, Архангельская область;29:28:8
Тарнянское, Шенкурское, Архангельская область;29:28:9
Витюнинское, Яренское, Архангельская область;29:29:1
Козьминское, Яренское, Архангельская область;29:29:2
Ленское, Яренское, Архангельская область;29:29:3
Литвиновское, Яренское, Архангельская область;29:29:4
Очейское, Яренское, Архангельская область;29:29:5
Пантыйское, Яренское, Архангельская область;29:29:6
Урдомское, Яренское, Архангельская область;29:29:7
Яренское, Яренское, Архангельская область;29:29:8
Яренское сельское, Яренское, Архангельская область;29:29:9
Березниковское, Березниковское, Архангельская область;29:2:1
Сиверское, Березниковское, Архангельская область;29:2:10
Югновское, Березниковское, Архангельская область;29:2:11
Ваеньгское, Березниковское, Архангельская область;29:2:2
Верхневаеньгское, Березниковское, Архангельская область;29:2:3
Виноградовское, Березниковское, Архангельская область;29:2:4
Нижнедвинское, Березниковское, Архангельская область;29:2:5
Рочегодское, Березниковское, Архангельская область;29:2:6
Тулгасское, Березниковское, Архангельская область;29:2:7
Клоновское, Березниковское, Архангельская область;29:2:8
Моржегорское, Березниковское, Архангельская область;29:2:9
Голубинское, ГПЗ Пинежский, Архангельская область;29:30:1
Соткинское, ГПЗ Пинежский, Архангельская область;29:30:2
Кенозерское, НП Кенозерский, Архангельская область;29:31:1
Лекшмозерское, НП Кенозерский, Архангельская область;29:31:2
Без деления на участковые лесничества, НП Онежское Поморье, Архангельская область;29:32:00
Благовещенское, Вельское, Архангельская область;29:3:1
Тегринское, Вельское, Архангельская область;29:3:10
Усть-Шоношское, Вельское, Архангельская область;29:3:11
Хозьминское, Вельское, Архангельская область;29:3:12
Шадреньгское, Вельское, Архангельская область;29:3:13
Комсомольское, Вельское, Архангельская область;29:3:14
Пакшеньгское, Вельское, Архангельская область;29:3:15
Пежемское, Вельское, Архангельская область;29:3:16
Важское, Вельское, Архангельская область;29:3:2
Вельское, Вельское, Архангельская область;29:3:3
Вельское сельское, Вельское, Архангельская область;29:3:4
Кулойское, Вельское, Архангельская область;29:3:5
Низовское, Вельское, Архангельская область;29:3:6
Пуйское, Вельское, Архангельская область;29:3:7
Солгинское, Вельское, Архангельская область;29:3:8
Судромское, Вельское, Архангельская область;29:3:9
Афанасьевское, Верхнетоемское, Архангельская область;29:4:1
Верхнетоемское, Верхнетоемское, Архангельская область;29:4:2
Вершинское, Верхнетоемское, Архангельская область;29:4:3
Кодимское, Верхнетоемское, Архангельская область;29:4:4
Лахомское, Верхнетоемское, Архангельская область;29:4:5
Нижнетоемское, Верхнетоемское, Архангельская область;29:4:6
Сефтренское, Верхнетоемское, Архангельская область;29:4:7
Федьковское, Верхнетоемское, Архангельская область;29:4:8
Вилегодское, Вилегодское, Архангельская область;29:5:1
Ильинское, Вилегодское, Архангельская область;29:5:2
Нижне-Лупьинское, Вилегодское, Архангельская область;29:5:3
Павловское, Вилегодское, Архангельская область;29:5:4
Селянское, Вилегодское, Архангельская область;29:5:5
Верхнепинежское, Выйское, Архангельская область;29:6:1
Гавриловское, Выйское, Архангельская область;29:6:2
Горковское, Выйское, Архангельская область;29:6:3
Илешское, Выйское, Архангельская область;29:6:4
Выйское, Выйское, Архангельская область;29:6:5
Брин-Наволоцкое, Емецкое, Архангельская область;29:7:1
Емецкое, Емецкое, Архангельская область;29:7:2
Емецкое сельское, Емецкое, Архангельская область;29:7:3
Ковозерское, Емецкое, Архангельская область;29:7:4
Пингишенское, Емецкое, Архангельская область;29:7:5
Селецкое, Емецкое, Архангельская область;29:7:6
Челмохотское, Емецкое, Архангельская область;29:7:7
Звозское, Емецкое, Архангельская область;29:7:8
Заречное, Емецкое, Архангельская область;29:7:9
Каргопольское, Каргопольское, Архангельская область;29:8:1
Лодыгинское, Каргопольское, Архангельская область;29:8:10
Кинемское, Каргопольское, Архангельская область;29:8:2
Кречетовское, Каргопольское, Архангельская область;29:8:3
Ошевенское, Каргопольское, Архангельская область;29:8:4
Печниковское, Каргопольское, Архангельская область;29:8:5
Печниковское сельское, Каргопольское, Архангельская область;29:8:6
Ряговское, Каргопольское, Архангельская область;29:8:7
Тихманьгское, Каргопольское, Архангельская область;29:8:8
Ухотское, Каргопольское, Архангельская область;29:8:9
Веркольское, Карпогорское, Архангельская область;29:9:1
Кавринское, Карпогорское, Архангельская область;29:9:2
Карпогорское, Карпогорское, Архангельская область;29:9:3
Карпогорское сельское, Карпогорское, Архангельская область;29:9:4
Кушкопальское, Карпогорское, Архангельская область;29:9:5
Пачихинское, Карпогорское, Архангельская область;29:9:6
Сийское, Карпогорское, Архангельская область;29:9:7
Покшеньгское, Карпогорское, Архангельская область;29:9:8
Зеленгинское, Восточнодельтовое, Астраханская область;30:1:1
Красноярское, Восточнодельтовое, Астраханская область;30:1:2
Марфинское, Восточнодельтовое, Астраханская область;30:1:3
Икрянинское, Западнодельтовое, Астраханская область;30:2:1
Камызякское, Западнодельтовое, Астраханская область;30:2:2
Лиманское, Западнодельтовое, Астраханская область;30:2:3
Мумринское, Западнодельтовое, Астраханская область;30:2:4
Правобережное, Западнодельтовое, Астраханская область;30:2:5
Приволжское, Западнодельтовое, Астраханская область;30:2:6
Травинское, Западнодельтовое, Астраханская область;30:2:7
Болхунское, Левобережное, Астраханская область;30:3:1
Капустиноярское, Левобережное, Астраханская область;30:3:2
Петропавловское, Левобережное, Астраханская область;30:3:3
Сасыкольское, Левобережное, Астраханская область;30:3:4
Селитренское, Левобережное, Астраханская область;30:3:5
Харабалинское, Левобережное, Астраханская область;30:3:6
Енотаевское, Правобережное, Астраханская область;30:4:1
Замьяновское, Правобережное, Астраханская область;30:4:2
Каменоярское, Правобережное, Астраханская область;30:4:3
Никольское, Правобережное, Астраханская область;30:4:4
Солодниковское, Правобережное, Астраханская область;30:4:5
Черноярское, Правобережное, Астраханская область;30:4:6
Без деления на участковые лесничества, Корочанское, Белгородская область;31:10:00
Без деления на участковые лесничества, Красненское, Белгородская область;31:11:00
Без деления на участковые лесничества, Красногвардейское, Белгородская область;31:12:00
Без деления на участковые лесничества, Краснояружское, Белгородская область;31:13:00
Без деления на участковые лесничества, Новооскольское, Белгородская область;31:14:00
Без деления на участковые лесничества, Прохоровское, Белгородская область;31:15:00
Без деления на участковые лесничества, Ракитянское, Белгородская область;31:16:00
Без деления на участковые лесничества, Ровеньское, Белгородская область;31:17:00
Без деления на участковые лесничества, Старооскольское, Белгородская область;31:18:00
Без деления на участковые лесничества, Чернянское, Белгородская область;31:19:00
Без деления на участковые лесничества, Алексеевское, Белгородская область;31:1:00
Без деления на участковые лесничества, Шебекинское, Белгородская область;31:20:00
Без деления на участковые лесничества, Яковлевское, Белгородская область;31:21:00
Без деления на участковые лесничества, Белгородское, Белгородская область;31:2:00
Без деления на участковые лесничества, Борисовское, Белгородская область;31:3:00
Без деления на участковые лесничества, Валуйское, Белгородская область;31:4:00
Без деления на участковые лесничества, Вейделевское, Белгородская область;31:5:00
Без деления на участковые лесничества, Волоконовское, Белгородская область;31:6:00
Без деления на участковые лесничества, Грайворонское, Белгородская область;31:7:00
Без деления на участковые лесничества, Губкинское, Белгородская область;31:8:00
Без деления на участковые лесничества, Ивнянское, Белгородская область;31:9:00
Борковское, Клинцовское, Брянская область;32:10:1
Красногорское, Клинцовское, Брянская область;32:10:2
Суражское, Клинцовское, Брянская область;32:10:3
Ущерпское, Клинцовское, Брянская область;32:10:4
Водославское, Мглинское, Брянская область;32:11:1
Южное, Мглинское, Брянская область;32:11:2
Гаваньское, Навлинское, Брянская область;32:12:1
Клюковенское, Навлинское, Брянская область;32:12:2
Синезерское, Навлинское, Брянская область;32:12:3
Щегловское, Навлинское, Брянская область;32:12:4
Милечское, Почепское, Брянская область;32:13:1
Октябрьское, Почепское, Брянская область;32:13:2
Семецкое, Почепское, Брянская область;32:13:3
Подывотское, Севское, Брянская область;32:14:1
Хинельское имени Е.Ф. Зябловского, Севское, Брянская область;32:14:2
Кокоревское, Суземское, Брянская область;32:15:1
Негинское, Суземское, Брянская область;32:15:2
Погощенское, Суземское, Брянская область;32:15:3
Холмечское, Суземское, Брянская область;32:15:4
Комягинское, Трубчевское, Брянская область;32:16:1
Остролукское, Трубчевское, Брянская область;32:16:2
Холмовское, Трубчевское, Брянская область;32:16:3
Погарское, Унечское, Брянская область;32:17:1
Рассухское, Унечское, Брянская область;32:17:2
Стародубское, Унечское, Брянская область;32:17:3
Унечское, Унечское, Брянская область;32:17:4
Учебно-опытное, Учебно-опытное, Брянская область;32:18:1
Луганское, Брасовское, Брянская область;32:1:1
Погребское, Брасовское, Брянская область;32:1:2
Без деления на участковые лесничества, г.Сельцо, Брянская область;32:27:00
Сельское, Брянское, Брянская область;32:2:1
Снежетьское, Брянское, Брянская область;32:2:2
Стяжновское, Брянское, Брянская область;32:2:3
Фокинское, Брянское, Брянская область;32:2:4
Выгоничское, Выгоничское, Брянская область;32:3:1
Жирятинское, Выгоничское, Брянская область;32:3:2
Краснорогское имени А.К. Толстого, Выгоничское, Брянская область;32:3:3
Полужское, Выгоничское, Брянская область;32:3:4
Дубровское, Дубровское, Брянская область;32:4:1
Олсуфьевское, Дубровское, Брянская область;32:4:2
Рогнединское, Дубровское, Брянская область;32:4:3
Бытошское, Дятьковское, Брянская область;32:5:1
Дятьковское, Дятьковское, Брянская область;32:5:2
Ивотское, Дятьковское, Брянская область;32:5:3
Старское, Дятьковское, Брянская область;32:5:4
Стеклянно-Радицкое, Дятьковское, Брянская область;32:5:5
Белоглавское, Жуковское, Брянская область;32:6:1
Троснянское, Жуковское, Брянская область;32:6:2
Фошнянское, Жуковское, Брянская область;32:6:3
Злынковское, Злынковское, Брянская область;32:7:1
Климовское, Злынковское, Брянская область;32:7:2
Новозыбковское, Злынковское, Брянская область;32:7:3
Софиевское, Злынковское, Брянская область;32:7:4
Чуровичское, Злынковское, Брянская область;32:7:5
Батаговское, Карачевское, Брянская область;32:8:1
Журиничское, Карачевское, Брянская область;32:8:2
Карачевское, Карачевское, Брянская область;32:8:3
Красноармейское, Карачевское, Брянская область;32:8:4
Степное, Карачевское, Брянская область;32:8:5
Калининское, Клетнянское, Брянская область;32:9:1
Косновское, Клетнянское, Брянская область;32:9:2
Октябрьское, Клетнянское, Брянская область;32:9:3
Пригородное, Клетнянское, Брянская область;32:9:4
Великовское, Ковровское, Владимирская область;33:10:1
Эсинское, Ковровское, Владимирская область;33:10:10
Ивановское, Ковровское, Владимирская область;33:10:2
Ивановское 1-е, Ковровское, Владимирская область;33:10:3
Клязьминское, Ковровское, Владимирская область;33:10:4
Клязьмогородецкое, Ковровское, Владимирская область;33:10:5
Ковровское, Ковровское, Владимирская область;33:10:6
Красномаяковское, Ковровское, Владимирская область;33:10:7
Мелеховское, Ковровское, Владимирская область;33:10:8
Осиповское, Ковровское, Владимирская область;33:10:9
Беречинское, Кольчугинское, Владимирская область;33:11:1
Есиплевское, Кольчугинское, Владимирская область;33:11:2
Кольчугинское, Кольчугинское, Владимирская область;33:11:3
Литвиновское, Кольчугинское, Владимирская область;33:11:4
Ульяновское, Кольчугинское, Владимирская область;33:11:5
Аксеновское, Курловское, Владимирская область;33:12:1
Великодворское, Курловское, Владимирская область;33:12:2
Володарское, Курловское, Владимирская область;33:12:3
Долбинское, Курловское, Владимирская область;33:12:4
Золотковское, Курловское, Владимирская область;33:12:5
Краснооктябрьское, Курловское, Владимирская область;33:12:6
Крюковское, Курловское, Владимирская область;33:12:7
Купреевское, Курловское, Владимирская область;33:12:8
Лесниковское, Курловское, Владимирская область;33:12:9
Бутылицкое, Меленковское, Владимирская область;33:13:1
Илькинское, Меленковское, Владимирская область;33:13:2
Каменское, Меленковское, Владимирская область;33:13:3
Ляховское, Меленковское, Владимирская область;33:13:4
Меленковское, Меленковское, Владимирская область;33:13:5
Пичугинское, Меленковское, Владимирская область;33:13:6
Приклонское, Меленковское, Владимирская область;33:13:7
Тургеневское, Меленковское, Владимирская область;33:13:8
Заречное, Селивановское, Владимирская область;33:14:1
Качаловское, Селивановское, Владимирская область;33:14:2
Копнинское, Селивановское, Владимирская область;33:14:3
Красногорбатское, Селивановское, Владимирская область;33:14:4
Малышевское, Селивановское, Владимирская область;33:14:5
Муромское, Селивановское, Владимирская область;33:14:6
Селивановское, Селивановское, Владимирская область;33:14:7
Чаадаевское, Селивановское, Владимирская область;33:14:8
Южное, Селивановское, Владимирская область;33:14:9
Березниковское, Собинское, Владимирская область;33:15:1
Березниковское сельское, Собинское, Владимирская область;33:15:2
Лакинское, Собинское, Владимирская область;33:15:3
Собинское, Собинское, Владимирская область;33:15:4
Ставровское, Собинское, Владимирская область;33:15:5
Ундольское, Собинское, Владимирская область;33:15:6
Нерлинское, Суздальское, Владимирская область;33:16:1
Печугское, Суздальское, Владимирская область;33:16:2
Торчинское, Суздальское, Владимирская область;33:16:3
Елховское, Юрьев-Польское, Владимирская область;33:17:1
Лучковское, Юрьев-Польское, Владимирская область;33:17:2
Небыловское, Юрьев-Польское, Владимирская область;33:17:3
Шордогское, Юрьев-Польское, Владимирская область;33:17:4
Юрьев-Польское, Юрьев-Польское, Владимирская область;33:17:5
Балакиревское, Александровское, Владимирская область;33:1:1
Годуновское, Александровское, Владимирская область;33:1:2
Карабановское, Александровское, Владимирская область;33:1:3
Краснопламенское, Александровское, Владимирская область;33:1:4
Махринское, Александровское, Владимирская область;33:1:5
Струнинское, Александровское, Владимирская область;33:1:6
Андреевское, Андреевское, Владимирская область;33:2:1
Воровское, Андреевское, Владимирская область;33:2:2
Жуковское, Андреевское, Владимирская область;33:2:3
Краснобогатырское, Андреевское, Владимирская область;33:2:4
Мошокское, Андреевское, Владимирская область;33:2:5
Муромцевское, Андреевское, Владимирская область;33:2:6
Судогодское, Андреевское, Владимирская область;33:2:7
Языковское, Андреевское, Владимирская область;33:2:8
Бараковское, Владимирское, Владимирская область;33:3:1
Владимирское, Владимирское, Владимирская область;33:3:2
Головинское, Владимирское, Владимирская область;33:3:3
Лавровское, Владимирское, Владимирская область;33:3:4
Пригородное, Владимирское, Владимирская область;33:3:5
Радужное, Владимирское, Владимирская область;33:3:6
Улыбышевское, Владимирское, Владимирская область;33:3:7
Заклязьменское, Вязниковское, Владимирская область;33:4:1
Мстерское, Вязниковское, Владимирская область;33:4:2
Нагорное, Вязниковское, Владимирская область;33:4:3
Никологорское, Вязниковское, Владимирская область;33:4:4
Новое, Вязниковское, Владимирская область;33:4:5
Паустовское, Вязниковское, Владимирская область;33:4:6
Посад-Мстерское, Вязниковское, Владимирская область;33:4:7
Сарыевское, Вязниковское, Владимирская область;33:4:8
Степанцевское, Вязниковское, Владимирская область;33:4:9
Быкасовское, Гороховецкое, Владимирская область;33:5:1
Вишенское, Гороховецкое, Владимирская область;33:5:2
Городищенское, Гороховецкое, Владимирская область;33:5:3
Гороховецкое, Гороховецкое, Владимирская область;33:5:4
Фоминское, Гороховецкое, Владимирская область;33:5:5
Чулковское, Гороховецкое, Владимирская область;33:5:6
Анопинское, Гусевское, Владимирская область;33:6:1
Вашутинское, Гусевское, Владимирская область;33:6:2
Григорьевское, Гусевское, Владимирская область;33:6:3
Гусевское, Гусевское, Владимирская область;33:6:4
Давыдовское, Гусевское, Владимирская область;33:6:5
Заколпьевское, Гусевское, Владимирская область;33:6:6
Красноэховское, Гусевское, Владимирская область;33:6:7
Неклюдовское, Гусевское, Владимирская область;33:6:8
Семеновское, Гусевское, Владимирская область;33:6:9
Болдинское, Заречное, Владимирская область;33:7:1
Покровское, Заречное, Владимирская область;33:7:10
Вольгинское, Заречное, Владимирская область;33:7:2
Воспушинское, Заречное, Владимирская область;33:7:3
Заречное, Заречное, Владимирская область;33:7:4
Клязьменское, Заречное, Владимирская область;33:7:5
Костинское, Заречное, Владимирская область;33:7:6
Панфиловское, Заречное, Владимирская область;33:7:7
Пекшинское, Заречное, Владимирская область;33:7:8
Петушинское, Заречное, Владимирская область;33:7:9
Вахромеевское, Камешковское, Владимирская область;33:8:1
Второвское, Камешковское, Владимирская область;33:8:2
Новкинское, Камешковское, Владимирская область;33:8:3
Пенкинское, Камешковское, Владимирская область;33:8:4
Кипревское, Киржачское, Владимирская область;33:9:1
Киржачское, Киржачское, Владимирская область;33:9:2
Новоселовское, Киржачское, Владимирская область;33:9:3
Санинское, Киржачское, Владимирская область;33:9:4
Северное, Киржачское, Владимирская область;33:9:5
Филипповское, Киржачское, Владимирская область;33:9:6
Южное, Киржачское, Владимирская область;33:9:7
Котовское, Котовское, Волгоградская область;34:10:1
Попковское, Котовское, Волгоградская область;34:10:2
Каршевитское, Лещевское, Волгоградская область;34:11:1
Лещевское, Лещевское, Волгоградская область;34:11:2
Безымянское, Михайловское, Волгоградская область;34:12:1
Глинищанское, Михайловское, Волгоградская область;34:12:2
Михайловское, Михайловское, Волгоградская область;34:12:3
Михайловское сельское, Михайловское, Волгоградская область;34:12:4
Рахинское, Михайловское, Волгоградская область;34:12:5
Нижнечирское, Нижнечирское, Волгоградская область;34:13:1
Суровикинское, Нижнечирское, Волгоградская область;34:13:2
Тормосиновское, Нижнечирское, Волгоградская область;34:13:3
Киквидзенское, Новоаннинское, Волгоградская область;34:14:1
Новоаннинское, Новоаннинское, Волгоградская область;34:14:2
Новоаннинское сельское, Новоаннинское, Волгоградская область;34:14:3
Гусевское, Ольховское, Волгоградская область;34:15:1
Ольховское, Ольховское, Волгоградская область;34:15:2
Ольховское сельское, Ольховское, Волгоградская область;34:15:3
Солодчинское, Ольховское, Волгоградская область;34:15:4
Букановское, Подтелковское, Волгоградская область;34:16:1
Глазуновское, Подтелковское, Волгоградская область;34:16:2
Кумылженское, Подтелковское, Волгоградская область;34:16:3
Кумылженское сельское, Подтелковское, Волгоградская область;34:16:4
Слащевское, Подтелковское, Волгоградская область;34:16:5
Шакинское, Подтелковское, Волгоградская область;34:16:6
Еланское, Руднянское, Волгоградская область;34:17:1
Матышевское, Руднянское, Волгоградская область;34:17:2
Руднянское, Руднянское, Волгоградская область;34:17:3
Дубовоовражное, Светлоярское, Волгоградская область;34:18:1
Котельниковское, Светлоярское, Волгоградская область;34:18:2
Ново-Аксайское, Светлоярское, Волгоградская область;34:18:3
Светлоярское, Светлоярское, Волгоградская область;34:18:4
Кировское, Серафимовичское, Волгоградская область;34:19:1
Клетское, Серафимовичское, Волгоградская область;34:19:2
Клетское сельское, Серафимовичское, Волгоградская область;34:19:3
Перекопское, Серафимовичское, Волгоградская область;34:19:4
Распопинское, Серафимовичское, Волгоградская область;34:19:5
Серафимовичское сельское, Серафимовичское, Волгоградская область;34:19:6
Суворовское, Серафимовичское, Волгоградская область;34:19:7
Усть-Хоперское, Серафимовичское, Волгоградская область;34:19:8
Алексеевское, Алексеевское, Волгоградская область;34:1:1
Алексеевское сельское, Алексеевское, Волгоградская область;34:1:2
Захоперское, Алексеевское, Волгоградская область;34:1:3
Нехаевское, Алексеевское, Волгоградская область;34:1:4
Нехаевское сельское, Алексеевское, Волгоградская область;34:1:5
Тишанское, Алексеевское, Волгоградская область;34:1:6
Усть-Бузулукское, Алексеевское, Волгоградская область;34:1:7
Ленинское, Среднеахтубинское, Волгоградская область;34:20:1
Сахарное, Среднеахтубинское, Волгоградская область;34:20:2
Среднеахтубинское, Среднеахтубинское, Волгоградская область;34:20:3
Красноярское, Старополтавское, Волгоградская область;34:21:1
Старополтавское, Старополтавское, Волгоградская область;34:21:2
Добринское, Урюпинское, Волгоградская область;34:22:1
Михайловское, Урюпинское, Волгоградская область;34:22:2
Новониколаевское, Урюпинское, Волгоградская область;34:22:3
Россошинское, Урюпинское, Волгоградская область;34:22:4
Урюпинское, Урюпинское, Волгоградская область;34:22:5
Урюпинское сельское, Урюпинское, Волгоградская область;34:22:6
Ворошиловское, Городское лесничество Волгограда, Волгоградская область;34:25:1
Кировское, Городское лесничество Волгограда, Волгоградская область;34:25:2
Красноармейское, Городское лесничество Волгограда, Волгоградская область;34:25:3
Сарпинское, Городское лесничество Волгограда, Волгоградская область;34:25:4
Тракторозаводское, Городское лесничество Волгограда, Волгоградская область;34:25:5
Арчединское, Арчединское, Волгоградская область;34:2:1
Сосновское, Арчединское, Волгоградская область;34:2:2
Фроловское сельское, Арчединское, Волгоградская область;34:2:3
Кисловское, Быковское, Волгоградская область;34:3:1
Николаевское, Быковское, Волгоградская область;34:3:2
Приморское, Быковское, Волгоградская область;34:3:3
Вертячинское, Волгоградское, Волгоградская область;34:4:1
Горно-Балыклейское, Волгоградское, Волгоградская область;34:4:2
Городищенское, Волгоградское, Волгоградская область;34:4:3
Дубовское, Волгоградское, Волгоградская область;34:4:4
Березовское, Даниловское, Волгоградская область;34:5:1
Даниловское сельское, Даниловское, Волгоградская область;34:5:2
Заполянское, Даниловское, Волгоградская область;34:5:3
Островское, Даниловское, Волгоградская область;34:5:4
Сергиевское, Даниловское, Волгоградская область;34:5:5
Штабное, Даниловское, Волгоградская область;34:5:6
Верхне-Добринское, Жирновское, Волгоградская область;34:6:1
Жирновское сельское, Жирновское, Волгоградская область;34:6:2
Красноярское, Жирновское, Волгоградская область;34:6:3
Линевское, Жирновское, Волгоградская область;34:6:4
Вилтовское, Иловлинское, Волгоградская область;34:7:1
Иловлинское, Иловлинское, Волгоградская область;34:7:2
Иловлинское сельское, Иловлинское, Волгоградская область;34:7:3
Сиротинское, Иловлинское, Волгоградская область;34:7:4
Калачевское, Калачевское, Волгоградская область;34:8:1
Калачевское сельское, Калачевское, Волгоградская область;34:8:2
Левобережное, Калачевское, Волгоградская область;34:8:3
Верхне-Липовское, Камышинское, Волгоградская область;34:9:1
Добринское, Камышинское, Волгоградская область;34:9:2
Камышинское сельское, Камышинское, Волгоградская область;34:9:3
Таловское, Камышинское, Волгоградская область;34:9:4
Восьинское, Грязовецкое, Вологодская область;35:10:1
Анохинское, Грязовецкое, Вологодская область;35:10:10
Бушуйское, Грязовецкое, Вологодская область;35:10:11
Вохтожское, Грязовецкое, Вологодская область;35:10:12
Дворищенское, Грязовецкое, Вологодская область;35:10:13
Демьяновское, Грязовецкое, Вологодская область;35:10:14
Калининское, Грязовецкое, Вологодская область;35:10:15
Покровское, Грязовецкое, Вологодская область;35:10:16
Почковское, Грязовецкое, Вологодская область;35:10:17
Ростиловское, Грязовецкое, Вологодская область;35:10:18
Сидоровское, Грязовецкое, Вологодская область;35:10:19
Грязовецкое, Грязовецкое, Вологодская область;35:10:2
Спасское, Грязовецкое, Вологодская область;35:10:20
Талицкое, Грязовецкое, Вологодская область;35:10:21
Третниковское, Грязовецкое, Вологодская область;35:10:22
Фроловское, Грязовецкое, Вологодская область;35:10:23
Хорошевское, Грязовецкое, Вологодская область;35:10:24
Центральное, Грязовецкое, Вологодская область;35:10:25
Юровское, Грязовецкое, Вологодская область;35:10:26
Грязовецкое сельское, Грязовецкое, Вологодская область;35:10:3
Жерноковское, Грязовецкое, Вологодская область;35:10:4
Лежское, Грязовецкое, Вологодская область;35:10:5
Минькинское, Грязовецкое, Вологодская область;35:10:6
Монзенское, Грязовецкое, Вологодская область;35:10:7
Сеньговское, Грязовецкое, Вологодская область;35:10:8
Слободское, Грязовецкое, Вологодская область;35:10:9
Андогское, Кадуйское, Вологодская область;35:11:1
Барановское, Кадуйское, Вологодская область;35:11:2
Заяцкое, Кадуйское, Вологодская область;35:11:3
Кадуйское, Кадуйское, Вологодская область;35:11:4
Северное, Кадуйское, Вологодская область;35:11:5
Уйтинское, Кадуйское, Вологодская область;35:11:6
Центральное, Кадуйское, Вологодская область;35:11:7
Береговское, Кирилловское, Вологодская область;35:12:1
Труженик, Кирилловское, Вологодская область;35:12:10
Коминтерн, Кирилловское, Вологодская область;35:12:11
Николоторжский, Кирилловское, Вологодская область;35:12:12
Свобода, Кирилловское, Вологодская область;35:12:13
Горицкий, Кирилловское, Вологодская область;35:12:14
Кирилловский, Кирилловское, Вологодская область;35:12:15
Организатор, Кирилловское, Вологодская область;35:12:16
Воробьевский, Кирилловское, Вологодская область;35:12:17
Правильный путь, Кирилловское, Вологодская область;35:12:18
Красный Маяк, Кирилловское, Вологодская область;35:12:19
Волокославинское, Кирилловское, Вологодская область;35:12:2
Россия, Кирилловское, Вологодская область;35:12:20
Им. Кирова, Кирилловское, Вологодская область;35:12:21
Кирилловское, Кирилловское, Вологодская область;35:12:3
Коротецкое, Кирилловское, Вологодская область;35:12:4
Пидемское, Кирилловское, Вологодская область;35:12:5
Сусельское, Кирилловское, Вологодская область;35:12:6
Чарозерское, Кирилловское, Вологодская область;35:12:7
Чарозерское сельское, Кирилловское, Вологодская область;35:12:8
Родина, Кирилловское, Вологодская область;35:12:9
Верхне-Ентальское, Кичменгско-Городецкое, Вологодская область;35:13:1
Слободское, Кичменгско-Городецкое, Вологодская область;35:13:10
Стрелкинское, Кичменгско-Городецкое, Вологодская область;35:13:11
Шарженгское, Кичменгско-Городецкое, Вологодская область;35:13:12
Югское, Кичменгско-Городецкое, Вологодская область;35:13:13
Верхне-Югское, Кичменгско-Городецкое, Вологодская область;35:13:2
Енангское, Кичменгско-Городецкое, Вологодская область;35:13:3
Карюгское, Кичменгско-Городецкое, Вологодская область;35:13:4
Кичменгско-Городецкое, Кичменгско-Городецкое, Вологодская область;35:13:5
Кичменгское, Кичменгско-Городецкое, Вологодская область;35:13:6
Нижне-Ентальское, Кичменгско-Городецкое, Вологодская область;35:13:7
Пыжугское, Кичменгско-Городецкое, Вологодская область;35:13:8
Савинское, Кичменгско-Городецкое, Вологодская область;35:13:9
Большедворское, Междуреченское, Вологодская область;35:14:1
Враговское, Междуреченское, Вологодская область;35:14:2
Лаврентьевское, Междуреченское, Вологодская область;35:14:3
Междуреченское, Междуреченское, Вологодская область;35:14:4
Озерское, Междуреченское, Вологодская область;35:14:5
Пустошуйское, Междуреченское, Вологодская область;35:14:6
Святогорское, Междуреченское, Вологодская область;35:14:7
Центральное, Междуреченское, Вологодская область;35:14:8
Шуйское, Междуреченское, Вологодская область;35:14:9
Андангское, Никольское, Вологодская область;35:15:1
Унженское, Никольское, Вологодская область;35:15:10
Деминское, Никольское, Вологодская область;35:15:2
Завражское, Никольское, Вологодская область;35:15:3
Краснополянское, Никольское, Вологодская область;35:15:4
Кудангское, Никольское, Вологодская область;35:15:5
Никольское, Никольское, Вологодская область;35:15:6
Полежаевское, Никольское, Вологодская область;35:15:7
Северное, Никольское, Вологодская область;35:15:8
Теребаевское, Никольское, Вологодская область;35:15:9
Бобровское, Нюксенское, Вологодская область;35:16:1
Нюксенское сельское, Нюксенское, Вологодская область;35:16:10
Брусенецкое, Нюксенское, Вологодская область;35:16:2
Восточное, Нюксенское, Вологодская область;35:16:3
Востровское, Нюксенское, Вологодская область;35:16:4
Городищенское, Нюксенское, Вологодская область;35:16:5
Городищенское сельское, Нюксенское, Вологодская область;35:16:6
Дмитриевское, Нюксенское, Вологодская область;35:16:7
Илезское, Нюксенское, Вологодская область;35:16:8
Нюксенское, Нюксенское, Вологодская область;35:16:9
Алексинское, Сокольское, Вологодская область;35:17:1
Воробьевское, Сокольское, Вологодская область;35:17:2
Двиницкое, Сокольское, Вологодская область;35:17:3
Заболотское, Сокольское, Вологодская область;35:17:4
Кадниковское, Сокольское, Вологодская область;35:17:5
Пельшемское, Сокольское, Вологодская область;35:17:6
Сокольское, Сокольское, Вологодская область;35:17:7
Чучковское, Сокольское, Вологодская область;35:17:8
Верденгское, Сямженское, Вологодская область;35:18:1
Дружба, Сямженское, Вологодская область;35:18:10
Житьево, Сямженское, Вологодская область;35:18:11
Истоминское, Сямженское, Вологодская область;35:18:12
Колос, Сямженское, Вологодская область;35:18:13
Коробицына, Сямженское, Вологодская область;35:18:14
Коростелево, Сямженское, Вологодская область;35:18:15
Кубена, Сямженское, Вологодская область;35:18:16
Нива, Сямженское, Вологодская область;35:18:17
Новая Заря, Сямженское, Вологодская область;35:18:18
Первое мая, Сямженское, Вологодская область;35:18:19
Голузинское, Сямженское, Вологодская область;35:18:2
ПХ ВОМЗ(ГЗЗ), Сямженское, Вологодская область;35:18:20
Двиницкое, Сямженское, Вологодская область;35:18:3
Коробицынское, Сямженское, Вологодская область;35:18:4
Сямженское, Сямженское, Вологодская область;35:18:5
Чивицкое, Сямженское, Вологодская область;35:18:6
Шиченгское, Сямженское, Вологодская область;35:18:7
Волна, Сямженское, Вологодская область;35:18:8
Восход, Сямженское, Вологодская область;35:18:9
Верхне-Кокшеньгское, Тарногское, Вологодская область;35:19:1
Шебеньгское, Тарногское, Вологодская область;35:19:10
Верховское, Тарногское, Вологодская область;35:19:2
Железнодорожное, Тарногское, Вологодская область;35:19:3
Заборское, Тарногское, Вологодская область;35:19:4
Илезское, Тарногское, Вологодская область;35:19:5
Северное, Тарногское, Вологодская область;35:19:6
Спасское, Тарногское, Вологодская область;35:19:7
Тарногское, Тарногское, Вологодская область;35:19:8
Центральное, Тарногское, Вологодская область;35:19:9
Бабаевское, Бабаевское, Вологодская область;35:1:1
Люботинское, Бабаевское, Вологодская область;35:1:10
Никольское, Бабаевское, Вологодская область;35:1:11
Ножемское, Бабаевское, Вологодская область;35:1:12
Ольховское, Бабаевское, Вологодская область;35:1:13
Слудненское, Бабаевское, Вологодская область;35:1:14
Тимошинское, Бабаевское, Вологодская область;35:1:15
Хилецкое, Бабаевское, Вологодская область;35:1:16
Чистиковское, Бабаевское, Вологодская область;35:1:17
Шиглинское, Бабаевское, Вологодская область;35:1:18
Шогдинское, Бабаевское, Вологодская область;35:1:19
Борисовское, Бабаевское, Вологодская область;35:1:2
Борисовское сельское, Бабаевское, Вологодская область;35:1:3
Вешарорецкое, Бабаевское, Вологодская область;35:1:4
Дубровское, Бабаевское, Вологодская область;35:1:5
Колошемское, Бабаевское, Вологодская область;35:1:6
Колпинское, Бабаевское, Вологодская область;35:1:7
Куйское, Бабаевское, Вологодская область;35:1:8
Курбозерское, Бабаевское, Вологодская область;35:1:9
Вожбальское, Тотемское, Вологодская область;35:20:1
Михайловское, Тотемское, Вологодская область;35:20:10
Мосеевское, Тотемское, Вологодская область;35:20:11
Погореловское, Тотемское, Вологодская область;35:20:12
Толшменское, Тотемское, Вологодская область;35:20:13
Тотемское, Тотемское, Вологодская область;35:20:14
Тотемское сельское, Тотемское, Вологодская область;35:20:15
Усть-Печенгское, Тотемское, Вологодская область;35:20:16
Великодворское, Тотемское, Вологодская область;35:20:17
Верхнетолшменское, Тотемское, Вологодская область;35:20:18
Даниловское, Тотемское, Вологодская область;35:20:19
Заозерское, Тотемское, Вологодская область;35:20:2
Красное, Тотемское, Вологодская область;35:20:20
Кудринское, Тотемское, Вологодская область;35:20:21
Ленинское, Тотемское, Вологодская область;35:20:22
Медведевское, Тотемское, Вологодская область;35:20:23
Никольское, Тотемское, Вологодская область;35:20:24
Середское, Тотемское, Вологодская область;35:20:25
Федотовское, Тотемское, Вологодская область;35:20:26
Царевское, Тотемское, Вологодская область;35:20:27
Центральное, Тотемское, Вологодская область;35:20:28
Юбилейное, Тотемское, Вологодская область;35:20:29
Калининское, Тотемское, Вологодская область;35:20:3
Калининское сельское, Тотемское, Вологодская область;35:20:4
Камчугское, Тотемское, Вологодская область;35:20:5
Лучкинское, Тотемское, Вологодская область;35:20:6
Маныловское, Тотемское, Вологодская область;35:20:7
Маныловское сельское, Тотемское, Вологодская область;35:20:8
Матвеевское, Тотемское, Вологодская область;35:20:9
Бережновское, Усть-Кубинское, Вологодская область;35:21:1
Залесье, Усть-Кубинское, Вологодская область;35:21:10
Север, Усть-Кубинское, Вологодская область;35:21:11
Усть-Кубинское, Усть-Кубинское, Вологодская область;35:21:12
Горки, Усть-Кубинское, Вологодская область;35:21:13
Заря, Усть-Кубинское, Вологодская область;35:21:14
Маяк, Усть-Кубинское, Вологодская область;35:21:15
Приозерье, Усть-Кубинское, Вологодская область;35:21:16
Русь, Усть-Кубинское, Вологодская область;35:21:17
Богородское, Усть-Кубинское, Вологодская область;35:21:2
Верхнераменское, Усть-Кубинское, Вологодская область;35:21:3
Куркинское, Усть-Кубинское, Вологодская область;35:21:4
Северо-Кубинское, Усть-Кубинское, Вологодская область;35:21:5
Сусельское, Усть-Кубинское, Вологодская область;35:21:6
Устьянское, Усть-Кубинское, Вологодская область;35:21:7
Центральное, Усть-Кубинское, Вологодская область;35:21:8
Герой, Усть-Кубинское, Вологодская область;35:21:9
Ванское, Устюженское, Вологодская область;35:22:1
Южное, Устюженское, Вологодская область;35:22:10
Яковлевское, Устюженское, Вологодская область;35:22:11
Долоцкое, Устюженское, Вологодская область;35:22:2
Жуковское, Устюженское, Вологодская область;35:22:3
Залесское, Устюженское, Вологодская область;35:22:4
Лентьевское, Устюженское, Вологодская область;35:22:5
Мережское, Устюженское, Вологодская область;35:22:6
Моденское, Устюженское, Вологодская область;35:22:7
Северное, Устюженское, Вологодская область;35:22:8
Устюженское, Устюженское, Вологодская область;35:22:9
Ильинское, Харовское, Вологодская область;35:23:1
Катромское, Харовское, Вологодская область;35:23:2
Семигородное, Харовское, Вологодская область;35:23:3
Харовское, Харовское, Вологодская область;35:23:4
Харовское сельское, Харовское, Вологодская область;35:23:5
Шапшинское, Харовское, Вологодская область;35:23:6
Шапшинское сельское, Харовское, Вологодская область;35:23:7
Белобычковское, Чагодощенское, Вологодская область;35:24:1
Белокрестское, Чагодощенское, Вологодская область;35:24:2
Кобожское, Чагодощенское, Вологодская область;35:24:3
Мегринское, Чагодощенское, Вологодская область;35:24:4
Смердомльское, Чагодощенское, Вологодская область;35:24:5
Чагодощенское, Чагодощенское, Вологодская область;35:24:6
Ваучское, Череповецкое, Вологодская область;35:25:1
Кубинское, Череповецкое, Вологодская область;35:25:2
Мотомское, Череповецкое, Вологодская область;35:25:3
Мяксинское, Череповецкое, Вологодская область;35:25:4
Судское, Череповецкое, Вологодская область;35:25:5
Уломское, Череповецкое, Вологодская область;35:25:6
Череповецкое, Череповецкое, Вологодская область;35:25:7
Шухтовское, Череповецкое, Вологодская область;35:25:8
Южское, Череповецкое, Вологодская область;35:25:9
Пришекснинское, Шекснинское, Вологодская область;35:26:1
Северное, Шекснинское, Вологодская область;35:26:2
Чебсарское, Шекснинское, Вологодская область;35:26:3
Шекснинское, Шекснинское, Вологодская область;35:26:4
Шалго-Бодуновское, НП Русский Север, Вологодская область;35:27:1
Коварзинское, НП Русский Север, Вологодская область;35:27:2
Ферапонтовское, НП Русский Север, Вологодская область;35:27:3
Горицкое, НП Русский Север, Вологодская область;35:27:4
Ниловицкое, НП Русский Север, Вологодская область;35:27:5
Бабушкинское, Бабушкинское, Вологодская область;35:2:1
Харинское, Бабушкинское, Вологодская область;35:2:10
Шоноровское, Бабушкинское, Вологодская область;35:2:11
Юзское, Бабушкинское, Вологодская область;35:2:12
Брусенецкое, Бабушкинское, Вологодская область;35:2:2
Идское, Бабушкинское, Вологодская область;35:2:3
Илезское, Бабушкинское, Вологодская область;35:2:4
Леденгское, Бабушкинское, Вологодская область;35:2:5
Миньковское, Бабушкинское, Вологодская область;35:2:6
Рослятинское, Бабушкинское, Вологодская область;35:2:7
Талицкое, Бабушкинское, Вологодская область;35:2:8
Унженское, Бабушкинское, Вологодская область;35:2:9
Артюшинское, Белозерское, Вологодская область;35:3:1
Палкинское, Белозерское, Вологодская область;35:3:10
Шольское, Белозерское, Вологодская область;35:3:11
Белозерское, Белозерское, Вологодская область;35:3:2
Белозерское сельское, Белозерское, Вологодская область;35:3:3
Визьменское, Белозерское, Вологодская область;35:3:4
Георгиевское, Белозерское, Вологодская область;35:3:5
Зубовское, Белозерское, Вологодская область;35:3:6
Конец-Слободское, Белозерское, Вологодская область;35:3:7
Мартыновское, Белозерское, Вологодская область;35:3:8
Мегринское, Белозерское, Вологодская область;35:3:9
Андреевское, Вашкинское, Вологодская область;35:4:1
Вашкинское, Вашкинское, Вологодская область;35:4:2
Вашкинское сельское, Вашкинское, Вологодская область;35:4:3
Кемское, Вашкинское, Вологодская область;35:4:4
Павшозерское, Вашкинское, Вологодская область;35:4:5
Унженское, Вашкинское, Вологодская область;35:4:6
Великоустюгское, Великоустюгское, Вологодская область;35:5:1
Палемское, Великоустюгское, Вологодская область;35:5:10
Усть-Алексеевское, Великоустюгское, Вологодская область;35:5:11
Усть-Алексеевское сельское, Великоустюгское, Вологодская область;35:5:12
Великоустюгское сельское, Великоустюгское, Вологодская область;35:5:2
Железнодорожное, Великоустюгское, Вологодская область;35:5:3
Красавинское, Великоустюгское, Вологодская область;35:5:4
Кузинское, Великоустюгское, Вологодская область;35:5:5
Лодейское, Великоустюгское, Вологодская область;35:5:6
Ломоватское, Великоустюгское, Вологодская область;35:5:7
Нижне-Шарденгское, Великоустюгское, Вологодская область;35:5:8
Опокское, Великоустюгское, Вологодская область;35:5:9
Верховажское, Верховажское, Вологодская область;35:6:1
Верховское, Верховажское, Вологодская область;35:6:2
Кулойское, Верховажское, Вологодская область;35:6:3
Липецкое, Верховажское, Вологодская область;35:6:4
Морозовское, Верховажское, Вологодская область;35:6:5
Оринодорское, Верховажское, Вологодская область;35:6:6
Урусовское, Верховажское, Вологодская область;35:6:7
Центральное, Верховажское, Вологодская область;35:6:8
Азлецкое, Вожегодское, Вологодская область;35:7:1
Огибаловское, Вожегодское, Вологодская область;35:7:10
Уфтюгское, Вожегодское, Вологодская область;35:7:11
Явенгское, Вожегодское, Вологодская область;35:7:12
Явенгское сельское, Вожегодское, Вологодская область;35:7:13
Бекетовское, Вожегодское, Вологодская область;35:7:2
Вожегодское, Вожегодское, Вологодская область;35:7:3
Вожегодское сельское, Вожегодское, Вологодская область;35:7:4
Вотчинское, Вожегодское, Вологодская область;35:7:5
Ембское, Вожегодское, Вологодская область;35:7:6
Кадниковское, Вожегодское, Вологодская область;35:7:7
Нижне-Слободское, Вожегодское, Вологодская область;35:7:8
Нижне-Слободское сельское, Вожегодское, Вологодская область;35:7:9
Вологодское, Вологодское, Вологодская область;35:8:1
Стризневское, Вологодское, Вологодская область;35:8:10
Озерковское, Вологодское, Вологодская область;35:8:11
Высоковское, Вологодское, Вологодская область;35:8:12
Вепревское, Вологодское, Вологодская область;35:8:13
Борисовское, Вологодское, Вологодская область;35:8:14
Остаховское, Вологодское, Вологодская область;35:8:15
Нефедовское, Вологодское, Вологодская область;35:8:16
Илюшинское, Вологодское, Вологодская область;35:8:17
Вотчинское, Вологодское, Вологодская область;35:8:18
Беловское, Вологодское, Вологодская область;35:8:19
Диковское, Вологодское, Вологодская область;35:8:2
Оларевское, Вологодское, Вологодская область;35:8:20
Дубровское, Вологодское, Вологодская область;35:8:21
Куркинское, Вологодское, Вологодская область;35:8:22
Молочное, Вологодское, Вологодская область;35:8:23
Гончаровское, Вологодское, Вологодская область;35:8:24
Майское, Вологодское, Вологодская область;35:8:25
Лесковское, Вологодское, Вологодская область;35:8:26
Огарковское, Вологодское, Вологодская область;35:8:27
Надеевское, Вологодское, Вологодская область;35:8:28
Васильевское, Вологодское, Вологодская область;35:8:29
Емское, Вологодское, Вологодская область;35:8:3
Уткинское, Вологодское, Вологодская область;35:8:30
Погореловское, Вологодское, Вологодская область;35:8:31
Кипеловское, Вологодское, Вологодская область;35:8:4
Кипеловское сельское, Вологодское, Вологодская область;35:8:5
Кубено-Озерское, Вологодское, Вологодская область;35:8:6
Кубенское, Вологодское, Вологодская область;35:8:7
Новленское, Вологодское, Вологодская область;35:8:8
Пригородное, Вологодское, Вологодская область;35:8:9
Алмозерское, Вытегорское, Вологодская область;35:9:1
Кемозерское, Вытегорское, Вологодская область;35:9:10
Ковжинское, Вытегорское, Вологодская область;35:9:11
Краснодеревенское, Вытегорское, Вологодская область;35:9:12
Куржекское, Вытегорское, Вологодская область;35:9:13
Ладвозерское, Вытегорское, Вологодская область;35:9:14
Лемское, Вытегорское, Вологодская область;35:9:15
Мегорское, Вытегорское, Вологодская область;35:9:16
Окштамское, Вытегорское, Вологодская область;35:9:17
Оштинское, Вытегорское, Вологодская область;35:9:18
Оштинское сельское, Вытегорское, Вологодская область;35:9:19
Андоморецкое, Вытегорское, Вологодская область;35:9:2
Педажезерское, Вытегорское, Вологодская область;35:9:20
Приканальное, Вытегорское, Вологодская область;35:9:21
Рубежское, Вытегорское, Вологодская область;35:9:22
Чернослободское, Вытегорское, Вологодская область;35:9:23
Якшинское, Вытегорское, Вологодская область;35:9:24
Андомское, Вытегорское, Вологодская область;35:9:3
Андомское сельское, Вытегорское, Вологодская область;35:9:4
Белоручейское, Вытегорское, Вологодская область;35:9:5
Верховское, Вытегорское, Вологодская область;35:9:6
Водлицкое, Вытегорское, Вологодская область;35:9:7
Вытегорское, Вытегорское, Вологодская область;35:9:8
Вытегорское сельское, Вытегорское, Вологодская область;35:9:9
Без деления на участковые лесничества, Кантемировское, Воронежская область;36:10:00
Гремяченское, Новоусманское, Воронежская область;36:11:1
Новоусманское, Новоусманское, Воронежская область;36:11:2
Хохольское, Новоусманское, Воронежская область;36:11:3
Яблоченское, Новоусманское, Воронежская область;36:11:4
Горело-Ольховское, Новохоперское, Воронежская область;36:12:1
Новохоперское, Новохоперское, Воронежская область;36:12:2
Степное, Новохоперское, Воронежская область;36:12:3
Евдаковское, Острогожское, Воронежская область;36:13:1
Коротоякское, Острогожское, Воронежская область;36:13:2
Острогожское, Острогожское, Воронежская область;36:13:3
Репьевское, Острогожское, Воронежская область;36:13:4
Белогорьевское, Павловское, Воронежская область;36:14:1
Лосевское, Павловское, Воронежская область;36:14:2
Павловское, Павловское, Воронежская область;36:14:3
Подгоренское, Павловское, Воронежская область;36:14:4
Русско-Буйловское, Павловское, Воронежская область;36:14:5
Буденновское, Песковское, Воронежская область;36:15:1
Песковское, Песковское, Воронежская область;36:15:2
Петровское, Песковское, Воронежская область;36:15:3
Животиновское, Пригородное, Воронежская область;36:16:1
Левобережное, Пригородное, Воронежская область;36:16:2
Правобережное, Пригородное, Воронежская область;36:16:3
Ново-Калитвенское, Россошанское, Воронежская область;36:17:1
Ольховатское, Россошанское, Воронежская область;36:17:2
Россошанское, Россошанское, Воронежская область;36:17:3
Костино-Отдельское, Савальское, Воронежская область;36:18:1
Полянское, Савальское, Воронежская область;36:18:2
Савальское, Савальское, Воронежская область;36:18:3
Землянское, Семилукское, Воронежская область;36:19:1
Нижнедевицкое, Семилукское, Воронежская область;36:19:2
Подгоренское, Семилукское, Воронежская область;36:19:3
Архангельское, Аннинское, Воронежская область;36:1:1
Ново-Чигольское, Аннинское, Воронежская область;36:1:2
Октябрьское, Аннинское, Воронежская область;36:1:3
Первомайское, Аннинское, Воронежская область;36:1:4
Без деления на участковые лесничества, Сомовское, Воронежская область;36:20:00
Алабухское, Теллермановское, Воронежская область;36:21:1
Грибановское, Теллермановское, Воронежская область;36:21:2
Карачанское, Теллермановское, Воронежская область;36:21:3
Лобановское, Теллермановское, Воронежская область;36:21:4
Пригородное, Теллермановское, Воронежская область;36:21:5
Хоперское, Теллермановское, Воронежская область;36:21:6
Брагинское, Хреновское, Воронежская область;36:22:1
Вислинское, Хреновское, Воронежская область;36:22:2
Хреновское, Хреновское, Воронежская область;36:22:3
Панинское, Эртильское, Воронежская область;36:23:1
Эртильское, Эртильское, Воронежская область;36:23:2
Бобровское, Бобровское, Воронежская область;36:2:1
Икорецкое, Бобровское, Воронежская область;36:2:2
Семено-Александровское, Бобровское, Воронежская область;36:2:3
Хреновское, Бобровское, Воронежская область;36:2:4
Богучарское, Богучарское, Воронежская область;36:3:1
Подколодновское, Богучарское, Воронежская область;36:3:2
Радченское, Богучарское, Воронежская область;36:3:3
Козловское, Бутурлиновское, Воронежская область;36:4:1
Корабельное, Бутурлиновское, Воронежская область;36:4:2
Морозовское, Бутурлиновское, Воронежская область;36:4:3
Нижне-Битюгское, Бутурлиновское, Воронежская область;36:4:4
Борское, Воронежское, Воронежская область;36:5:1
Краснолесенское, Воронежское, Воронежская область;36:5:2
Рамонское, Воронежское, Воронежская область;36:5:3
Рождественно-Хавское, Воронежское, Воронежская область;36:5:4
Тресвятское, Воронежское, Воронежская область;36:5:5
Александровское, Воронцовское, Воронежская область;36:6:1
Красное, Воронцовское, Воронежская область;36:6:2
Новенькое, Воронцовское, Воронежская область;36:6:3
Давыдовское, Давыдовское, Воронежская область;36:7:1
Донское, Давыдовское, Воронежская область;36:7:2
Залуженское, Давыдовское, Воронежская область;36:7:3
Лискинское, Давыдовское, Воронежская область;36:7:4
Нововоронежское, Давыдовское, Воронежская область;36:7:5
Верхнемамонское, Донское, Воронежская область;36:8:1
Нижнемамонское, Донское, Воронежская область;36:8:2
Ольховатское, Донское, Воронежская область;36:8:3
Березняговское, Калачеевское, Воронежская область;36:9:1
Бычковское, Калачеевское, Воронежская область;36:9:2
Воробьевское, Калачеевское, Воронежская область;36:9:3
Калачеевское, Калачеевское, Воронежская область;36:9:4
Меловатское, Калачеевское, Воронежская область;36:9:5
Гридинское, Южское, Ивановская область;37:10:1
Южское сельское, Южское, Ивановская область;37:10:10
Козловское, Южское, Ивановская область;37:10:2
Майдаковское, Южское, Ивановская область;37:10:3
Мостовское, Южское, Ивановская область;37:10:4
Палехское, Южское, Ивановская область;37:10:5
Палехское сельское, Южское, Ивановская область;37:10:6
Сакулинское, Южское, Ивановская область;37:10:7
Холуйское, Южское, Ивановская область;37:10:8
Южское, Южское, Ивановская область;37:10:9
Вичугское, Вичугское, Ивановская область;37:1:1
Родниковское сельское, Вичугское, Ивановская область;37:1:10
Сосновское, Вичугское, Ивановская область;37:1:11
Филисовское, Вичугское, Ивановская область;37:1:12
Вичугское сельское, Вичугское, Ивановская область;37:1:2
Вишневское, Вичугское, Ивановская область;37:1:3
Зарубинское, Вичугское, Ивановская область;37:1:4
Каменское, Вичугское, Ивановская область;37:1:5
Лухское, Вичугское, Ивановская область;37:1:6
Лухское сельское, Вичугское, Ивановская область;37:1:7
Порздневское, Вичугское, Ивановская область;37:1:8
Родниковское, Вичугское, Ивановская область;37:1:9
Есиплевское, Заволжское, Ивановская область;37:2:1
Жажлевское, Заволжское, Ивановская область;37:2:2
Заволжское, Заволжское, Ивановская область;37:2:3
Заволжское сельское, Заволжское, Ивановская область;37:2:4
Ильинское, Заволжское, Ивановская область;37:2:5
Кистегское, Заволжское, Ивановская область;37:2:6
Красногорское, Заволжское, Ивановская область;37:2:7
Октябрьское, Заволжское, Ивановская область;37:2:8
Ермолинское, Ивановское, Ивановская область;37:3:1
Уводьское, Ивановское, Ивановская область;37:3:10
Шилыковское, Ивановское, Ивановская область;37:3:11
Ивановское, Ивановское, Ивановская область;37:3:2
Ивановское сельское, Ивановское, Ивановская область;37:3:3
Кохомское, Ивановское, Ивановская область;37:3:4
Лежневское, Ивановское, Ивановская область;37:3:5
Лежневское сельское, Ивановское, Ивановская область;37:3:6
Михеевское, Ивановское, Ивановская область;37:3:7
Поречное, Ивановское, Ивановская область;37:3:8
Талицкое, Ивановское, Ивановская область;37:3:9
Ивашевское, Ильинское, Ивановская область;37:4:1
Игрищинское, Ильинское, Ивановская область;37:4:2
Ильинское сельское, Ильинское, Ивановская область;37:4:3
Комсомольское, Ильинское, Ивановская область;37:4:4
Комсомольское сельское, Ильинское, Ивановская область;37:4:5
Октябрьское, Ильинское, Ивановская область;37:4:6
Писцовское, Ильинское, Ивановская область;37:4:7
Щениковское, Ильинское, Ивановская область;37:4:8
Елнатское, Кинешемское, Ивановская область;37:5:1
Жуковское, Кинешемское, Ивановская область;37:5:2
Кинешемское, Кинешемское, Ивановская область;37:5:3
Кинешемское сельское, Кинешемское, Ивановская область;37:5:4
Наволокское, Кинешемское, Ивановская область;37:5:5
Нагорное, Кинешемское, Ивановская область;37:5:6
Решемское, Кинешемское, Ивановская область;37:5:7
Шилекшинское, Кинешемское, Ивановская область;37:5:8
Юрьевецкое сельское, Кинешемское, Ивановская область;37:5:9
Верхне-Ландеховское, Пучежское, Ивановская область;37:6:1
Пучежское сельское, Пучежское, Ивановская область;37:6:10
Сезуховское, Пучежское, Ивановская область;37:6:11
Верхне-Ландеховское сельское, Пучежское, Ивановская область;37:6:2
Демидовское, Пучежское, Ивановская область;37:6:3
Зарайское, Пучежское, Ивановская область;37:6:4
Мытское, Пучежское, Ивановская область;37:6:5
Нижне-Ландеховское, Пучежское, Ивановская область;37:6:6
Пестяковское, Пучежское, Ивановская область;37:6:7
Пестяковское сельское, Пучежское, Ивановская область;37:6:8
Пучежское, Пучежское, Ивановская область;37:6:9
Березовское, Тейковское, Ивановская область;37:7:1
Гаврилово-Посадское сельское, Тейковское, Ивановская область;37:7:2
Крапивновское, Тейковское, Ивановская область;37:7:3
Ленинское, Тейковское, Ивановская область;37:7:4
Мирославское, Тейковское, Ивановская область;37:7:5
Нерльское, Тейковское, Ивановская область;37:7:6
Петровское, Тейковское, Ивановская область;37:7:7
Тейковское, Тейковское, Ивановская область;37:7:8
Тейковское сельское, Тейковское, Ивановская область;37:7:9
Дуляпинское, Фурмановское, Ивановская область;37:8:1
Плесское, Фурмановское, Ивановская область;37:8:2
Приволжское сельское, Фурмановское, Ивановская область;37:8:3
Середское, Фурмановское, Ивановская область;37:8:4
Фурмановское, Фурмановское, Ивановская область;37:8:5
Фурмановское сельское, Фурмановское, Ивановская область;37:8:6
Яковлевское, Фурмановское, Ивановская область;37:8:7
Васильевское, Шуйское, Ивановская область;37:9:1
Воскресенское, Шуйское, Ивановская область;37:9:2
Савинское, Шуйское, Ивановская область;37:9:3
Савинское сельское, Шуйское, Ивановская область;37:9:4
Тезинское, Шуйское, Ивановская область;37:9:5
Шуйское, Шуйское, Ивановская область;37:9:6
Шуйское сельское, Шуйское, Ивановская область;37:9:7
Тыретское, Заларинское, Иркутская область;38:10:1
Черемшанское, Заларинское, Иркутская область;38:10:2
Буринское, Зиминское, Иркутская область;38:11:1
Зулумайское, Зиминское, Иркутская область;38:11:2
Воробьевское, Илимское, Иркутская область;38:12:1
Невонское, Илимское, Иркутская область;38:12:2
Седановское, Илимское, Иркутская область;38:12:3
Усть-Илимское, Илимское, Иркутская область;38:12:4
Гороховское, Иркутское, Иркутская область;38:13:1
Приморское, Иркутское, Иркутская область;38:13:2
Хомутовское, Иркутское, Иркутская область;38:13:3
Казачинское, Казачинско-Ленское, Иркутская область;38:14:1
Карамское, Казачинско-Ленское, Иркутская область;38:14:2
Магистральное, Казачинско-Ленское, Иркутская область;38:14:3
Ульканское, Казачинско-Ленское, Иркутская область;38:14:4
Катангское, Катангское, Иркутская область;38:15:1
Ангинское, Качугское, Иркутская область;38:16:1
Верхоленское, Качугское, Иркутская область;38:16:2
Ичерское, Киренское, Иркутская область;38:17:1
Карелинское, Киренское, Иркутская область;38:17:2
Киренское, Киренское, Иркутская область;38:17:3
Чайское, Киренское, Иркутская область;38:17:4
Боханское, Кировское, Иркутская область;38:18:1
Одиннадцатое, Кировское, Иркутская область;38:18:10
Первое, Кировское, Иркутская область;38:18:11
Пятое, Кировское, Иркутская область;38:18:12
Седьмое, Кировское, Иркутская область;38:18:13
Третье, Кировское, Иркутская область;38:18:14
Четвертое, Кировское, Иркутская область;38:18:15
Шестое, Кировское, Иркутская область;38:18:16
Казачинское, Кировское, Иркутская область;38:18:2
Кировское, Кировское, Иркутская область;38:18:3
Тихоновское, Кировское, Иркутская область;38:18:4
Восьмое, Кировское, Иркутская область;38:18:5
Второе, Кировское, Иркутская область;38:18:6
Двенадцатое, Кировское, Иркутская область;38:18:7
Девятое, Кировское, Иркутская область;38:18:8
Десятое, Кировское, Иркутская область;38:18:9
Барлукское, Куйтунское, Иркутская область;38:19:1
Куйтунское, Куйтунское, Иркутская область;38:19:2
Аларское, Аларское, Иркутская область;38:1:1
Алятское, Аларское, Иркутская область;38:1:2
Заречное, Аларское, Иркутская область;38:1:3
Приморское, Аларское, Иркутская область;38:1:4
Мамское, Мамское, Иркутская область;38:20:1
Верхнеилимское, Нижнеилимское, Иркутская область;38:21:1
Илимское, Нижнеилимское, Иркутская область;38:21:10
Мукское, Нижнеилимское, Иркутская область;38:21:11
Нижнеилимское, Нижнеилимское, Иркутская область;38:21:12
Северное, Нижнеилимское, Иркутская область;38:21:13
Суворское, Нижнеилимское, Иркутская область;38:21:14
Туригское, Нижнеилимское, Иркутская область;38:21:15
Усть-Удинское, Нижнеилимское, Иркутская область;38:21:16
Шестаковское, Нижнеилимское, Иркутская область;38:21:17
Железногорское, Нижнеилимское, Иркутская область;38:21:2
Игирминское, Нижнеилимское, Иркутская область;38:21:3
Рудногорское, Нижнеилимское, Иркутская область;38:21:4
Ярское, Нижнеилимское, Иркутская область;38:21:5
Березняковское, Нижнеилимское, Иркутская область;38:21:6
Брусничное, Нижнеилимское, Иркутская область;38:21:7
Видимское, Нижнеилимское, Иркутская область;38:21:8
Дальнее, Нижнеилимское, Иркутская область;38:21:9
Алзамайское, Нижнеудинское, Иркутская область;38:22:1
Боровинское, Нижнеудинское, Иркутская область;38:22:2
Замзорское, Нижнеудинское, Иркутская область;38:22:3
Каменское, Нижнеудинское, Иркутская область;38:22:4
Нижнеудинское, Нижнеудинское, Иркутская область;38:22:5
Тофаларское, Нижнеудинское, Иркутская область;38:22:6
Новонукутское, Нукутское, Иркутская область;38:23:1
Харетское, Нукутское, Иркутская область;38:23:2
Бугульдейское, Ольхонское, Иркутская область;38:24:1
Ольхонское, Ольхонское, Иркутская область;38:24:2
Бурят-Янгутское, Осинское, Иркутская область;38:25:1
Обусинское, Осинское, Иркутская область;38:25:2
Осинское, Осинское, Иркутская область;38:25:3
Приморское, Осинское, Иркутская область;38:25:4
Боровское, Падунское, Иркутская область;38:26:1
Карахунское, Падунское, Иркутская область;38:26:2
Озерное, Падунское, Иркутская область;38:26:3
Падунское, Падунское, Иркутская область;38:26:4
Усть-Вихоревское, Падунское, Иркутская область;38:26:5
Зелиндинско-Катинское, Северное, Иркутская область;38:27:1
Сосновское, Северное, Иркутская область;38:27:2
Тубинское, Северное, Иркутская область;38:27:3
Байкальское, Слюдянское, Иркутская область;38:28:1
Слюдянское, Слюдянское, Иркутская область;38:28:2
Верхнебирюсинское, Тайшетское, Иркутская область;38:29:1
Тагульское, Тайшетское, Иркутская область;38:29:2
Тайшетское, Тайшетское, Иркутская область;38:29:3
Шиткинское, Тайшетское, Иркутская область;38:29:4
Юртинское, Тайшетское, Иркутская область;38:29:5
Тальцинское, Ангарское, Иркутская область;38:2:1
Ушаковское, Ангарское, Иркутская область;38:2:2
Будаговское, Тулунское, Иркутская область;38:30:1
Икейское, Тулунское, Иркутская область;38:30:2
Присаянское, Тулунское, Иркутская область;38:30:3
Тулунское, Тулунское, Иркутская область;38:30:4
Ангарское, Усольское, Иркутская область;38:31:1
Тойсуковское, Усольское, Иркутская область;38:31:2
Усольское, Усольское, Иркутская область;38:31:3
Бобровское, Усть-Кутское, Иркутская область;38:32:1
Борисовское, Усть-Кутское, Иркутская область;38:32:2
Верхненепское, Усть-Кутское, Иркутская область;38:32:3
Каймоновское, Усть-Кутское, Иркутская область;38:32:4
Марковское, Усть-Кутское, Иркутская область;38:32:5
Омолоевское, Усть-Кутское, Иркутская область;38:32:6
Орлингское, Усть-Кутское, Иркутская область;38:32:7
Осетровское, Усть-Кутское, Иркутская область;38:32:8
Таюрское, Усть-Кутское, Иркутская область;38:32:9
Байтогское, Усть-Ордынское, Иркутская область;38:33:1
Тугутуйское, Усть-Ордынское, Иркутская область;38:33:2
Эхирит-Булагатское, Усть-Ордынское, Иркутская область;38:33:3
Подволоченское, Усть-Удинское, Иркутская область;38:34:1
Усть-Удинское, Усть-Удинское, Иркутская область;38:34:2
Голуметское, Черемховское, Иркутская область;38:35:1
Малобельское, Черемховское, Иркутская область;38:35:2
Баяндаевское, Чунское, Иркутская область;38:36:1
Джиживское, Чунское, Иркутская область;38:36:10
Захаровское, Чунское, Иркутская область;38:36:11
Ковинское, Чунское, Иркутская область;38:36:12
Модышевское, Чунское, Иркутская область;38:36:13
Мухинское, Чунское, Иркутская область;38:36:14
Новочунское, Чунское, Иркутская область;38:36:15
Октябрьское, Чунское, Иркутская область;38:36:16
Приудинское, Чунское, Иркутская область;38:36:17
Пятое, Чунское, Иркутская область;38:36:18
Тарейское, Чунское, Иркутская область;38:36:19
Выдринское, Чунское, Иркутская область;38:36:2
Третье, Чунское, Иркутская область;38:36:20
Четвертое, Чунское, Иркутская область;38:36:21
Чукшинское, Чунское, Иркутская область;38:36:22
Чунское, Чунское, Иркутская область;38:36:23
Шестое, Чунское, Иркутская область;38:36:24
Мироновское, Чунское, Иркутская область;38:36:3
Неванское, Чунское, Иркутская область;38:36:4
Червянское, Чунское, Иркутская область;38:36:5
Баерское, Чунское, Иркутская область;38:36:6
Барминское, Чунское, Иркутская область;38:36:7
Березовское, Чунское, Иркутская область;38:36:8
Верхнебарминское, Чунское, Иркутская область;38:36:9
Шелеховское, Шелеховское, Иркутская область;38:37:1
Балаганское, Балаганское, Иркутская область;38:3:1
Братское, Нижнеудинское, Иркутская область;38:41:1
Нижнеудинское, Нижнеудинское, Иркутская область;38:41:2
Нижнеудинское (Чунский участок), Нижнеудинское, Иркутская область;38:41:3
Сосновское, Шелеховское, Иркутская область;38:42:1
Шелеховское, Шелеховское, Иркутская область;38:42:2
Без деления на участковые лесничества, Ангарский городской округ, Иркутская область;38:43:00
Баяндаевское, Баяндаевское, Иркутская область;38:4:1
Хоготское, Баяндаевское, Иркутская область;38:4:2
Кондратьевское, Бирюсинское, Иркутская область;38:5:1
Шелаевское, Бирюсинское, Иркутская область;38:5:2
Бодайбинское, Бодайбинское, Иркутская область;38:6:1
Левобережное, Усть-Илимское городское лесничество, Иркутская область;38:79:1
Правобережное, Усть-Илимское городское лесничество, Иркутская область;38:79:2
Братское, Братское, Иркутская область;38:7:1
Вихоревское, Братское, Иркутская область;38:7:2
Илирское, Братское, Иркутская область;38:7:3
Маральское, Братское, Иркутская область;38:7:4
Тангуйское, Братское, Иркутская область;38:7:5
Тарминское, Братское, Иркутская область;38:7:6
Карлукское муниципальное, Иркутское районное муниципальное, Иркутская область;38:85:1
Хомутовское муниципальное, Иркутское районное муниципальное, Иркутская область;38:85:2
Большеголоустненское, Голоустненское, Иркутская область;38:8:1
Малоголоустненское, Голоустненское, Иркутская область;38:8:2
Жигаловское, Жигаловское, Иркутская область;38:9:1
Третье, Жигаловское, Иркутская область;38:9:10
Четвертое, Жигаловское, Иркутская область;38:9:11
Шестое, Жигаловское, Иркутская область;38:9:12
Тутурское, Жигаловское, Иркутская область;38:9:2
Восьмое, Жигаловское, Иркутская область;38:9:3
Второе, Жигаловское, Иркутская область;38:9:4
Девятое, Жигаловское, Иркутская область;38:9:5
Орленгское, Жигаловское, Иркутская область;38:9:6
Первое, Жигаловское, Иркутская область;38:9:7
Пятое, Жигаловское, Иркутская область;38:9:8
Седьмое, Жигаловское, Иркутская область;38:9:9
«Золотые дюны», Национальный парк «Куршская коса», Калининградская область;39:10:1
«Зеленоградское», Национальный парк «Куршская коса», Калининградская область;39:10:2
Прибрежное, Калининградское городское лесничество, Калининградская область;39:13:1
Чкаловское, Калининградское городское лесничество, Калининградская область;39:13:2
Космодемьянское, Калининградское городское лесничество, Калининградская область;39:13:3
Багратионовское, Багратионовское, Калининградская область;39:1:1
Ладушкинское, Багратионовское, Калининградская область;39:1:2
Новоселовское, Багратионовское, Калининградская область;39:1:3
Октябрьское, Багратионовское, Калининградская область;39:1:4
Пионерское, Пионерское городское лесничество, Калининградская область;39:28:1
Гвардейское, Гвардейское, Калининградская область;39:2:1
Новодеревенское, Гвардейское, Калининградская область;39:2:2
Первомайское, Гвардейское, Калининградская область;39:2:3
Придорожное, Гвардейское, Калининградская область;39:2:4
Домновское, Железнодорожное, Калининградская область;39:3:1
Железнодорожное, Железнодорожное, Калининградская область;39:3:2
Ново-Бобруйское, Железнодорожное, Калининградская область;39:3:3
Правдинское, Железнодорожное, Калининградская область;39:3:4
Фрунзенское, Железнодорожное, Калининградская область;39:3:5
Балтийское, Калининградское, Калининградская область;39:4:1
Западное, Калининградское, Калининградская область;39:4:2
Матросовское, Калининградское, Калининградская область;39:4:3
Переславское, Калининградское, Калининградская область;39:4:4
Романовское, Калининградское, Калининградская область;39:4:5
Светлогорское, Калининградское, Калининградская область;39:4:6
Северное, Калининградское, Калининградская область;39:4:7
Семеновское, Калининградское, Калининградская область;39:4:8
Верхне-Неманское, Краснознаменское, Калининградская область;39:5:1
Краснознаменское, Краснознаменское, Калининградская область;39:5:2
Мичуринское, Краснознаменское, Калининградская область;39:5:3
Неманское, Краснознаменское, Калининградская область;39:5:4
Подгородненское, Краснознаменское, Калининградская область;39:5:5
Боровское, Нестеровское, Калининградская область;39:6:1
Краснолесское, Нестеровское, Калининградская область;39:6:2
Озерское, Нестеровское, Калининградская область;39:6:3
Пограничное, Нестеровское, Калининградская область;39:6:4
Токаревское, Нестеровское, Калининградская область;39:6:5
Чистопрудненское, Нестеровское, Калининградская область;39:6:6
Залесовское, Полесское, Калининградская область;39:7:1
Ильичевское, Полесское, Калининградская область;39:7:2
Калининское, Полесское, Калининградская область;39:7:3
Полесское, Полесское, Калининградская область;39:7:4
Саранское, Полесское, Калининградская область;39:7:5
Славянское, Полесское, Калининградская область;39:7:6
Сосновское, Полесское, Калининградская область;39:7:7
Большаковское, Славское, Калининградская область;39:8:1
Заповедненское, Славское, Калининградская область;39:8:2
Моховое, Славское, Калининградская область;39:8:3
Славское, Славское, Калининградская область;39:8:4
Ясновское, Славское, Калининградская область;39:8:5
Бережковское, Черняховское, Калининградская область;39:9:1
Гремяченское, Черняховское, Калининградская область;39:9:2
Двуреченское, Черняховское, Калининградская область;39:9:3
Каменское, Черняховское, Калининградская область;39:9:4
Краснополянское, Черняховское, Калининградская область;39:9:5
Майское, Черняховское, Калининградская область;39:9:6
Нагорное, Черняховское, Калининградская область;39:9:7
Красноборское, Куйбышевское, Калужская область;40:10:1
Кузьминичское, Куйбышевское, Калужская область;40:10:2
Раменное, Куйбышевское, Калужская область;40:10:3
Тимирязевское, Куйбышевское, Калужская область;40:10:4
Троицкое, Куйбышевское, Калужская область;40:10:5
Феликсовское, Куйбышевское, Калужская область;40:10:6
Бережковское, Людиновское, Калужская область;40:11:1
Космачевское, Людиновское, Калужская область;40:11:2
Людиновское, Людиновское, Калужская область;40:11:3
Радомичское, Людиновское, Калужская область;40:11:4
Савинское, Людиновское, Калужская область;40:11:5
Бабаевское, Малоярославецкое, Калужская область;40:12:1
Детчинское, Малоярославецкое, Калужская область;40:12:2
Ильинское, Малоярославецкое, Калужская область;40:12:3
Малоярославецкое, Малоярославецкое, Калужская область;40:12:4
Неделинское, Малоярославецкое, Калужская область;40:12:5
Кременское, Медынское, Калужская область;40:13:1
Медынское, Медынское, Калужская область;40:13:2
Передельское, Медынское, Калужская область;40:13:3
Шанско-Заводское, Медынское, Калужская область;40:13:4
Барятинское, Мещовское, Калужская область;40:14:1
Дабужское, Мещовское, Калужская область;40:14:2
Мещовское, Мещовское, Калужская область;40:14:3
Подкопаевское, Мещовское, Калужская область;40:14:4
Сухиничское, Мещовское, Калужская область;40:14:5
Барятинское, Спас-Деменское, Калужская область;40:15:1
Милятинское, Спас-Деменское, Калужская область;40:15:2
Ново-Александровское, Спас-Деменское, Калужская область;40:15:3
Павлиновское, Спас-Деменское, Калужская область;40:15:4
Пригородное, Спас-Деменское, Калужская область;40:15:5
Спас-Деменское, Спас-Деменское, Калужская область;40:15:6
Дудоровское, Ульяновское, Калужская область;40:16:1
Кцынское, Ульяновское, Калужская область;40:16:2
Ленинское, Ульяновское, Калужская область;40:16:3
Ульяновское, Ульяновское, Калужская область;40:16:4
Хотьковское, Ульяновское, Калужская область;40:16:5
Барятинское, Ферзиковское, Калужская область;40:17:1
Дугнинское, Ферзиковское, Калужская область;40:17:2
Слободское, Ферзиковское, Калужская область;40:17:3
Тарусское, Ферзиковское, Калужская область;40:17:4
Ферзиковское, Ферзиковское, Калужская область;40:17:5
Долговское, Юхновское, Калужская область;40:18:1
Заресское, Юхновское, Калужская область;40:18:2
Крюковское, Юхновское, Калужская область;40:18:3
Мосальское, Юхновское, Калужская область;40:18:4
Подсосонское, Юхновское, Калужская область;40:18:5
Щелкановское, Юхновское, Калужская область;40:18:6
Юхновское, Юхновское, Калужская область;40:18:7
Северный участок, ГПЗ Калужские Засеки, Калужская область;40:19:1
Южный участок, ГПЗ Калужские Засеки, Калужская область;40:19:2
Балабановское, Боровское, Калужская область;40:1:1
Боровское, Боровское, Калужская область;40:1:2
Тишневское, Боровское, Калужская область;40:1:3
Кондровское, Дзержинское, Калужская область;40:2:1
Льва-Толстовское, Дзержинское, Калужская область;40:2:2
Озеренское, Дзержинское, Калужская область;40:2:3
Остроженское, Дзержинское, Калужская область;40:2:4
Брынское, Думиничское, Калужская область;40:3:1
Высокское, Думиничское, Калужская область;40:3:2
Думиничское, Думиничское, Калужская область;40:3:3
Маклаковское, Думиничское, Калужская область;40:3:4
Паликское, Думиничское, Калужская область;40:3:5
Еленское, Еленское, Калужская область;40:4:1
Старосельское, Еленское, Калужская область;40:4:2
Троснянское, Еленское, Калужская область;40:4:3
Тургеневское, Еленское, Калужская область;40:4:4
Хвастовичское, Еленское, Калужская область;40:4:5
Болвинское, Жиздринское, Калужская область;40:5:1
Жиздринское, Жиздринское, Калужская область;40:5:2
Зикеевское, Жиздринское, Калужская область;40:5:3
Огорское, Жиздринское, Калужская область;40:5:4
Судимирское, Жиздринское, Калужская область;40:5:5
Воробьевское, Жуковское, Калужская область;40:6:1
Зареченское, Жуковское, Калужская область;40:6:2
Угодско-Заводское, Жуковское, Калужская область;40:6:3
Износковское, Износковское, Калужская область;40:7:1
Мятлевское, Износковское, Калужская область;40:7:2
Тюрмеровское, Износковское, Калужская область;40:7:3
Шанско-Заводское, Износковское, Калужская область;40:7:4
Желовское, Калужское, Калужская область;40:8:1
Пригородное, Калужское, Калужская область;40:8:2
Приокское, Калужское, Калужская область;40:8:3
Рожковское, Калужское, Калужская область;40:8:4
Волконское, Козельское, Калужская область;40:9:1
Каменское, Козельское, Калужская область;40:9:2
Лихвинское, Козельское, Калужская область;40:9:3
Сосенское, Козельское, Калужская область;40:9:4
Атласовское, Атласовское, Камчатский край;41:1:1
Лазовское, Атласовское, Камчатский край;41:1:2
Щапинское, Атласовское, Камчатский край;41:1:3
Анавгайское, Быстринское, Камчатский край;41:2:1
Эссовское, Быстринское, Камчатский край;41:2:2
Елизовское, Елизовское, Камчатский край;41:3:1
Корякское, Елизовское, Камчатский край;41:3:2
Начикинское, Елизовское, Камчатский край;41:3:3
Паратунское, Елизовское, Камчатский край;41:3:4
Петропавловское, Елизовское, Камчатский край;41:3:5
Южное, Елизовское, Камчатский край;41:3:6
Ключевское, Ключевское, Камчатский край;41:4:1
Козыревское, Ключевское, Камчатский край;41:4:2
Крапивненское, Ключевское, Камчатский край;41:4:3
Майское, Ключевское, Камчатский край;41:4:4
Карагинское, Корякское, Камчатский край;41:5:1
Олюторское, Корякское, Камчатский край;41:5:2
Паланское, Корякское, Камчатский край;41:5:3
Пенжинское, Корякское, Камчатский край;41:5:4
Тигильское, Корякское, Камчатский край;41:5:5
Усть-Хайрюзовское, Корякское, Камчатский край;41:5:6
Долиновское, Мильковское, Камчатский край;41:6:1
Мильковское, Мильковское, Камчатский край;41:6:2
Шаромское, Мильковское, Камчатский край;41:6:3
Апачинское, Усть-Большерецкое, Камчатский край;41:7:1
Соболевское, Усть-Большерецкое, Камчатский край;41:7:2
Усть-Большерецкое, Усть-Большерецкое, Камчатский край;41:7:3
Кроноцкое, ГПБЗ Кроноцкий, Камчатский край;41:9:1
Лазовское, ГПБЗ Кроноцкий, Камчатский край;41:9:2
Озерно-Кроноцкое, ГПБЗ Кроноцкий, Камчатский край;41:9:3
Семячикское, ГПБЗ Кроноцкий, Камчатский край;41:9:4
Чажминское, ГПБЗ Кроноцкий, Камчатский край;41:9:5
Ерунаковское, Новокузнецкое, Кемеровская область;42:10:1
Есаульское, Новокузнецкое, Кемеровская область;42:10:2
Костенковское, Новокузнецкое, Кемеровская область;42:10:3
Пригородное, Новокузнецкое, Кемеровская область;42:10:4
Терсинское, Новокузнецкое, Кемеровская область;42:10:5
Чистогривенское, Новокузнецкое, Кемеровская область;42:10:6
Еловское, Прокопьевское, Кемеровская область;42:11:1
Керлегешское, Прокопьевское, Кемеровская область;42:11:2
Михайловское, Прокопьевское, Кемеровская область;42:11:3
Терешское, Прокопьевское, Кемеровская область;42:11:4
Вагановское, Промышленновское, Кемеровская область;42:12:1
Краснинское, Промышленновское, Кемеровская область;42:12:2
Ленинск-Кузнецкое, Промышленновское, Кемеровская область;42:12:3
Падунское, Промышленновское, Кемеровская область;42:12:4
Промышленновское, Промышленновское, Кемеровская область;42:12:5
Алтамашское, Таштагольское, Кемеровская область;42:13:1
Кабырзинское, Таштагольское, Кемеровская область;42:13:2
Таштагольское, Таштагольское, Кемеровская область;42:13:3
Темиртаусское, Таштагольское, Кемеровская область;42:13:4
Чугунашское, Таштагольское, Кемеровская область;42:13:5
Шалымское, Таштагольское, Кемеровская область;42:13:6
Берекульское, Тисульское, Кемеровская область;42:14:1
Комсомольское, Тисульское, Кемеровская область;42:14:2
Макаракское, Тисульское, Кемеровская область;42:14:3
Первомайское, Тисульское, Кемеровская область;42:14:4
Тисульское, Тисульское, Кемеровская область;42:14:5
Центральное, Тисульское, Кемеровская область;42:14:6
Бороковское, Тяжинское, Кемеровская область;42:15:1
Даниловское, Тяжинское, Кемеровская область;42:15:2
Итатское, Тяжинское, Кемеровская область;42:15:3
Черемшанское, Тяжинское, Кемеровская область;42:15:4
Николаевское, Чебулинское, Кемеровская область;42:16:1
Чебулинское, Чебулинское, Кемеровская область;42:16:2
Чумайское, Чебулинское, Кемеровская область;42:16:3
Зарубинское, Юргинское, Кемеровская область;42:17:1
Новоромановское, Юргинское, Кемеровская область;42:17:2
Проскоковское, Юргинское, Кемеровская область;42:17:3
Топкинское, Юргинское, Кемеровская область;42:17:4
Шишинское, Юргинское, Кемеровская область;42:17:5
Анжерское, Яйское, Кемеровская область;42:18:1
Лебедянское, Яйское, Кемеровская область;42:18:2
Яйское, Яйское, Кемеровская область;42:18:3
Пачинское, Яшкинское, Кемеровская область;42:19:1
Пашковское, Яшкинское, Кемеровская область;42:19:2
Сурановское, Яшкинское, Кемеровская область;42:19:3
Тайгинское, Яшкинское, Кемеровская область;42:19:4
Яшкинское, Яшкинское, Кемеровская область;42:19:5
Бачатское, Беловское, Кемеровская область;42:1:1
Евтинское, Беловское, Кемеровская область;42:1:2
Каралдинское, Беловское, Кемеровская область;42:1:3
Менчерепское, Беловское, Кемеровская область;42:1:4
Чекмаревское, Беловское, Кемеровская область;42:1:5
Чигирское, Беловское, Кемеровская область;42:1:6
Городские леса, Городские леса Тайгинского городского округа, Кемеровская область;42:26:1
Бирюлинское, Гурьевское, Кемеровская область;42:2:1
Гавриловское, Гурьевское, Кемеровская область;42:2:2
Касьминское, Гурьевское, Кемеровская область;42:2:3
Салаирское, Гурьевское, Кемеровская область;42:2:4
Ижморское, Ижморское, Кемеровская область;42:3:1
Красноярское, Ижморское, Кемеровская область;42:3:2
Святославское, Ижморское, Кемеровская область;42:3:3
Барановское, Кемеровское, Кемеровская область;42:4:1
Барзасское, Кемеровское, Кемеровская область;42:4:2
Елыкаевское, Кемеровское, Кемеровская область;42:4:3
Мазуровское, Кемеровское, Кемеровская область;42:4:4
Невское, Кемеровское, Кемеровская область;42:4:5
Промышленновское, Кемеровское, Кемеровская область;42:4:6
Аило-Атынаковское, Крапивинское, Кемеровская область;42:5:1
Ивановское, Крапивинское, Кемеровская область;42:5:2
Крапивинское, Крапивинское, Кемеровская область;42:5:3
Медвежское, Крапивинское, Кемеровская область;42:5:4
Калтанское, Кузедеевское, Кемеровская область;42:6:1
Кузедеевское, Кузедеевское, Кемеровская область;42:6:2
Даниловское, Мариинское, Кемеровская область;42:7:1
Закийское, Мариинское, Кемеровская область;42:7:2
Комиссаровское, Мариинское, Кемеровская область;42:7:3
Сельское, Мариинское, Кемеровская область;42:7:4
Таежно-Михайловское, Мариинское, Кемеровская область;42:7:5
Тонгульское, Мариинское, Кемеровская область;42:7:6
Майзасское, Междуреченское, Кемеровская область;42:8:1
Междуреченское, Междуреченское, Кемеровская область;42:8:2
Ольжерасское, Междуреченское, Кемеровская область;42:8:3
Поднебесные зубья, Междуреченское, Кемеровская область;42:8:4
Тебинское, Междуреченское, Кемеровская область;42:8:5
Хомутовское, Междуреченское, Кемеровская область;42:8:6
Мысковское, Мысковское, Кемеровская область;42:9:1
Ташелгинское, Мысковское, Кемеровская область;42:9:2
Тутуясское, Мысковское, Кемеровская область;42:9:3
Чуазасское, Мысковское, Кемеровская область;42:9:4
Ломиковское, Кильмезское, Кировская область;43:10:1
Микваровское, Кильмезское, Кировская область;43:10:2
Рыбно-Ватажское, Кильмезское, Кировская область;43:10:3
Северное сельское, Кильмезское, Кировская область;43:10:4
Селинское, Кильмезское, Кировская область;43:10:5
Троицкое, Кильмезское, Кировская область;43:10:6
Южное сельское, Кильмезское, Кировская область;43:10:7
Заречное, Кирово-Чепецкое, Кировская область;43:11:1
Поломское, Кирово-Чепецкое, Кировская область;43:11:2
Филипповское, Кирово-Чепецкое, Кировская область;43:11:3
Барановское, Кирсинское, Кировская область;43:12:1
Кирсинское, Кирсинское, Кировская область;43:12:2
Пещерское, Кирсинское, Кировская область;43:12:3
Вишкильское, Котельничское, Кировская область;43:13:1
Чистопольское, Котельничское, Кировская область;43:13:10
Щенниковское, Котельничское, Кировская область;43:13:11
Ежихинское, Котельничское, Кировская область;43:13:2
Иготинское, Котельничское, Кировская область;43:13:3
Котельничское, Котельничское, Кировская область;43:13:4
Котельничское сельское, Котельничское, Кировская область;43:13:5
Макарьевское, Котельничское, Кировская область;43:13:6
Макарьевское сельское, Котельничское, Кировская область;43:13:7
Сюзюмское, Котельничское, Кировская область;43:13:8
Черновское, Котельничское, Кировская область;43:13:9
Верхобыстрицкое, Куменское, Кировская область;43:14:1
Речное, Куменское, Кировская область;43:14:10
Сунское, Куменское, Кировская область;43:14:11
Сунское сельское, Куменское, Кировская область;43:14:12
Верхобыстрицкое сельское, Куменское, Кировская область;43:14:2
Верхосунское, Куменское, Кировская область;43:14:3
Вожгальское, Куменское, Кировская область;43:14:4
Куменское, Куменское, Кировская область;43:14:5
Куменское сельское, Куменское, Кировская область;43:14:6
Муринское, Куменское, Кировская область;43:14:7
Нижнеивкинское, Куменское, Кировская область;43:14:8
Плотниковское сельское, Куменское, Кировская область;43:14:9
Аникинское, Лузское, Кировская область;43:15:1
Вымское, Лузское, Кировская область;43:15:2
Лальское, Лузское, Кировская область;43:15:3
Лальское сельское, Лузское, Кировская область;43:15:4
Лузское, Лузское, Кировская область;43:15:5
Лузское сельское, Лузское, Кировская область;43:15:6
Папуловское, Лузское, Кировская область;43:15:7
Папуловское сельское, Лузское, Кировская область;43:15:8
Христофоровское, Лузское, Кировская область;43:15:9
Дмитриевское, Малмыжское, Кировская область;43:16:1
Заречное сельское, Малмыжское, Кировская область;43:16:2
Константиновское, Малмыжское, Кировская область;43:16:3
Малмыжское, Малмыжское, Кировская область;43:16:4
Малмыжское сельское, Малмыжское, Кировская область;43:16:5
Мелетское, Малмыжское, Кировская область;43:16:6
Плотбищенское, Малмыжское, Кировская область;43:16:7
Алексеевское, Мурашинское, Кировская область;43:17:1
Стахановское, Мурашинское, Кировская область;43:17:10
Бечевское, Мурашинское, Кировская область;43:17:2
Боровицкое сельское, Мурашинское, Кировская область;43:17:3
Верхораменское, Мурашинское, Кировская область;43:17:4
Ивановское, Мурашинское, Кировская область;43:17:5
Мурашинское, Мурашинское, Кировская область;43:17:6
Мурашинское сельское, Мурашинское, Кировская область;43:17:7
Новожиловское, Мурашинское, Кировская область;43:17:8
Староверческое, Мурашинское, Кировская область;43:17:9
Верхневятское, Нагорское, Кировская область;43:18:1
Заевское, Нагорское, Кировская область;43:18:2
Мулинское, Нагорское, Кировская область;43:18:3
Николаевское, Нагорское, Кировская область;43:18:4
Николаевское сельское, Нагорское, Кировская область;43:18:5
Симоновское, Нагорское, Кировская область;43:18:6
Федоровское, Нагорское, Кировская область;43:18:7
Шевырталовское сельское, Нагорское, Кировская область;43:18:8
Архангельское сельское, Немское, Кировская область;43:19:1
Лобанское, Немское, Кировская область;43:19:2
Немское, Немское, Кировская область;43:19:3
Немское сельское, Немское, Кировская область;43:19:4
Осиновское, Немское, Кировская область;43:19:5
Чистопольское, Немское, Кировская область;43:19:6
Афанасьевское, Афанасьевское, Кировская область;43:1:1
Афанасьевское сельское, Афанасьевское, Кировская область;43:1:2
Бисеровское, Афанасьевское, Кировская область;43:1:3
Борское, Афанасьевское, Кировская область;43:1:4
Гординское, Афанасьевское, Кировская область;43:1:5
Колычевское, Афанасьевское, Кировская область;43:1:6
Лыткинское, Афанасьевское, Кировская область;43:1:7
Пашинское сельское, Афанасьевское, Кировская область;43:1:8
Кырчанское, Нолинское, Кировская область;43:20:1
Лудянское сельское, Нолинское, Кировская область;43:20:2
Медведское, Нолинское, Кировская область;43:20:3
Нолинское, Нолинское, Кировская область;43:20:4
Нолинское сельское, Нолинское, Кировская область;43:20:5
Татауровское, Нолинское, Кировская область;43:20:6
Шварихинское, Нолинское, Кировская область;43:20:7
Белореченское, Омутнинское, Кировская область;43:21:1
Залазнинское, Омутнинское, Кировская область;43:21:2
Залазнинское сельское, Омутнинское, Кировская область;43:21:3
Лупейское, Омутнинское, Кировская область;43:21:4
Омутнинское, Омутнинское, Кировская область;43:21:5
Омутнинское сельское, Омутнинское, Кировская область;43:21:6
Песковское, Омутнинское, Кировская область;43:21:7
Струговское, Омутнинское, Кировская область;43:21:8
Чернохолуницкое, Омутнинское, Кировская область;43:21:9
Альмежское, Опаринское, Кировская область;43:22:1
Речное, Опаринское, Кировская область;43:22:10
Центральное сельское, Опаринское, Кировская область;43:22:11
Шабурское сельское, Опаринское, Кировская область;43:22:12
Шадринское, Опаринское, Кировская область;43:22:13
Волмангское, Опаринское, Кировская область;43:22:2
Латышское, Опаринское, Кировская область;43:22:3
Маромицкое, Опаринское, Кировская область;43:22:4
Мирное, Опаринское, Кировская область;43:22:5
Моломское, Опаринское, Кировская область;43:22:6
Моломское сельское, Опаринское, Кировская область;43:22:7
Опаринское, Опаринское, Кировская область;43:22:8
Паломицкое, Опаринское, Кировская область;43:22:9
Быстрицкое, Оричевское, Кировская область;43:23:1
Быстряговское, Оричевское, Кировская область;43:23:2
Верхошижемское, Оричевское, Кировская область;43:23:3
Зоновское, Оричевское, Кировская область;43:23:4
Илганское, Оричевское, Кировская область;43:23:5
Коршикское, Оричевское, Кировская область;43:23:6
Оричевское, Оричевское, Кировская область;43:23:7
Пищальское, Оричевское, Кировская область;43:23:8
Среднеивкинское, Оричевское, Кировская область;43:23:9
Бурденское, Орловское, Кировская область;43:24:1
Русановское сельское, Орловское, Кировская область;43:24:2
Соловецкое, Орловское, Кировская область;43:24:3
Степановское сельское, Орловское, Кировская область;43:24:4
Тохтинское, Орловское, Кировская область;43:24:5
Халтуринское, Орловское, Кировская область;43:24:6
Бахтинское сельское, Парковое, Кировская область;43:25:1
Просницкое, Парковое, Кировская область;43:25:10
Раменское, Парковое, Кировская область;43:25:11
Рубежницкое сельское, Парковое, Кировская область;43:25:12
Слободское, Парковое, Кировская область;43:25:13
Совьинское, Парковое, Кировская область;43:25:14
Чепецкое, Парковое, Кировская область;43:25:15
Бобинское, Парковое, Кировская область;43:25:2
Ленинское, Парковое, Кировская область;43:25:3
Лянгасовское, Парковое, Кировская область;43:25:4
Медянское, Парковое, Кировская область;43:25:5
Мурыгинское сельское, Парковое, Кировская область;43:25:6
Новобыстрицкое, Парковое, Кировская область;43:25:7
Пасеговское, Парковое, Кировская область;43:25:8
Перекопское, Парковое, Кировская область;43:25:9
Каменское, Пинюгское, Кировская область;43:26:1
Кичугское, Пинюгское, Кировская область;43:26:2
Лунданское, Пинюгское, Кировская область;43:26:3
Пинюгское, Пинюгское, Кировская область;43:26:4
Подосиновское, Пинюгское, Кировская область;43:26:5
Подосиновское сельское, Пинюгское, Кировская область;43:26:6
Пушемское, Пинюгское, Кировская область;43:26:7
Щеткинское сельское, Пинюгское, Кировская область;43:26:8
Яхреньгское сельское, Пинюгское, Кировская область;43:26:9
Верхне-Сысольское, Рудниковское, Кировская область;43:27:1
Гидаевское, Рудниковское, Кировская область;43:27:2
Заводское, Рудниковское, Кировская область;43:27:3
Лесновское, Рудниковское, Кировская область;43:27:4
Рудниковское, Рудниковское, Кировская область;43:27:5
Корляковское, Санчурское, Кировская область;43:28:1
Матвинурское, Санчурское, Кировская область;43:28:2
Санчурское, Санчурское, Кировская область;43:28:3
Санчурское сельское, Санчурское, Кировская область;43:28:4
Круглыжское, Свечинское, Кировская область;43:29:1
Круглыжское сельское, Свечинское, Кировская область;43:29:2
Свечинское, Свечинское, Кировская область;43:29:3
Свечинское сельское, Свечинское, Кировская область;43:29:4
Спасское, Свечинское, Кировская область;43:29:5
Шмелевское, Свечинское, Кировская область;43:29:6
Юмское, Свечинское, Кировская область;43:29:7
Белохолуницкое, Белохолуницкое, Кировская область;43:2:1
Белохолуницкое сельское, Белохолуницкое, Кировская область;43:2:2
Елевское, Белохолуницкое, Кировская область;43:2:3
Климковское, Белохолуницкое, Кировская область;43:2:4
Прокопьевское, Белохолуницкое, Кировская область;43:2:5
Кобринское, Синегорское, Кировская область;43:30:1
Краснореченское, Синегорское, Кировская область;43:30:2
Крутоложское, Синегорское, Кировская область;43:30:3
Орлецовское, Синегорское, Кировская область;43:30:4
Первомайское, Синегорское, Кировская область;43:30:5
Синегорское, Синегорское, Кировская область;43:30:6
Ильинское, Слободское, Кировская область;43:31:1
Казанское, Слободское, Кировская область;43:31:2
Каринское, Слободское, Кировская область;43:31:3
Озерницкое, Слободское, Кировская область;43:31:4
Октябрьское, Слободское, Кировская область;43:31:5
Роговское, Слободское, Кировская область;43:31:6
Слободское, Слободское, Кировская область;43:31:7
Совьинское, Слободское, Кировская область;43:31:8
Шестаковское, Слободское, Кировская область;43:31:9
Арбажское, Сорвижское, Кировская область;43:32:1
Арбажское сельское, Сорвижское, Кировская область;43:32:2
Косинское, Сорвижское, Кировская область;43:32:3
Сорвижское, Сорвижское, Кировская область;43:32:4
Шембетское, Сорвижское, Кировская область;43:32:5
Заречное сельское, Суводское, Кировская область;43:33:1
Зашижемское, Суводское, Кировская область;43:33:2
Мокинское, Суводское, Кировская область;43:33:3
Первомайское, Суводское, Кировская область;43:33:4
Пижанское, Суводское, Кировская область;43:33:5
Пижанское сельское, Суводское, Кировская область;43:33:6
Советское, Суводское, Кировская область;43:33:7
Советское сельское, Суводское, Кировская область;43:33:8
Суводское, Суводское, Кировская область;43:33:9
Канахинское сельское, Унинское, Кировская область;43:34:1
Порезское сельское, Унинское, Кировская область;43:34:2
Унинское сельское, Унинское, Кировская область;43:34:3
Ухтымское сельское, Унинское, Кировская область;43:34:4
Хорошевское сельское, Унинское, Кировская область;43:34:5
Буйское, Уржумское, Кировская область;43:35:1
Лебяжское, Уржумское, Кировская область;43:35:2
Лебяжское сельское, Уржумское, Кировская область;43:35:3
Октябрьское, Уржумское, Кировская область;43:35:4
Уржумское, Уржумское, Кировская область;43:35:5
Уржумское сельское, Уржумское, Кировская область;43:35:6
Цепочкинское, Уржумское, Кировская область;43:35:7
Шурминское, Уржумское, Кировская область;43:35:8
Шурминское сельское, Уржумское, Кировская область;43:35:9
Порезское, Фаленское, Кировская область;43:36:1
Сардыкское, Фаленское, Кировская область;43:36:2
Талицкое, Фаленское, Кировская область;43:36:3
Унинское, Фаленское, Кировская область;43:36:4
Фаленское, Фаленское, Кировская область;43:36:5
Высокораменское, Шабалинское, Кировская область;43:37:1
Гостовское, Шабалинское, Кировская область;43:37:2
Жирновское, Шабалинское, Кировская область;43:37:3
Ленинское, Шабалинское, Кировская область;43:37:4
Ленинское сельское, Шабалинское, Кировская область;43:37:5
Новотроицкое, Шабалинское, Кировская область;43:37:6
Новотроицкое сельское, Шабалинское, Кировская область;43:37:7
Черновское, Шабалинское, Кировская область;43:37:8
Черновское сельское, Шабалинское, Кировская область;43:37:9
Великорецкое, Юрьянское, Кировская область;43:38:1
Гороховское сельское, Юрьянское, Кировская область;43:38:2
Новополомское, Юрьянское, Кировская область;43:38:3
Пышакское сельское, Юрьянское, Кировская область;43:38:4
Юрьянское, Юрьянское, Кировская область;43:38:5
Юрьянское сельское, Юрьянское, Кировская область;43:38:6
Каракшинское, Яранское, Кировская область;43:39:1
Михайловское, Яранское, Кировская область;43:39:2
Салобелякское, Яранское, Кировская область;43:39:3
Салобелякское сельское, Яранское, Кировская область;43:39:4
Тужинское, Яранское, Кировская область;43:39:5
Тужинское сельское, Яранское, Кировская область;43:39:6
Яранское, Яранское, Кировская область;43:39:7
Яранское сельское, Яранское, Кировская область;43:39:8
Адышевское сельское, Верхошижемское, Кировская область;43:3:1
Верхошижемское сельское, Верхошижемское, Кировская область;43:3:2
Мякишинское сельское, Верхошижемское, Кировская область;43:3:3
Оричевское сельское, Верхошижемское, Кировская область;43:3:4
Среднеивкинское сельское, Верхошижемское, Кировская область;43:3:5
Шалеговское сельское, Верхошижемское, Кировская область;43:3:6
Бурецкое, Вятско-Полянское, Кировская область;43:4:1
Вятско-Полянское, Вятско-Полянское, Кировская область;43:4:2
Вятско-Полянское сельское, Вятско-Полянское, Кировская область;43:4:3
Сосновское, Вятско-Полянское, Кировская область;43:4:4
Шабанское, Вятско-Полянское, Кировская область;43:4:5
Вонданское, Даровское, Кировская область;43:5:1
Даровское, Даровское, Кировская область;43:5:2
Даровское сельское, Даровское, Кировская область;43:5:3
Кобрское, Даровское, Кировская область;43:5:4
Красносельское, Даровское, Кировская область;43:5:5
Красносельское сельское, Даровское, Кировская область;43:5:6
Лукинское, Даровское, Кировская область;43:5:7
Пиксурское сельское, Даровское, Кировская область;43:5:8
Верхне-Вятское, Дубровское, Кировская область;43:6:1
Дубровское, Дубровское, Кировская область;43:6:2
Иванцевское сельское, Дубровское, Кировская область;43:6:3
Лабазнинское, Дубровское, Кировская область;43:6:4
Поломское, Дубровское, Кировская область;43:6:5
Троицкое, Дубровское, Кировская область;43:6:6
Богородское, Зуевское, Кировская область;43:7:1
Фаленское сельское, Зуевское, Кировская область;43:7:10
Дубовицкое, Зуевское, Кировская область;43:7:2
Зуевское, Зуевское, Кировская область;43:7:3
Зуевское сельское, Зуевское, Кировская область;43:7:4
Майское, Зуевское, Кировская область;43:7:5
Мухинское, Зуевское, Кировская область;43:7:6
Мухинское сельское, Зуевское, Кировская область;43:7:7
Сезеневское, Зуевское, Кировская область;43:7:8
Талицкое сельское, Зуевское, Кировская область;43:7:9
Верхнекамское сельское, Кайское, Кировская область;43:8:1
Кайское, Кайское, Кировская область;43:8:2
Камское, Кайское, Кировская область;43:8:3
Лойнское, Кайское, Кировская область;43:8:4
Ожмеговское, Кайское, Кировская область;43:8:5
Чусовское, Кайское, Кировская область;43:8:6
Кикнурское, Кикнурское, Кировская область;43:9:1
Кикнурское сельское, Кикнурское, Кировская область;43:9:2
Кокшагское, Кикнурское, Кировская область;43:9:3
Русско-Краинское, Кикнурское, Кировская область;43:9:4
1-е Георгиевское, Межевское, Костромская область;44:10:1
1-е Никольское, Межевское, Костромская область;44:10:2
2-е Георгиевское, Межевское, Костромская область;44:10:3
2-е Никольское, Межевское, Костромская область;44:10:4
Межевское, Межевское, Костромская область;44:10:5
Петушихское, Межевское, Костромская область;44:10:6
Родинское, Межевское, Костромская область;44:10:7
1-е Солтановское, Нейское, Костромская область;44:11:1
Семеновское, Нейское, Костромская область;44:11:10
2-е Солтановское, Нейское, Костромская область;44:11:2
Абросимовское, Нейское, Костромская область;44:11:3
Елкинское, Нейское, Костромская область;44:11:4
Кужбальское, Нейское, Костромская область;44:11:5
Нейское, Нейское, Костромская область;44:11:6
Никитское, Нейское, Костромская область;44:11:7
Первомайское, Нейское, Костромская область;44:11:8
Потрусовское, Нейское, Костромская область;44:11:9
Боговаровское, Октябрьское, Костромская область;44:12:1
Веденьевское, Октябрьское, Костромская область;44:12:2
Луптюгское, Октябрьское, Костромская область;44:12:3
Соловецкое, Октябрьское, Костромская область;44:12:4
Стариковское, Октябрьское, Костромская область;44:12:5
1-е Адищевское, Островское, Костромская область;44:13:1
1-е Игодовское, Островское, Костромская область;44:13:2
1-е Островское, Островское, Костромская область;44:13:3
2-е Адищевское, Островское, Костромская область;44:13:4
2-е Игодовское, Островское, Костромская область;44:13:5
2-е Островское, Островское, Костромская область;44:13:6
Дымницкое, Островское, Костромская область;44:13:7
Заборское, Островское, Костромская область;44:13:8
Ломковское, Островское, Костромская область;44:13:9
1-е Павинское, Павинское, Костромская область;44:14:1
2-е Павинское, Павинское, Костромская область;44:14:2
Ивановское, Павинское, Костромская область;44:14:3
Леденгское, Павинское, Костромская область;44:14:4
Малопызмасское, Павинское, Костромская область;44:14:5
Шуботское, Павинское, Костромская область;44:14:6
1-е Парфеньевское, Парфеньевское, Костромская область;44:15:1
2-е Парфеньевское, Парфеньевское, Костромская область;44:15:2
Вохтомское, Парфеньевское, Костромская область;44:15:3
Матвеевское, Парфеньевское, Костромская область;44:15:4
Потрусовское, Парфеньевское, Костромская область;44:15:5
Татауровское, Парфеньевское, Костромская область;44:15:6
1-е Поназыревское, Поназыревское, Костромская область;44:16:1
2-е Поназыревское, Поназыревское, Костромская область;44:16:2
Луптюгское, Поназыревское, Костромская область;44:16:3
Марковское, Поназыревское, Костромская область;44:16:4
Полдневицкое, Поназыревское, Костромская область;44:16:5
Шортюгское, Поназыревское, Костромская область;44:16:6
Якшангское, Поназыревское, Костромская область;44:16:7
1-Носковское, Пыщугское, Костромская область;44:17:1
1-е Пыщугское, Пыщугское, Костромская область;44:17:2
2-Носковское, Пыщугское, Костромская область;44:17:3
2-е Пыщугское, Пыщугское, Костромская область;44:17:4
Ключевское, Пыщугское, Костромская область;44:17:5
Красное, Пыщугское, Костромская область;44:17:6
Михайловицкое, Пыщугское, Костромская область;44:17:7
1-е Зашугомское, Солигаличское, Костромская область;44:18:1
1-е Корцовское, Солигаличское, Костромская область;44:18:2
1-е Солигаличское, Солигаличское, Костромская область;44:18:3
2-е Зашугомское, Солигаличское, Костромская область;44:18:4
2-е Корцовское, Солигаличское, Костромская область;44:18:5
2-е Солигаличское, Солигаличское, Костромская область;44:18:6
Березовское, Солигаличское, Костромская область;44:18:7
Колногорское, Солигаличское, Костромская область;44:18:8
Коровновское, Солигаличское, Костромская область;44:18:9
1-е Судиславское, Судиславское, Костромская область;44:19:1
1-е Сусанинское, Судиславское, Костромская область;44:19:2
2-е Судиславское, Судиславское, Костромская область;44:19:3
2-е Сусанинское, Судиславское, Костромская область;44:19:4
Воронское, Судиславское, Костромская область;44:19:5
Калинкинское, Судиславское, Костромская область;44:19:6
Сухоруковское, Судиславское, Костромская область;44:19:7
1-е Антроповское, Антроповское, Костромская область;44:1:1
2-е Антроповское, Антроповское, Костромская область;44:1:2
Борское, Антроповское, Костромская область;44:1:3
Николо-Поломское, Антроповское, Костромская область;44:1:4
Палкинское, Антроповское, Костромская область;44:1:5
Понизовское, Антроповское, Костромская область;44:1:6
Шуйское, Антроповское, Костромская область;44:1:7
1-е Судайское, Чухломское, Костромская область;44:20:1
Нижне-Вигское, Чухломское, Костромская область;44:20:10
Нольское, Чухломское, Костромская область;44:20:11
Слудное, Чухломское, Костромская область;44:20:12
1-е Чухломское, Чухломское, Костромская область;44:20:2
2-е Судайское, Чухломское, Костромская область;44:20:3
2-е Чухломское, Чухломское, Костромская область;44:20:4
Бушневское, Чухломское, Костромская область;44:20:5
Введенское, Чухломское, Костромская область;44:20:6
Вигское, Чухломское, Костромская область;44:20:7
Георгиевское, Чухломское, Костромская область;44:20:8
Кистереченское, Чухломское, Костромская область;44:20:9
1-е Шангское, Шарьинское, Костромская область;44:21:1
Рождественское, Шарьинское, Костромская область;44:21:10
Семенихинское, Шарьинское, Костромская область;44:21:11
Троицкое, Шарьинское, Костромская область;44:21:12
Шарьинское, Шарьинское, Костромская область;44:21:13
Шекшемское, Шарьинское, Костромская область;44:21:14
2-е Шангское, Шарьинское, Костромская область;44:21:2
Васеневское, Шарьинское, Костромская область;44:21:3
Дюковское, Шарьинское, Костромская область;44:21:4
Ивановское, Шарьинское, Костромская область;44:21:5
Майтихинское, Шарьинское, Костромская область;44:21:6
Матвеевское, Шарьинское, Костромская область;44:21:7
Одоевское, Шарьинское, Костромская область;44:21:8
Панинское, Шарьинское, Костромская область;44:21:9
Буйское, Буйское, Костромская область;44:2:1
Шушкодомское, Буйское, Костромская область;44:2:10
Заречное, Буйское, Костромская область;44:2:2
Колыбаевское, Буйское, Костромская область;44:2:3
Куребринское, Буйское, Костромская область;44:2:4
Ликургское, Буйское, Костромская область;44:2:5
Полдневское, Буйское, Костромская область;44:2:6
Пригородное, Буйское, Костромская область;44:2:7
Романцевское, Буйское, Костромская область;44:2:8
Северное, Буйское, Костромская область;44:2:9
1-е Семеновское, Вохомское, Костромская область;44:3:1
Чабрское, Вохомское, Костромская область;44:3:10
2-е Семеновское, Вохомское, Костромская область;44:3:2
Вохомское, Вохомское, Костромская область;44:3:3
Заветлужское, Вохомское, Костромская область;44:3:4
Красноборское, Вохомское, Костромская область;44:3:5
Крутогорское, Вохомское, Костромская область;44:3:6
Нюрюгское, Вохомское, Костромская область;44:3:7
Пеномское, Вохомское, Костромская область;44:3:8
Центральное, Вохомское, Костромская область;44:3:9
Березовское, Галичское, Костромская область;44:4:1
Вексинское, Галичское, Костромская область;44:4:2
Галичское, Галичское, Костромская область;44:4:3
Заозерное, Галичское, Костромская область;44:4:4
Лопаревское, Галичское, Костромская область;44:4:5
Ореховское, Галичское, Костромская область;44:4:6
Пригородное, Галичское, Костромская область;44:4:7
Пронинское, Галичское, Костромская область;44:4:8
Рылеевское, Галичское, Костромская область;44:4:9
Ведровское, Кадыйское, Костромская область;44:5:1
Кадыйское, Кадыйское, Костромская область;44:5:2
Немденское, Кадыйское, Костромская область;44:5:3
Октябрьское, Кадыйское, Костромская область;44:5:4
Северное, Кадыйское, Костромская область;44:5:5
Чернышевское, Кадыйское, Костромская область;44:5:6
Шуйское, Кадыйское, Костромская область;44:5:7
Южное, Кадыйское, Костромская область;44:5:8
1-е Ильинское, Кологривское, Костромская область;44:6:1
2-е Ильинское, Кологривское, Костромская область;44:6:2
Варзенгское, Кологривское, Костромская область;44:6:3
Илешевское, Кологривское, Костромская область;44:6:4
Кологривское, Кологривское, Костромская область;44:6:5
Октябрьское, Кологривское, Костромская область;44:6:6
Понговское, Кологривское, Костромская область;44:6:7
Ужугское, Кологривское, Костромская область;44:6:8
1-е Красносельское, Костромское, Костромская область;44:7:1
Пригородное, Костромское, Костромская область;44:7:10
Сандогорское, Костромское, Костромская область;44:7:11
Сущевское, Костромское, Костромская область;44:7:12
1-е Нерехтское, Костромское, Костромская область;44:7:2
2-е Красносельское, Костромское, Костромская область;44:7:3
2-е Нерехтское, Костромское, Костромская область;44:7:4
"ГПЗ ""Сумароковский"", Костромское, Костромская область";44:7:5
Караваевское, Костромское, Костромская область;44:7:6
Космынинское, Костромское, Костромская область;44:7:7
Костромское, Костромское, Костромская область;44:7:8
Мисковское, Костромское, Костромская область;44:7:9
1-е Макарьевское, Макарьевское, Костромская область;44:8:1
Унженское, Макарьевское, Костромская область;44:8:10
Чернолуховское, Макарьевское, Костромская область;44:8:11
Юровское, Макарьевское, Костромская область;44:8:12
2-е Макарьевское, Макарьевское, Костромская область;44:8:2
Ануфриевское, Макарьевское, Костромская область;44:8:3
Высоковское, Макарьевское, Костромская область;44:8:4
Коршунское, Макарьевское, Костромская область;44:8:5
Красногорское, Макарьевское, Костромская область;44:8:6
Нейское, Макарьевское, Костромская область;44:8:7
Тимошинское, Макарьевское, Костромская область;44:8:8
Торзатское, Макарьевское, Костромская область;44:8:9
1-е Мантуровское, Мантуровское, Костромская область;44:9:1
2-е Мантуровское, Мантуровское, Костромская область;44:9:2
Вочеровское, Мантуровское, Костромская область;44:9:3
Карьковское, Мантуровское, Костромская область;44:9:4
Октябрьское, Мантуровское, Костромская область;44:9:5
Угорское, Мантуровское, Костромская область;44:9:6
Ухтубужское, Мантуровское, Костромская область;44:9:7
Бариновское, Шатровское, Курганская область;45:10:1
Дальне-Кубасовское, Шатровское, Курганская область;45:10:2
Самохваловское, Шатровское, Курганская область;45:10:3
Шатровское, Шатровское, Курганская область;45:10:4
Альменевское, Шумихинское, Курганская область;45:11:1
Галкинское, Шумихинское, Курганская область;45:11:2
Сафакулевское, Шумихинское, Курганская область;45:11:3
Шумихинское, Шумихинское, Курганская область;45:11:4
Щучанское, Шумихинское, Курганская область;45:11:5
Кировское, Юргамышское, Курганская область;45:12:1
Кислянское, Юргамышское, Курганская область;45:12:2
Мишкинское, Юргамышское, Курганская область;45:12:3
Юргамышское, Юргамышское, Курганская область;45:12:4
Боровлянское, Белозерское, Курганская область;45:1:1
Боровское, Белозерское, Курганская область;45:1:2
Варгашинское, Варгашинское, Курганская область;45:2:1
Лебяжьевское, Варгашинское, Курганская область;45:2:2
Марайское, Варгашинское, Курганская область;45:2:3
Мокроусовское, Варгашинское, Курганская область;45:2:4
Глядянское, Глядянское, Курганская область;45:3:1
Звериноголовское, Глядянское, Курганская область;45:3:2
Половинское, Глядянское, Курганская область;45:3:3
Верх-Теченское, Далматовское, Курганская область;45:4:1
Далматовское, Далматовское, Курганская область;45:4:2
Катайское, Далматовское, Курганская область;45:4:3
Уксянское, Далматовское, Курганская область;45:4:4
Вохменское, Каргапольское, Курганская область;45:5:1
Каргапольское, Каргапольское, Курганская область;45:5:2
Кособродское, Каргапольское, Курганская область;45:5:3
Осиновское, Каргапольское, Курганская область;45:5:4
Твердышское, Каргапольское, Курганская область;45:5:5
Чашинское, Каргапольское, Курганская область;45:5:6
Кетовское, Курганское, Курганская область;45:6:1
Курганское, Курганское, Курганская область;45:6:2
Старопросветское, Курганское, Курганская область;45:6:3
Косулинское, Куртамышское, Курганская область;45:7:1
Куртамышское, Куртамышское, Курганская область;45:7:2
Нижневское, Куртамышское, Курганская область;45:7:3
Целинное, Куртамышское, Курганская область;45:7:4
Макушинское, Петуховское, Курганская область;45:8:1
Петуховское, Петуховское, Курганская область;45:8:2
Частоозерское, Петуховское, Курганская область;45:8:3
Батуринское, Шадринское, Курганская область;45:9:1
Ольховское, Шадринское, Курганская область;45:9:2
Шадринское, Шадринское, Курганская область;45:9:3
Мантуровское, Солнцевское, Курская область;46:10:1
Пристенское, Солнцевское, Курская область;46:10:2
Солнцевское, Солнцевское, Курская область;46:10:3
Беловское, Суджанское, Курская область;46:11:1
Больше-Солдатское, Суджанское, Курская область;46:11:2
Кореневское, Суджанское, Курская область;46:11:3
Суджанское, Суджанское, Курская область;46:11:4
Калиновское, Хомутовское, Курская область;46:12:1
Ольховское, Хомутовское, Курская область;46:12:2
Тимское, Щигровское, Курская область;46:13:1
Щигровское, Щигровское, Курская область;46:13:2
Горшеченское, Горшеченское, Курская область;46:1:1
Касторенское, Горшеченское, Курская область;46:1:2
Ясеновское, Горшеченское, Курская область;46:1:3
Дмитриевское, Дмитриевское, Курская область;46:2:1
Клинковское, Дмитриевское, Курская область;46:2:2
Снижанское, Дмитриевское, Курская область;46:2:3
Железногорское, Железногорское, Курская область;46:3:1
Кармановское, Железногорское, Курская область;46:3:2
Золотухинское, Золотухинское, Курская область;46:4:1
Свободинское, Золотухинское, Курская область;46:4:2
Донецкое, Золотухинское, Курская область;46:4:3
Бесединское, Курское, Курская область;46:5:1
Городское, Курское, Курская область;46:5:2
Ленинское, Курское, Курская область;46:5:3
Стрелецкое, Курское, Курская область;46:5:4
Банищанское, Льговское, Курская область;46:6:1
Иванинское, Льговское, Курская область;46:6:2
Конышевское, Льговское, Курская область;46:6:3
Льговское, Льговское, Курская область;46:6:4
Медвенское, Обоянское, Курская область;46:7:1
Обоянское, Обоянское, Курская область;46:7:2
Рыбино-Будское, Обоянское, Курская область;46:7:3
Глушковское, Рыльское, Курская область;46:8:1
Ивановское, Рыльское, Курская область;46:8:2
Крупецкое, Рыльское, Курская область;46:8:3
Рыльское, Рыльское, Курская область;46:8:4
Кшенское, Советское, Курская область;46:9:1
Советское, Советское, Курская область;46:9:2
Черемисиновское, Советское, Курская область;46:9:3
Володарское, Ломоносовское, Ленинградская область;47:10:1
Гостилицкое, Ломоносовское, Ленинградская область;47:10:2
Кипенское, Ломоносовское, Ленинградская область;47:10:3
Копорское, Ломоносовское, Ленинградская область;47:10:4
Ломоносовское, Ломоносовское, Ленинградская область;47:10:5
Лопухинское, Ломоносовское, Ленинградская область;47:10:6
Приморское, Ломоносовское, Ленинградская область;47:10:7
Сосновоборское, Ломоносовское, Ленинградская область;47:10:8
Бережковское, Лужское, Ленинградская область;47:11:1
Оредежское, Лужское, Ленинградская область;47:11:10
Осьминское, Лужское, Ленинградская область;47:11:11
Печковское, Лужское, Ленинградская область;47:11:12
Сяберское, Лужское, Ленинградская область;47:11:13
Толмачевское, Лужское, Ленинградская область;47:11:14
Череменецкое, Лужское, Ленинградская область;47:11:15
Чоловское, Лужское, Ленинградская область;47:11:16
Шильцевское, Лужское, Ленинградская область;47:11:17
Долговское, Лужское, Ленинградская область;47:11:2
Жельцевское, Лужское, Ленинградская область;47:11:3
Красногорское, Лужское, Ленинградская область;47:11:4
Луговское, Лужское, Ленинградская область;47:11:5
Лужское, Лужское, Ленинградская область;47:11:6
Мшинское, Лужское, Ленинградская область;47:11:7
Низовское, Лужское, Ленинградская область;47:11:8
Николаевское, Лужское, Ленинградская область;47:11:9
Андриановское, Любанское, Ленинградская область;47:12:1
Саблинское, Любанское, Ленинградская область;47:12:10
Тосненское, Любанское, Ленинградская область;47:12:11
Трубниковское, Любанское, Ленинградская область;47:12:12
Ульяновское, Любанское, Ленинградская область;47:12:13
Ушакинское, Любанское, Ленинградская область;47:12:14
Шапкинское, Любанское, Ленинградская область;47:12:15
Апраксинское, Любанское, Ленинградская область;47:12:2
Броницкое, Любанское, Ленинградская область;47:12:3
Добросельское, Любанское, Ленинградская область;47:12:4
Дубовицкое, Любанское, Ленинградская область;47:12:5
Каменское, Любанское, Ленинградская область;47:12:6
Красноборское, Любанское, Ленинградская область;47:12:7
Любанское, Любанское, Ленинградская область;47:12:8
Осничевское, Любанское, Ленинградская область;47:12:9
Важинское, Подпорожское, Ленинградская область;47:13:1
Лукинское, Подпорожское, Ленинградская область;47:13:10
Немжинское, Подпорожское, Ленинградская область;47:13:11
Онежское, Подпорожское, Ленинградская область;47:13:12
Остречинское, Подпорожское, Ленинградская область;47:13:13
Пертозерское, Подпорожское, Ленинградская область;47:13:14
Подпорожское, Подпорожское, Ленинградская область;47:13:15
Пригородное, Подпорожское, Ленинградская область;47:13:16
Свирское, Подпорожское, Ленинградская область;47:13:17
Токарское, Подпорожское, Ленинградская область;47:13:18
Тукшинское, Подпорожское, Ленинградская область;47:13:19
Важинское сельское, Подпорожское, Ленинградская область;47:13:2
Юксовское, Подпорожское, Ленинградская область;47:13:20
Винницкое, Подпорожское, Ленинградская область;47:13:3
Винницкое сельское, Подпорожское, Ленинградская область;47:13:4
Вознесенское, Подпорожское, Ленинградская область;47:13:5
Гонгинское, Подпорожское, Ленинградская область;47:13:6
Ивинское, Подпорожское, Ленинградская область;47:13:7
Красноборское, Подпорожское, Ленинградская область;47:13:8
Курбинское, Подпорожское, Ленинградская область;47:13:9
Антикайненское, Приозерское, Ленинградская область;47:14:1
Кучеровское, Приозерское, Ленинградская область;47:14:10
Ладожское, Приозерское, Ленинградская область;47:14:11
Ладожское южное, Приозерское, Ленинградская область;47:14:12
Ларионовское, Приозерское, Ленинградская область;47:14:13
Мичуринское, Приозерское, Ленинградская область;47:14:14
Мичуринское северное, Приозерское, Ленинградская область;47:14:15
Некрасовское, Приозерское, Ленинградская область;47:14:16
Приозерское, Приозерское, Ленинградская область;47:14:17
Приозерское южное, Приозерское, Ленинградская область;47:14:18
Сосновское, Приозерское, Ленинградская область;47:14:19
Борисовское, Приозерское, Ленинградская область;47:14:2
Яблоневское, Приозерское, Ленинградская область;47:14:20
Вуоксинское, Приозерское, Ленинградская область;47:14:3
Громовское, Приозерское, Ленинградская область;47:14:4
Денисовское, Приозерское, Ленинградская область;47:14:5
Джатиевское, Приозерское, Ленинградская область;47:14:6
Коммунарское, Приозерское, Ленинградская область;47:14:7
Кривковское, Приозерское, Ленинградская область;47:14:8
Куйбышевское, Приозерское, Ленинградская область;47:14:9
Глебычевское, Рощинское, Ленинградская область;47:15:1
Приморское, Рощинское, Ленинградская область;47:15:10
Рябовское, Рощинское, Ленинградская область;47:15:11
Рябовское сельское, Рощинское, Ленинградская область;47:15:12
Советское, Рощинское, Ленинградская область;47:15:13
Тарасовское, Рощинское, Ленинградская область;47:15:14
Цвелодубовское, Рощинское, Ленинградская область;47:15:15
Чапаевское, Рощинское, Ленинградская область;47:15:16
Черкасовское, Рощинское, Ленинградская область;47:15:17
Житковское, Рощинское, Ленинградская область;47:15:2
Красносельское, Рощинское, Ленинградская область;47:15:3
Ленинское, Рощинское, Ленинградская область;47:15:4
Линдуловское, Рощинское, Ленинградская область;47:15:5
Октябрьское, Рощинское, Ленинградская область;47:15:6
Пионерское, Рощинское, Ленинградская область;47:15:7
Победовское, Рощинское, Ленинградская область;47:15:8
Полянское, Рощинское, Ленинградская область;47:15:9
Балтийское, Северо-Западное, Ленинградская область;47:16:1
Красносокольское, Северо-Западное, Ленинградская область;47:16:10
Лесогорское, Северо-Западное, Ленинградская область;47:16:11
Липовское, Северо-Западное, Ленинградская область;47:16:12
Лужайское, Северо-Западное, Ленинградская область;47:16:13
Пограничное, Северо-Западное, Ленинградская область;47:16:14
Светогорское, Северо-Западное, Ленинградская область;47:16:15
Селезневское, Северо-Западное, Ленинградская область;47:16:16
Большепольское, Северо-Западное, Ленинградская область;47:16:2
Бородинское, Северо-Западное, Ленинградская область;47:16:3
Вещевское, Северо-Западное, Ленинградская область;47:16:4
Выборгское, Северо-Западное, Ленинградская область;47:16:5
Дымовское, Северо-Западное, Ленинградская область;47:16:6
Калининское, Северо-Западное, Ленинградская область;47:16:7
Каменогорское, Северо-Западное, Ленинградская область;47:16:8
Комсомольское, Северо-Западное, Ленинградская область;47:16:9
Выскатское, Сланцевское, Ленинградская область;47:17:1
Доложское, Сланцевское, Ленинградская область;47:17:2
Загривское, Сланцевское, Ленинградская область;47:17:3
Лососкинское, Сланцевское, Ленинградская область;47:17:4
Нарвское, Сланцевское, Ленинградская область;47:17:5
Попковогорское, Сланцевское, Ленинградская область;47:17:6
Сланцевское, Сланцевское, Ленинградская область;47:17:7
Старопольское, Сланцевское, Ленинградская область;47:17:8
Черновское, Сланцевское, Ленинградская область;47:17:9
Андреевское, Тихвинское, Ленинградская область;47:18:1
Паше-Капецкое, Тихвинское, Ленинградская область;47:18:10
Пашозерское, Тихвинское, Ленинградская область;47:18:11
Пашское, Тихвинское, Ленинградская область;47:18:12
Пригородное, Тихвинское, Ленинградская область;47:18:13
Пяльинское, Тихвинское, Ленинградская область;47:18:14
Сясьское, Тихвинское, Ленинградская область;47:18:15
Хундольское, Тихвинское, Ленинградская область;47:18:16
Цвылевское, Тихвинское, Ленинградская область;47:18:17
Черенцовское, Тихвинское, Ленинградская область;47:18:18
Шомушское, Тихвинское, Ленинградская область;47:18:19
Березовское, Тихвинское, Ленинградская область;47:18:2
Шугозерское, Тихвинское, Ленинградская область;47:18:20
Явосемское, Тихвинское, Ленинградская область;47:18:21
Городокское, Тихвинское, Ленинградская область;47:18:3
Горское, Тихвинское, Ленинградская область;47:18:4
Капшинское, Тихвинское, Ленинградская область;47:18:5
Корбеническое, Тихвинское, Ленинградская область;47:18:6
Липногорское, Тихвинское, Ленинградская область;47:18:7
Новинское, Тихвинское, Ленинградская область;47:18:8
Озерское, Тихвинское, Ленинградская область;47:18:9
Жерновское, Учебно-опытное, Ленинградская область;47:19:1
Кастенское, Учебно-опытное, Ленинградская область;47:19:2
Кудровское, Учебно-опытное, Ленинградская область;47:19:3
Лисинское, Учебно-опытное, Ленинградская область;47:19:4
Перинское, Учебно-опытное, Ленинградская область;47:19:5
Анисимовское, Бокситогорское, Ленинградская область;47:1:1
Заборское, Бокситогорское, Ленинградская область;47:1:10
Колпинское, Бокситогорское, Ленинградская область;47:1:11
Корвальское, Бокситогорское, Ленинградская область;47:1:12
Кургальское, Бокситогорское, Ленинградская область;47:1:13
Лидское, Бокситогорское, Ленинградская область;47:1:14
Михайловское, Бокситогорское, Ленинградская область;47:1:15
Мозолевское, Бокситогорское, Ленинградская область;47:1:16
Новодеревенское, Бокситогорское, Ленинградская область;47:1:17
Озеревское, Бокситогорское, Ленинградская область;47:1:18
Пикалевское, Бокситогорское, Ленинградская область;47:1:19
Бокситогорское, Бокситогорское, Ленинградская область;47:1:2
Подборовское, Бокситогорское, Ленинградская область;47:1:20
Радогощинское, Бокситогорское, Ленинградская область;47:1:21
Раменское, Бокситогорское, Ленинградская область;47:1:22
Самойловское, Бокситогорское, Ленинградская область;47:1:23
Соминское, Бокситогорское, Ленинградская область;47:1:24
Тургошское, Бокситогорское, Ленинградская область;47:1:25
Шидрозерское, Бокситогорское, Ленинградская область;47:1:26
Большедворское, Бокситогорское, Ленинградская область;47:1:3
Боровское, Бокситогорское, Ленинградская область;47:1:4
Борское, Бокситогорское, Ленинградская область;47:1:5
Вожанское, Бокситогорское, Ленинградская область;47:1:6
Горское, Бокситогорское, Ленинградская область;47:1:7
Деревское, Бокситогорское, Ленинградская область;47:1:8
Ефимовское, Бокситогорское, Ленинградская область;47:1:9
Бегуницкое, Волосовское, Ленинградская область;47:2:1
Редкинское, Волосовское, Ленинградская область;47:2:10
Хотнежское, Волосовское, Ленинградская область;47:2:11
Верестское, Волосовское, Ленинградская область;47:2:2
Волновское, Волосовское, Ленинградская область;47:2:3
Волосовское, Волосовское, Ленинградская область;47:2:4
Врудское, Волосовское, Ленинградская область;47:2:5
Изварское, Волосовское, Ленинградская область;47:2:6
Каськовское, Волосовское, Ленинградская область;47:2:7
Клопицкое, Волосовское, Ленинградская область;47:2:8
Молосковицкое, Волосовское, Ленинградская область;47:2:9
Волховское, Волховское , Ленинградская область;47:3:1
Новоладожское, Волховское , Ленинградская область;47:3:10
Пашское, Волховское , Ленинградская область;47:3:11
Порожское, Волховское , Ленинградская область;47:3:12
Рыбежское, Волховское , Ленинградская область;47:3:13
Рыбежское сельское, Волховское , Ленинградская область;47:3:14
Сясьстроевское, Волховское , Ленинградская область;47:3:15
Хваловское, Волховское , Ленинградская область;47:3:16
Часовенское, Волховское , Ленинградская область;47:3:17
Волховстроевское, Волховское , Ленинградская область;47:3:2
Загубское, Волховское , Ленинградская область;47:3:3
Зареченское, Волховское , Ленинградская область;47:3:4
Колчановское, Волховское , Ленинградская область;47:3:5
Кондежское, Волховское , Ленинградская область;47:3:6
Масельгорское, Волховское , Ленинградская область;47:3:7
Мыслинское, Волховское , Ленинградская область;47:3:8
Николаевщинское, Волховское , Ленинградская область;47:3:9
Агалатовское, Всеволожское, Ленинградская область;47:4:1
Морозовское, Всеволожское, Ленинградская область;47:4:10
Невское, Всеволожское, Ленинградская область;47:4:11
Ореховское, Всеволожское, Ленинградская область;47:4:12
Осинорощинское, Всеволожское, Ленинградская область;47:4:13
Ройкинское, Всеволожское, Ленинградская область;47:4:14
Чернореченское, Всеволожское, Ленинградская область;47:4:15
Вагановское, Всеволожское, Ленинградская область;47:4:2
Верхолинское, Всеволожское, Ленинградская область;47:4:3
Всеволожское, Всеволожское, Ленинградская область;47:4:4
Всеволожское сельское, Всеволожское, Ленинградская область;47:4:5
Гарболовское, Всеволожское, Ленинградская область;47:4:6
Кавголовское, Всеволожское, Ленинградская область;47:4:7
Лемболовское, Всеволожское, Ленинградская область;47:4:8
Меднозаводское, Всеволожское, Ленинградская область;47:4:9
Вырицкое, Гатчинское, Ленинградская область;47:5:1
Орлинское, Гатчинское, Ленинградская область;47:5:10
Рылеевское, Гатчинское, Ленинградская область;47:5:11
Слудицкое, Гатчинское, Ленинградская область;47:5:12
Сусанинское, Гатчинское, Ленинградская область;47:5:13
Таицкое, Гатчинское, Ленинградская область;47:5:14
Чащинское, Гатчинское, Ленинградская область;47:5:15
Дивенское, Гатчинское, Ленинградская область;47:5:2
Дружносельское, Гатчинское, Ленинградская область;47:5:3
Елизаветинское, Гатчинское, Ленинградская область;47:5:4
Заречское, Гатчинское, Ленинградская область;47:5:5
Карташевское, Гатчинское, Ленинградская область;47:5:6
Минское, Гатчинское, Ленинградская область;47:5:7
Новинское, Гатчинское, Ленинградская область;47:5:8
Онцевское, Гатчинское, Ленинградская область;47:5:9
Александровское, Кингисеппское, Ленинградская область;47:6:1
Усть-Лужское, Кингисеппское, Ленинградская область;47:6:10
Георгиевское, Кингисеппское, Ленинградская область;47:6:2
Ивангородское, Кингисеппское, Ленинградская область;47:6:3
Ивановское, Кингисеппское, Ленинградская область;47:6:4
Кингисеппское, Кингисеппское, Ленинградская область;47:6:5
Котельское, Кингисеппское, Ленинградская область;47:6:6
Приморское, Кингисеппское, Ленинградская область;47:6:7
Сойкинское, Кингисеппское, Ленинградская область;47:6:8
Тикописское, Кингисеппское, Ленинградская область;47:6:9
Андреевское, Киришское, Ленинградская область;47:7:1
Пчевжинское, Киришское, Ленинградская область;47:7:10
Будогощское, Киришское, Ленинградская область;47:7:2
Восточное, Киришское, Ленинградская область;47:7:3
Городищенское, Киришское, Ленинградская область;47:7:4
Ирсовское, Киришское, Ленинградская область;47:7:5
Киришское, Киришское, Ленинградская область;47:7:6
Кукуйское, Киришское, Ленинградская область;47:7:7
Лугское, Киришское, Ленинградская область;47:7:8
Осничевское, Киришское, Ленинградская область;47:7:9
Березовское (северная часть), Кировское, Ленинградская область;47:8:1
Березовское (южная часть), Кировское, Ленинградская область;47:8:2
Войбокальское (северная часть), Кировское, Ленинградская область;47:8:3
Войбокальское (южная часть), Кировское, Ленинградская область;47:8:4
Вороновское, Кировское, Ленинградская область;47:8:5
Мгинское (северная часть), Кировское, Ленинградская область;47:8:6
Мгинское (южная часть), Кировское, Ленинградская область;47:8:7
Пелловское, Кировское, Ленинградская область;47:8:8
Шумское, Кировское, Ленинградская область;47:8:9
Алеховщинское, Лодейнопольское, Ленинградская область;47:9:1
Свирское, Лодейнопольское, Ленинградская область;47:9:10
Свирское сельское, Лодейнопольское, Ленинградская область;47:9:11
Тененское, Лодейнопольское, Ленинградская область;47:9:12
Тервеничское, Лодейнопольское, Ленинградская область;47:9:13
Шапшинское, Лодейнопольское, Ленинградская область;47:9:14
Шоткусское, Лодейнопольское, Ленинградская область;47:9:15
Яровщинское, Лодейнопольское, Ленинградская область;47:9:16
Алеховщинское сельское, Лодейнопольское, Ленинградская область;47:9:2
Доможировское, Лодейнопольское, Ленинградская область;47:9:3
Кондушское, Лодейнопольское, Ленинградская область;47:9:4
Лодейнопольское, Лодейнопольское, Ленинградская область;47:9:5
Люговское, Лодейнопольское, Ленинградская область;47:9:6
Мандрогское, Лодейнопольское, Ленинградская область;47:9:7
Пирозерское, Лодейнопольское, Ленинградская область;47:9:8
Ребовское, Лодейнопольское, Ленинградская область;47:9:9
Липецкое, Липецкое, Липецкая область;48:13:1
Балашовское, Грязинское, Липецкая область;48:1:1
Плехановское, Грязинское, Липецкая область;48:1:2
Фащевское, Грязинское, Липецкая область;48:1:3
Яманское, Грязинское, Липецкая область;48:1:4
Бигильдинское, Данковское, Липецкая область;48:2:1
Воскресенское, Данковское, Липецкая область;48:2:2
Лебедянское, Данковское, Липецкая область;48:2:3
Хрущевское, Данковское, Липецкая область;48:2:4
Добровское, Добровское, Липецкая область;48:3:1
Кривецкое, Добровское, Липецкая область;48:3:2
Трубетчинское, Добровское, Липецкая область;48:3:3
Боринское, Донское, Липецкая область;48:4:1
Донское, Донское, Липецкая область;48:4:2
Сенцовское, Донское, Липецкая область;48:4:3
Скорняковское, Донское, Липецкая область;48:4:4
Елецкое, Елецкое, Липецкая область;48:5:1
Измалковское, Елецкое, Липецкая область;48:5:2
Марьинское, Елецкое, Липецкая область;48:5:3
Становлянское, Елецкое, Липецкая область;48:5:4
Задонское, Задонское, Липецкая область;48:6:1
Конь-Колодезское, Задонское, Липецкая область;48:6:2
Октябрьское, Задонское, Липецкая область;48:6:3
Хлевенское, Задонское, Липецкая область;48:6:4
Больше-Полянское, Тербунское, Липецкая область;48:7:1
Воловское, Тербунское, Липецкая область;48:7:2
Долгоруковское, Тербунское, Липецкая область;48:7:3
Колодецкое, Усманское, Липецкая область;48:8:1
Первомайское, Усманское, Липецкая область;48:8:2
Юшинское, Усманское, Липецкая область;48:8:3
Дубовское, Чаплыгинское, Липецкая область;48:9:1
Калининское, Чаплыгинское, Липецкая область;48:9:2
Лев-Толстовское, Чаплыгинское, Липецкая область;48:9:3
Раненбургское, Чаплыгинское, Липецкая область;48:9:4
Адыгалахское, Берелехское, Магаданская область;49:1:1
Берелехское, Берелехское, Магаданская область;49:1:2
Кадыкчанское, Берелехское, Магаданская область;49:1:3
Арманское, Магаданское, Магаданская область;49:2:1
Магаданское, Магаданское, Магаданская область;49:2:2
Ольское, Магаданское, Магаданская область;49:2:3
Снежнодолинское, Магаданское, Магаданская область;49:2:4
Сокольское, Магаданское, Магаданская область;49:2:5
Талонское, Магаданское, Магаданская область;49:2:6
Тауйское, Магаданское, Магаданская область;49:2:7
Ямское, Магаданское, Магаданская область;49:2:8
Верхне-Балыгычанское, Омсукчанское, Магаданская область;49:3:1
Вилигинское, Омсукчанское, Магаданская область;49:3:2
Омсукчанское, Омсукчанское, Магаданская область;49:3:3
Северо-Эвенское, Омсукчанское, Магаданская область;49:3:4
Дебинское, Оротуканское, Магаданская область;49:4:1
Оротуканское, Оротуканское, Магаданская область;49:4:2
Тасканское, Оротуканское, Магаданская область;49:4:3
Аткинское, Палаткинское, Магаданская область;49:5:1
Буюндинское, Палаткинское, Магаданская область;49:5:2
Палаткинское, Палаткинское, Магаданская область;49:5:3
Тальское, Палаткинское, Магаданская область;49:5:4
Коркодонское, Сеймчанское, Магаданская область;49:6:1
Сеймчанское, Сеймчанское, Магаданская область;49:6:2
Ясачинское, Сеймчанское, Магаданская область;49:6:3
Детринское, Тенькинское, Магаданская область;49:7:1
Кулинское, Тенькинское, Магаданская область;49:7:2
Тенькинское, Тенькинское, Магаданская область;49:7:3
Белоомутское, Луховицкое, Московская область;50:10:1
Дединовское, Луховицкое, Московская область;50:10:2
Зарайское, Луховицкое, Московская область;50:10:3
Луховицкое, Луховицкое, Московская область;50:10:4
Луховицкое сельское, Луховицкое, Московская область;50:10:5
Ольшанское, Луховицкое, Московская область;50:10:6
Серебряно-Прудское, Луховицкое, Московская область;50:10:7
Чернореченское, Луховицкое, Московская область;50:10:8
Алешинское, Московское учебно-опытное, Московская область;50:11:1
Щелковское сельское, Московское учебно-опытное, Московская область;50:11:10
Воря-Богородское, Московское учебно-опытное, Московская область;50:11:2
Гребневское, Московское учебно-опытное, Московская область;50:11:3
Красноармейское, Московское учебно-опытное, Московская область;50:11:4
Огудневское, Московское учебно-опытное, Московская область;50:11:5
Свердловское, Московское учебно-опытное, Московская область;50:11:6
Тютчевское, Московское учебно-опытное, Московская область;50:11:7
Учебно-опытное, Московское учебно-опытное, Московская область;50:11:8
Фряновское, Московское учебно-опытное, Московская область;50:11:9
Алабинское, Наро-Фоминское, Московская область;50:12:1
Наро-Фоминское сельское, Наро-Фоминское, Московская область;50:12:10
Нарское, Наро-Фоминское, Московская область;50:12:11
Рассудовское, Наро-Фоминское, Московская область;50:12:12
Симбуховское, Наро-Фоминское, Московская область;50:12:13
Башкинское, Наро-Фоминское, Московская область;50:12:2
Верейское, Наро-Фоминское, Московская область;50:12:3
Веселевское, Наро-Фоминское, Московская область;50:12:4
Вышегородское, Наро-Фоминское, Московская область;50:12:5
Дороховское, Наро-Фоминское, Московская область;50:12:6
Каменское, Наро-Фоминское, Московская область;50:12:7
Литвиновское, Наро-Фоминское, Московская область;50:12:8
Назарьевское, Наро-Фоминское, Московская область;50:12:9
Аверкиевское, Ногинское, Московская область;50:13:1
Озерное, Ногинское, Московская область;50:13:10
Пригородное, Ногинское, Московская область;50:13:11
Рахмановское, Ногинское, Московская область;50:13:12
Салтыковское, Ногинское, Московская область;50:13:13
Фрязевское, Ногинское, Московская область;50:13:14
Электрогорское, Ногинское, Московская область;50:13:15
Ямкинское, Ногинское, Московская область;50:13:16
Больше-Дворское, Ногинское, Московская область;50:13:2
Горенское, Ногинское, Московская область;50:13:3
Кудиновское, Ногинское, Московская область;50:13:4
Кучинское, Ногинское, Московская область;50:13:5
Логиновское, Ногинское, Московская область;50:13:6
Луковское, Ногинское, Московская область;50:13:7
Ногинское, Ногинское, Московская область;50:13:8
Ногинское сельское, Ногинское, Московская область;50:13:9
Абрамовское, Орехово-Зуевское, Московская область;50:14:1
Куровское, Орехово-Зуевское, Московская область;50:14:10
Ликинское, Орехово-Зуевское, Московская область;50:14:11
Орехово-Зуевское сельское, Орехово-Зуевское, Московская область;50:14:12
Северное, Орехово-Зуевское, Московская область;50:14:13
Яковлевское, Орехово-Зуевское, Московская область;50:14:14
Авсюнинское, Орехово-Зуевское, Московская область;50:14:2
Анциферовское, Орехово-Зуевское, Московская область;50:14:3
Белавинское, Орехово-Зуевское, Московская область;50:14:4
Городищенское, Орехово-Зуевское, Московская область;50:14:5
Губинское, Орехово-Зуевское, Московская область;50:14:6
Запутновское, Орехово-Зуевское, Московская область;50:14:7
Зуевское, Орехово-Зуевское, Московская область;50:14:8
Ильинское, Орехово-Зуевское, Московская область;50:14:9
Барыбинское, Подольское, Московская область;50:15:1
Кузьминки, Подольское, Московская область;50:15:10
Львовское, Подольское, Московская область;50:15:11
Малинское, Подольское, Московская область;50:15:12
Мемориальное, Подольское, Московская область;50:15:13
Мещерское, Подольское, Московская область;50:15:14
Молодинское, Подольское, Московская область;50:15:15
Первомайское, Подольское, Московская область;50:15:16
Подольское, Подольское, Московская область;50:15:17
Подольское сельское, Подольское, Московская область;50:15:18
Пушкинское, Подольское, Московская область;50:15:19
Богдановское, Подольское, Московская область;50:15:2
Сельвачевское, Подольское, Московская область;50:15:20
Стремиловское, Подольское, Московская область;50:15:21
Съяновское, Подольское, Московская область;50:15:22
Томилинское, Подольское, Московская область;50:15:23
Чеховское, Подольское, Московская область;50:15:24
Булычевское, Подольское, Московская область;50:15:3
Бутовское, Подольское, Московская область;50:15:4
Видновское, Подольское, Московская область;50:15:5
Домодедовское, Подольское, Московская область;50:15:6
Ильинское, Подольское, Московская область;50:15:7
Казанское, Подольское, Московская область;50:15:8
Коробовское, Подольское, Московская область;50:15:9
Алексеевское, Сергиево-Посадское, Московская область;50:16:1
Васильевское, Сергиево-Посадское, Московская область;50:16:2
Константиновское, Сергиево-Посадское, Московская область;50:16:3
Краснозаводское, Сергиево-Посадское, Московская область;50:16:4
Сергиево-Посадское, Сергиево-Посадское, Московская область;50:16:5
Сергиево-Посадское сельское, Сергиево-Посадское, Московская область;50:16:6
Торгашинское, Сергиево-Посадское, Московская область;50:16:7
Хомяковское, Сергиево-Посадское, Московская область;50:16:8
Хотьковское, Сергиево-Посадское, Московская область;50:16:9
Бояркинское, Ступинское, Московская область;50:17:1
Озерское, Ступинское, Московская область;50:17:10
Песковское, Ступинское, Московская область;50:17:11
Песоченское, Ступинское, Московская область;50:17:12
Сосновское, Ступинское, Московская область;50:17:13
Ступинское сельское, Ступинское, Московская область;50:17:14
Ульяновское, Ступинское, Московская область;50:17:15
Городищенское, Ступинское, Московская область;50:17:2
Достоевское, Ступинское, Московская область;50:17:3
Жилевское, Ступинское, Московская область;50:17:4
Карасевское, Ступинское, Московская область;50:17:5
Коломенское, Ступинское, Московская область;50:17:6
Маливское, Ступинское, Московская область;50:17:7
Малинское, Ступинское, Московская область;50:17:8
Мещеринское, Ступинское, Московская область;50:17:9
Комсомольское, Талдомское, Московская область;50:18:1
Салтыково-Щедринское, Талдомское, Московская область;50:18:2
Талдомское, Талдомское, Московская область;50:18:3
Талдомское сельское, Талдомское, Московская область;50:18:4
Танинское, Талдомское, Московская область;50:18:5
Хотченское, Талдомское, Московская область;50:18:6
Белоозерское, Шатурское, Московская область;50:19:1
Семеновское, Шатурское, Московская область;50:19:10
Середниковское, Шатурское, Московская область;50:19:11
Туголесское, Шатурское, Московская область;50:19:12
Шараповское, Шатурское, Московская область;50:19:13
Шатурское, Шатурское, Московская область;50:19:14
Шатурское сельское, Шатурское, Московская область;50:19:15
Коробовское, Шатурское, Московская область;50:19:2
Кривандинское, Шатурское, Московская область;50:19:3
Майское, Шатурское, Московская область;50:19:4
Мещерское, Шатурское, Московская область;50:19:5
Мишеронское, Шатурское, Московская область;50:19:6
Осановское, Шатурское, Московская область;50:19:7
Подлесное, Шатурское, Московская область;50:19:8
Рошальское, Шатурское, Московская область;50:19:9
"Данковское, ""Русский лес"", Московская область";50:1:1
"Шатовское, ""Русский лес"", Московская область";50:1:10
"Щелкановское, ""Русский лес"", Московская область";50:1:11
"Занарское, ""Русский лес"", Московская область";50:1:2
"Заокское, ""Русский лес"", Московская область";50:1:3
"Отрадненское имени Н.В. Ветчинина, ""Русский лес"", Московская область";50:1:4
"Серпуховское сельское, ""Русский лес"", Московская область";50:1:5
"Ступинское, ""Русский лес"", Московская область";50:1:6
"Туровское, ""Русский лес"", Московская область";50:1:7
"Хатунское, ""Русский лес"", Московская область";50:1:8
"Шараповское, ""Русский лес"", Московская область";50:1:9
Алексеевский, НП Лосиный остров, Московская область;50:21:1
Лосинопогонный, НП Лосиный остров, Московская область;50:21:2
Мытищинский, НП Лосиный остров, Московская область;50:21:3
Щелковский, НП Лосиный остров, Московская область;50:21:4
Борисовское, Бородинское, Московская область;50:2:1
Порецкое имени К.Ф. Тюрмера, Бородинское, Московская область;50:2:10
Семеновское, Бородинское, Московская область;50:2:11
Тропаревское, Бородинское, Московская область;50:2:12
Бородинское сельское, Бородинское, Московская область;50:2:2
Глазовское, Бородинское, Московская область;50:2:3
Дровнинское, Бородинское, Московская область;50:2:4
Ивакинское, Бородинское, Московская область;50:2:5
Колоцкое, Бородинское, Московская область;50:2:6
Можайское, Бородинское, Московская область;50:2:7
Мокровское, Бородинское, Московская область;50:2:8
Ново-Покровское, Бородинское, Московская область;50:2:9
Бронницкое, Виноградовское, Московская область;50:3:1
Пласкининское, Виноградовское, Московская область;50:3:10
Подберезное, Виноградовское, Московская область;50:3:11
Раменское, Виноградовское, Московская область;50:3:12
Ульянинское, Виноградовское, Московская область;50:3:13
Хорловское, Виноградовское, Московская область;50:3:14
Виноградовское, Виноградовское, Московская область;50:3:2
Виноградовское сельское, Виноградовское, Московская область;50:3:3
Воскресенское, Виноградовское, Московская область;50:3:4
Гжельское, Виноградовское, Московская область;50:3:5
Дачное, Виноградовское, Московская область;50:3:6
Загородное, Виноградовское, Московская область;50:3:7
Ильинское, Виноградовское, Московская область;50:3:8
Малаховское, Виноградовское, Московская область;50:3:9
Аннинское, Волоколамское, Московская область;50:4:1
Пригородное, Волоколамское, Московская область;50:4:10
Серединское, Волоколамское, Московская область;50:4:11
Спасское, Волоколамское, Московская область;50:4:12
Судниковское, Волоколамское, Московская область;50:4:13
Теряевское, Волоколамское, Московская область;50:4:14
Шаховское, Волоколамское, Московская область;50:4:15
Ядровское, Волоколамское, Московская область;50:4:16
Введенское, Волоколамское, Московская область;50:4:2
Волоколамское, Волоколамское, Московская область;50:4:3
Волоколамское сельское, Волоколамское, Московская область;50:4:4
Красногорское, Волоколамское, Московская область;50:4:5
Лотошинское, Волоколамское, Московская область;50:4:6
Микулинское, Волоколамское, Московская область;50:4:7
Ново-Александровское, Волоколамское, Московская область;50:4:8
Осташевское, Волоколамское, Московская область;50:4:9
Вербилковское, Дмитровское, Московская область;50:5:1
Марфинское, Дмитровское, Московская область;50:5:10
Ольговское, Дмитровское, Московская область;50:5:11
Орудьевское, Дмитровское, Московская область;50:5:12
Пантюхинское, Дмитровское, Московская область;50:5:13
Пироговское, Дмитровское, Московская область;50:5:14
Протасовское, Дмитровское, Московская область;50:5:15
Раменское, Дмитровское, Московская область;50:5:16
Рогачевское, Дмитровское, Московская область;50:5:17
Тимоновское, Дмитровское, Московская область;50:5:18
Тишковское, Дмитровское, Московская область;50:5:19
Гарское, Дмитровское, Московская область;50:5:2
Учинское, Дмитровское, Московская область;50:5:20
Хлебниковское, Дмитровское, Московская область;50:5:21
Гришинское, Дмитровское, Московская область;50:5:3
Деденевское, Дмитровское, Московская область;50:5:4
Дмитровское, Дмитровское, Московская область;50:5:5
Дмитровское сельское, Дмитровское, Московская область;50:5:6
Дутшевское, Дмитровское, Московская область;50:5:7
Костинское, Дмитровское, Московская область;50:5:8
Лобненское, Дмитровское, Московская область;50:5:9
Без деления на участковые лесничества, городской округ Жуковский, Московская область;50:66:00
Больше-Гридинское, Егорьевское, Московская область;50:6:1
Радовицкое, Егорьевское, Московская область;50:6:10
Цнинское, Егорьевское, Московская область;50:6:11
Чернолесское, Егорьевское, Московская область;50:6:12
Юбилейное, Егорьевское, Московская область;50:6:13
Восточное, Егорьевское, Московская область;50:6:2
Егорьевское, Егорьевское, Московская область;50:6:3
Егорьевское сельское, Егорьевское, Московская область;50:6:4
Куплиямское, Егорьевское, Московская область;50:6:5
Лелеческое, Егорьевское, Московская область;50:6:6
Пешурское, Егорьевское, Московская область;50:6:7
Поминовское, Егорьевское, Московская область;50:6:8
Пригородное, Егорьевское, Московская область;50:6:9
Баковское, Звенигородское, Московская область;50:7:1
Рузское, Звенигородское, Московская область;50:7:10
Таракановское, Звенигородское, Московская область;50:7:11
Тучковское, Звенигородское, Московская область;50:7:12
Хлюпинское, Звенигородское, Московская область;50:7:13
Чепелевское, Звенигородское, Московская область;50:7:14
Шараповское, Звенигородское, Московская область;50:7:15
Звенигородское, Звенигородское, Московская область;50:7:2
Звенигородское сельское, Звенигородское, Московская область;50:7:3
Коралловское, Звенигородское, Московская область;50:7:4
Кубинское, Звенигородское, Московская область;50:7:5
Нестеровское, Звенигородское, Московская область;50:7:6
Орешковское, Звенигородское, Московская область;50:7:7
Пионерское, Звенигородское, Московская область;50:7:8
Подушкинское, Звенигородское, Московская область;50:7:9
Глубоковское, Истринское, Московская область;50:8:1
Рождественское, Истринское, Московская область;50:8:10
Савельевское, Истринское, Московская область;50:8:11
Серебряноборское, Истринское, Московская область;50:8:12
Филатовское, Истринское, Московская область;50:8:13
Химкинское, Истринское, Московская область;50:8:14
Деньковское, Истринское, Московская область;50:8:2
Истринское сельское, Истринское, Московская область;50:8:3
Котовское, Истринское, Московская область;50:8:4
Красногорское, Истринское, Московская область;50:8:5
Никольское, Истринское, Московская область;50:8:6
Новогорское, Истринское, Московская область;50:8:7
Ново-Иерусалимское, Истринское, Московская область;50:8:8
Опалиховское, Истринское, Московская область;50:8:9
Борщевское, Клинское, Московская область;50:9:1
Краснохолмское, Клинское, Московская область;50:9:10
Круговское, Клинское, Московская область;50:9:11
Крюковское, Клинское, Московская область;50:9:12
Новинское, Клинское, Московская область;50:9:13
Нудольское, Клинское, Московская область;50:9:14
Озерецкое, Клинское, Московская область;50:9:15
Октябрьское, Клинское, Московская область;50:9:16
Первомайское, Клинское, Московская область;50:9:17
Поваровское, Клинское, Московская область;50:9:18
Сенежское, Клинское, Московская область;50:9:19
Верхне-Клязьминское, Клинское, Московская область;50:9:2
Сходненское, Клинское, Московская область;50:9:20
Усагинское, Клинское, Московская область;50:9:21
Владыкинское, Клинское, Московская область;50:9:3
Воронинское, Клинское, Московская область;50:9:4
Высоковское, Клинское, Московская область;50:9:5
Домашевское, Клинское, Московская область;50:9:6
Истринское, Клинское, Московская область;50:9:7
Клинское сельское, Клинское, Московская область;50:9:8
Краснополянское, Клинское, Московская область;50:9:9
Варзугское, Терское, Мурманская область;51:10:1
Индельское, Терское, Мурманская область;51:10:2
Умбское, Терское, Мурманская область;51:10:3
Енское, Зашейковское, Мурманская область;51:1:1
Зашейковское, Зашейковское, Мурманская область;51:1:2
Ковдорское, Зашейковское, Мурманская область;51:1:3
Алакурттинское, Кандалакшское, Мурманская область;51:2:1
Кандалакшское, Кандалакшское, Мурманская область;51:2:2
Апатитское, Кировское, Мурманская область;51:3:1
Кировское, Кировское, Мурманская область;51:3:2
Зеленоборское, Ковдозерское, Мурманская область;51:4:1
Ковдозерское, Ковдозерское, Мурманская область;51:4:2
Гирвасское, Кольское, Мурманская область;51:5:1
Мурмашинское, Кольское, Мурманская область;51:5:2
Нотозерское, Кольское, Мурманская область;51:5:3
Верхне-Понойское, Ловозерское, Мурманская область;51:6:1
Ловозерское, Ловозерское, Мурманская область;51:6:2
Мончегорское, Мончегорское, Мурманская область;51:7:1
Мончеозерское, Мончегорское, Мурманская область;51:7:2
Оленегорское, Мончегорское, Мурманская область;51:7:3
Пригородное, Мурманское, Мурманская область;51:8:1
Тайбольское, Мурманское, Мурманская область;51:8:2
Туломское, Мурманское, Мурманская область;51:8:3
Аллареченское, Печенгское, Мурманская область;51:9:1
Лоттское, Печенгское, Мурманская область;51:9:2
Никельское, Печенгское, Мурманская область;51:9:3
Большепольское, Воскресенское районное, Нижегородская область;52:10:1
Шурговашское, Воскресенское районное, Нижегородская область;52:10:10
Воскресенское, Воскресенское районное, Нижегородская область;52:10:2
Елдежское, Воскресенское районное, Нижегородская область;52:10:3
Заветлужское, Воскресенское районное, Нижегородская область;52:10:4
Ижменское, Воскресенское районное, Нижегородская область;52:10:5
Красноярское, Воскресенское районное, Нижегородская область;52:10:6
Нестиарское, Воскресенское районное, Нижегородская область;52:10:7
Староустинское, Воскресенское районное, Нижегородская область;52:10:8
Успенское, Воскресенское районное, Нижегородская область;52:10:9
Вильское, Выксунское районное, Нижегородская область;52:11:1
Димарское, Выксунское районное, Нижегородская область;52:11:2
Пристанское, Выксунское районное, Нижегородская область;52:11:3
Ризадеевское, Выксунское районное, Нижегородская область;52:11:4
Рожновское, Выксунское районное, Нижегородская область;52:11:5
Семиловское, Выксунское районное, Нижегородская область;52:11:6
Бриляковское, Городецкое межрайонное, Нижегородская область;52:12:1
Городецкое, Городецкое межрайонное, Нижегородская область;52:12:2
Пуреховское, Городецкое межрайонное, Нижегородская область;52:12:3
Узольское, Городецкое межрайонное, Нижегородская область;52:12:4
Чкаловское, Городецкое межрайонное, Нижегородская область;52:12:5
Дальнеконстантиновское, Дальнеконстантиновское районное, Нижегородская область;52:13:1
Румстихинское, Дальнеконстантиновское районное, Нижегородская область;52:13:2
Суроватихинское, Дальнеконстантиновское районное, Нижегородская область;52:13:3
Ильино-Заборское, Ковернинское районное, Нижегородская область;52:14:1
Ковернинское, Ковернинское районное, Нижегородская область;52:14:2
Наумовское, Ковернинское районное, Нижегородская область;52:14:3
Узольское, Ковернинское районное, Нижегородская область;52:14:4
Хохломское, Ковернинское районное, Нижегородская область;52:14:5
Баковское, Краснобаковское районное, Нижегородская область;52:15:1
Боровское, Краснобаковское районное, Нижегородская область;52:15:2
Быструхинское, Краснобаковское районное, Нижегородская область;52:15:3
Ветлужское, Краснобаковское районное, Нижегородская область;52:15:4
Кирилловское, Краснобаковское районное, Нижегородская область;52:15:5
Моисеевское, Краснобаковское районное, Нижегородская область;52:15:6
Носовское, Краснобаковское районное, Нижегородская область;52:15:7
Сабельное, Краснобаковское районное, Нижегородская область;52:15:8
Шеманихинское, Краснобаковское районное, Нижегородская область;52:15:9
Кстовское, Кстовское районное, Нижегородская область;52:16:1
Пригородное, Кстовское районное, Нижегородская область;52:16:2
Работкинское, Кстовское районное, Нижегородская область;52:16:3
Велетьменское, Кулебакское районное, Нижегородская область;52:17:1
Красненское, Кулебакское районное, Нижегородская область;52:17:2
Кулебакское, Кулебакское районное, Нижегородская область;52:17:3
Саваслейское, Кулебакское районное, Нижегородская область;52:17:4
Тепловское, Кулебакское районное, Нижегородская область;52:17:5
Воротынское, Лысковское межрайонное, Нижегородская область;52:18:1
Княгининское, Лысковское межрайонное, Нижегородская область;52:18:2
Лысковское, Лысковское межрайонное, Нижегородская область;52:18:3
Валковское, Михайловское районное, Нижегородская область;52:19:1
Каменское, Михайловское районное, Нижегородская область;52:19:2
Керженское, Михайловское районное, Нижегородская область;52:19:3
Красноборковское, Михайловское районное, Нижегородская область;52:19:4
Красноярское, Михайловское районное, Нижегородская область;52:19:5
Михайловское, Михайловское районное, Нижегородская область;52:19:6
Разнежское, Михайловское районное, Нижегородская область;52:19:7
Сельскомазское, Михайловское районное, Нижегородская область;52:19:8
Абрамовское, Арзамасское межрайонное, Нижегородская область;52:1:1
Арзамасское, Арзамасское межрайонное, Нижегородская область;52:1:2
Вадское, Арзамасское межрайонное, Нижегородская область;52:1:3
Кирилловское, Арзамасское межрайонное, Нижегородская область;52:1:4
Коваксинское, Арзамасское межрайонное, Нижегородская область;52:1:5
Сережинское, Арзамасское межрайонное, Нижегородская область;52:1:6
Чернухинское, Арзамасское межрайонное, Нижегородская область;52:1:7
Ардатовское, Мухтоловское межрайонное, Нижегородская область;52:20:1
Балахонихинское, Мухтоловское межрайонное, Нижегородская область;52:20:2
Лесостепное, Мухтоловское межрайонное, Нижегородская область;52:20:3
Личадеевское, Мухтоловское межрайонное, Нижегородская область;52:20:4
Майданское, Мухтоловское межрайонное, Нижегородская область;52:20:5
Мухтоловское, Мухтоловское межрайонное, Нижегородская область;52:20:6
Саконское, Мухтоловское межрайонное, Нижегородская область;52:20:7
Дедовское, Навашинское районное, Нижегородская область;52:21:1
Навашинское, Навашинское районное, Нижегородская область;52:21:2
Сонинское, Навашинское районное, Нижегородская область;52:21:3
Степуринское, Навашинское районное, Нижегородская область;52:21:4
Тешинское, Навашинское районное, Нижегородская область;52:21:5
Павловское, Павловское районное, Нижегородская область;52:22:1
Степаньковское, Павловское районное, Нижегородская область;52:22:2
Тумботинское, Павловское районное, Нижегородская область;52:22:3
Кавказское, Первомайское районное, Нижегородская область;52:23:1
Кременковское, Первомайское районное, Нижегородская область;52:23:2
Первомайское, Первомайское районное, Нижегородская область;52:23:3
Сатисское, Первомайское районное, Нижегородская область;52:23:4
Шутиловское, Первомайское районное, Нижегородская область;52:23:5
Буреполомское, Пижемское районное, Нижегородская область;52:24:1
Вайское, Пижемское районное, Нижегородская область;52:24:2
Верхне-Унженское, Пижемское районное, Нижегородская область;52:24:3
Ошминское, Пижемское районное, Нижегородская область;52:24:4
Пижемское, Пижемское районное, Нижегородская область;52:24:5
Шайгинское, Пижемское районное, Нижегородская область;52:24:6
Большеболдинское, Починковское межрайонное, Нижегородская область;52:25:1
Коммунарское, Починковское межрайонное, Нижегородская область;52:25:2
Ужовское, Починковское межрайонное, Нижегородская область;52:25:3
Кутумское, Разинское районное, Нижегородская область;52:26:1
Лукояновское, Разинское районное, Нижегородская область;52:26:2
Панзельское, Разинское районное, Нижегородская область;52:26:3
Печинское, Разинское районное, Нижегородская область;52:26:4
Разинское, Разинское районное, Нижегородская область;52:26:5
Бараниховское, Семеновское районное, Нижегородская область;52:27:1
Красно-Усадское, Семеновское районное, Нижегородская область;52:27:2
Линдовское, Семеновское районное, Нижегородская область;52:27:3
Лобачевское, Семеновское районное, Нижегородская область;52:27:4
Лыковское, Семеновское районное, Нижегородская область;52:27:5
Рыжковское, Семеновское районное, Нижегородская область;52:27:6
Семеновское, Семеновское районное, Нижегородская область;52:27:7
Федосеевское, Семеновское районное, Нижегородская область;52:27:8
Хахальское, Семеновское районное, Нижегородская область;52:27:9
Княжегорское, Сергачское межрайонное, Нижегородская область;52:28:1
Пильненское, Сергачское межрайонное, Нижегородская область;52:28:2
Сергачское, Сергачское межрайонное, Нижегородская область;52:28:3
Сеченовское, Сергачское межрайонное, Нижегородская область;52:28:4
Спасское, Сергачское межрайонное, Нижегородская область;52:28:5
Ильинское, Сокольское районное, Нижегородская область;52:29:1
Каргинское, Сокольское районное, Нижегородская область;52:29:2
Пелеговское, Сокольское районное, Нижегородская область;52:29:3
Сокольское, Сокольское районное, Нижегородская область;52:29:4
Унженское, Сокольское районное, Нижегородская область;52:29:5
Шомохтинское, Сокольское районное, Нижегородская область;52:29:6
Бурцевское, Балахнинское межрайонное, Нижегородская область;52:2:1
Ильинское, Балахнинское межрайонное, Нижегородская область;52:2:2
Козинское, Балахнинское межрайонное, Нижегородская область;52:2:3
Лукинское, Балахнинское межрайонное, Нижегородская область;52:2:4
Правдинское, Балахнинское межрайонное, Нижегородская область;52:2:5
Барановское, Сосновское районное, Нижегородская область;52:30:1
Венецкое, Сосновское районное, Нижегородская область;52:30:2
Рожковское, Сосновское районное, Нижегородская область;52:30:3
Селитьбенское, Сосновское районное, Нижегородская область;52:30:4
Сосновское, Сосновское районное, Нижегородская область;52:30:5
Пакалевское, Тонкинское районное, Нижегородская область;52:31:1
Тонкинское, Тонкинское районное, Нижегородская область;52:31:2
Арьевское, Уренское районное, Нижегородская область;52:32:1
Карповское, Уренское районное, Нижегородская область;52:32:2
Михайловское, Уренское районное, Нижегородская область;52:32:3
Семеновское, Уренское районное, Нижегородская область;52:32:4
Тулажское, Уренское районное, Нижегородская область;52:32:5
Уренское, Уренское районное, Нижегородская область;52:32:6
Большерудкинское, Шарангское районное, Нижегородская область;52:33:1
Килемарское, Шарангское районное, Нижегородская область;52:33:2
Шарангское, Шарангское районное, Нижегородская область;52:33:3
Красноборковское, Шатковское районное, Нижегородская область;52:34:1
Лесогорское, Шатковское районное, Нижегородская область;52:34:2
Шатковское, Шатковское районное, Нижегородская область;52:34:3
Вахтанское, Шахунское районное, Нижегородская область;52:35:1
Железнодорожное, Шахунское районное, Нижегородская область;52:35:2
Полетаевское, Шахунское районное, Нижегородская область;52:35:3
Сявское, Шахунское районное, Нижегородская область;52:35:4
Хмелевицкое, Шахунское районное, Нижегородская область;52:35:5
Шахунское, Шахунское районное, Нижегородская область;52:35:6
Без деления на участковые лесничества, ГПБЗ Керженский, Нижегородская область;52:36:00
Афанасьевское, Богородское районное, Нижегородская область;52:3:1
Богородское, Богородское районное, Нижегородская область;52:3:2
Ключищенское, Богородское районное, Нижегородская область;52:3:3
Оранское, Богородское районное, Нижегородская область;52:3:4
Большеорловское, Борское районное, Нижегородская область;52:4:1
Плотинковское, Борское районное, Нижегородская область;52:4:10
Борское, Борское районное, Нижегородская область;52:4:2
Ватомское, Борское районное, Нижегородская область;52:4:3
Высокоборское, Борское районное, Нижегородская область;52:4:4
Завражновское, Борское районное, Нижегородская область;52:4:5
Затонское, Борское районное, Нижегородская область;52:4:6
Ковровское, Борское районное, Нижегородская область;52:4:7
Краснораменское, Борское районное, Нижегородская область;52:4:8
Останкинское, Борское районное, Нижегородская область;52:4:9
Больше-Мурашкинское, Бутурлинское межрайонное, Нижегородская область;52:5:1
Бутурлинское, Бутурлинское межрайонное, Нижегородская область;52:5:2
Гагинское, Бутурлинское межрайонное, Нижегородская область;52:5:3
Перевозское, Бутурлинское межрайонное, Нижегородская область;52:5:4
Дзержинское, Дзержинское городское лесничество, Нижегородская область;52:67:1
Игумновское, Дзержинское городское лесничество, Нижегородская область;52:67:2
Варнавинское, Варнавинское районное, Нижегородская область;52:6:1
Кайское, Варнавинское районное, Нижегородская область;52:6:2
Каливецкое, Варнавинское районное, Нижегородская область;52:6:3
Камешниковское, Варнавинское районное, Нижегородская область;52:6:4
Лапшангское, Варнавинское районное, Нижегородская область;52:6:5
Сивкоборское, Варнавинское районное, Нижегородская область;52:6:6
Хмелевское, Варнавинское районное, Нижегородская область;52:6:7
Шудское, Варнавинское районное, Нижегородская область;52:6:8
Вачское, Вачское районное, Нижегородская область;52:7:1
Давыдовское, Вачское районное, Нижегородская область;52:7:2
Степановское, Вачское районное, Нижегородская область;52:7:3
Городские леса города Первомайск, Городские леса города Первомайск, Нижегородская область;52:80:1
Ветлужское, Ветлужское районное, Нижегородская область;52:8:1
Заречное, Ветлужское районное, Нижегородская область;52:8:2
Калининское, Ветлужское районное, Нижегородская область;52:8:3
Каменское, Ветлужское районное, Нижегородская область;52:8:4
Макарьевское, Ветлужское районное, Нижегородская область;52:8:5
Нагорное, Ветлужское районное, Нижегородская область;52:8:6
Стрелицкое, Ветлужское районное, Нижегородская область;52:8:7
Без деления на участковые лесничества, Шахунское городское лесничество, Нижегородская область;52:96:00
Автозаводское, Нижегородское городское, Нижегородская область;52:97:1
Зеленый город, Нижегородское городское, Нижегородская область;52:97:2
Приокское, Нижегородское городское, Нижегородская область;52:97:3
Сормовское, Нижегородское городское, Нижегородская область;52:97:4
Вознесенское, Вознесенское межрайонное, Нижегородская область;52:9:1
Дивеевское, Вознесенское межрайонное, Нижегородская область;52:9:2
Илевское, Вознесенское межрайонное, Нижегородская область;52:9:3
Сарминское, Вознесенское межрайонное, Нижегородская область;52:9:4
Боровенковское, Окуловское, Новгородская область;53:10:1
Каевское, Окуловское, Новгородская область;53:10:2
Кулотинское, Окуловское, Новгородская область;53:10:3
Окуловское, Окуловское, Новгородская область;53:10:4
Теребуновское, Окуловское, Новгородская область;53:10:5
Торбинское, Окуловское, Новгородская область;53:10:6
Угловское, Окуловское, Новгородская область;53:10:7
Кузьминское, Парфинское, Новгородская область;53:11:1
Лажинское, Парфинское, Новгородская область;53:11:2
Парфинское, Парфинское, Новгородская область;53:11:3
Полавское, Парфинское, Новгородская область;53:11:4
Абросовское, Пестовское, Новгородская область;53:12:1
Дмитровское, Пестовское, Новгородская область;53:12:2
Ереминское, Пестовское, Новгородская область;53:12:3
Ленинское, Пестовское, Новгородская область;53:12:4
Матрешинское, Пестовское, Новгородская область;53:12:5
Никулкинское, Пестовское, Новгородская область;53:12:6
Пестовское, Пестовское, Новгородская область;53:12:7
Белебелковское, Поддорское, Новгородская область;53:13:1
Бушевское, Поддорское, Новгородская область;53:13:2
Дороганское, Поддорское, Новгородская область;53:13:3
Коломенское, Поддорское, Новгородская область;53:13:4
Поддорское, Поддорское, Новгородская область;53:13:5
Серболовское, Поддорское, Новгородская область;53:13:6
Астриловское, Старорусское, Новгородская область;53:14:1
Волотовское, Старорусское, Новгородская область;53:14:2
Дубовицкое, Старорусское, Новгородская область;53:14:3
Залучское, Старорусское, Новгородская область;53:14:4
Ловатское, Старорусское, Новгородская область;53:14:5
Ляховичское, Старорусское, Новгородская область;53:14:6
Порожское, Старорусское, Новгородская область;53:14:7
Старорусское, Старорусское, Новгородская область;53:14:8
Шубинское, Старорусское, Новгородская область;53:14:9
Анциферовское, Хвойнинское, Новгородская область;53:15:1
Вязовское, Хвойнинское, Новгородская область;53:15:2
Жилоборское, Хвойнинское, Новгородская область;53:15:3
Левочское, Хвойнинское, Новгородская область;53:15:4
Песское, Хвойнинское, Новгородская область;53:15:5
Ракитинское, Хвойнинское, Новгородская область;53:15:6
Раменское, Хвойнинское, Новгородская область;53:15:7
Спасское, Хвойнинское, Новгородская область;53:15:8
Хвойнинское, Хвойнинское, Новгородская область;53:15:9
Аполецкое, Холмское, Новгородская область;53:16:1
Дунаевское, Холмское, Новгородская область;53:16:2
Морховское, Холмское, Новгородская область;53:16:3
Находское, Холмское, Новгородская область;53:16:4
Новодворское, Холмское, Новгородская область;53:16:5
Тухомичское, Холмское, Новгородская область;53:16:6
Холмское, Холмское, Новгородская область;53:16:7
Чекуновское, Холмское, Новгородская область;53:16:8
Грузинское, Чудовское, Новгородская область;53:17:1
Лезненское, Чудовское, Новгородская область;53:17:2
Оскуйское, Чудовское, Новгородская область;53:17:3
Селищенское, Чудовское, Новгородская область;53:17:4
Спасско-Полистское, Чудовское, Новгородская область;53:17:5
Чудовское, Чудовское, Новгородская область;53:17:6
Батецкое, Шимское, Новгородская область;53:18:1
Уторгошское, Шимское, Новгородская область;53:18:10
Шелонское, Шимское, Новгородская область;53:18:11
Шимское, Шимское, Новгородская область;53:18:12
Выбитское, Шимское, Новгородская область;53:18:2
Городищенское, Шимское, Новгородская область;53:18:3
Люболядское, Шимское, Новгородская область;53:18:4
Мойкинское, Шимское, Новгородская область;53:18:5
Озеревское, Шимское, Новгородская область;53:18:6
Ольховское, Шимское, Новгородская область;53:18:7
Передольское, Шимское, Новгородская область;53:18:8
Солецкое, Шимское, Новгородская область;53:18:9
Боровичское, Боровичское, Новгородская область;53:1:1
Волокское, Боровичское, Новгородская область;53:1:2
Кончанское, Боровичское, Новгородская область;53:1:3
Опеченское, Боровичское, Новгородская область;53:1:4
Перелучское, Боровичское, Новгородская область;53:1:5
Плужинское, Боровичское, Новгородская область;53:1:6
Пригородное, Боровичское, Новгородская область;53:1:7
Суворовское, Боровичское, Новгородская область;53:1:8
Байнёвское, НП Валдайский, Новгородская область;53:20:1
Новоскребельское, НП Валдайский, Новгородская область;53:20:10
Новотроицкое, НП Валдайский, Новгородская область;53:20:11
Пригородное, НП Валдайский, Новгородская область;53:20:12
Селигерское, НП Валдайский, Новгородская область;53:20:13
Боровновское, НП Валдайский, Новгородская область;53:20:2
Борское, НП Валдайский, Новгородская область;53:20:3
Валдайское, НП Валдайский, Новгородская область;53:20:4
Дворецкое, НП Валдайский, Новгородская область;53:20:5
Домовичское, НП Валдайский, Новгородская область;53:20:6
Замошское, НП Валдайский, Новгородская область;53:20:7
Ивантеевское, НП Валдайский, Новгородская область;53:20:8
Никольское, НП Валдайский, Новгородская область;53:20:9
Валдайское, Валдайское, Новгородская область;53:2:1
Едровское, Валдайское, Новгородская область;53:2:2
Замошское, Валдайское, Новгородская область;53:2:3
Небылицкое, Валдайское, Новгородская область;53:2:4
Яжелбицкое, Валдайское, Новгородская область;53:2:5
Великозаходское, Демянское, Новгородская область;53:3:1
Демянское, Демянское, Новгородская область;53:3:2
Ильиногорское, Демянское, Новгородская область;53:3:3
Кневицкое, Демянское, Новгородская область;53:3:4
Лычковское, Демянское, Новгородская область;53:3:5
Полновское, Демянское, Новгородская область;53:3:6
Сельское, Демянское, Новгородская область;53:3:7
Филиппогорское, Демянское, Новгородская область;53:3:8
Черноручейское, Демянское, Новгородская область;53:3:9
Винское, Крестецкое, Новгородская область;53:4:1
Жаровское, Крестецкое, Новгородская область;53:4:2
Зайцевское, Крестецкое, Новгородская область;53:4:3
Крестецкое, Крестецкое, Новгородская область;53:4:4
Локотское, Крестецкое, Новгородская область;53:4:5
Ново-Рахинское, Крестецкое, Новгородская область;53:4:6
Островское, Крестецкое, Новгородская область;53:4:7
Ручьевское, Крестецкое, Новгородская область;53:4:8
Усть-Волмское, Крестецкое, Новгородская область;53:4:9
Зарубинское, Любытинское, Новгородская область;53:5:1
Порогское, Любытинское, Новгородская область;53:5:10
Радостинское, Любытинское, Новгородская область;53:5:11
Талецкое, Любытинское, Новгородская область;53:5:12
Теребутинецкое, Любытинское, Новгородская область;53:5:13
Тиховское, Любытинское, Новгородская область;53:5:14
Хировское, Любытинское, Новгородская область;53:5:15
Звонецкое, Любытинское, Новгородская область;53:5:2
Каменское, Любытинское, Новгородская область;53:5:3
Клишинское, Любытинское, Новгородская область;53:5:4
Комаровское, Любытинское, Новгородская область;53:5:5
Кременичское, Любытинское, Новгородская область;53:5:6
Любытинское, Любытинское, Новгородская область;53:5:7
Неболчское, Любытинское, Новгородская область;53:5:8
Петровское, Любытинское, Новгородская область;53:5:9
Большевишерское, Маловишерское, Новгородская область;53:6:1
Бургинское, Маловишерское, Новгородская область;53:6:2
Веребьинское, Маловишерское, Новгородская область;53:6:3
Грядское, Маловишерское, Новгородская область;53:6:4
Дворищенское, Маловишерское, Новгородская область;53:6:5
Каширское, Маловишерское, Новгородская область;53:6:6
Маловишерское, Маловишерское, Новгородская область;53:6:7
Парневское, Маловишерское, Новгородская область;53:6:8
Пустовишерское, Маловишерское, Новгородская область;53:6:9
Велильское, Маревское, Новгородская область;53:7:1
Маревское, Маревское, Новгородская область;53:7:2
Молвотицкое, Маревское, Новгородская область;53:7:3
Одоевское, Маревское, Новгородская область;53:7:4
Первомайское, Маревское, Новгородская область;53:7:5
Кабожское, Мошенское, Новгородская область;53:8:1
Крутецкое, Мошенское, Новгородская область;53:8:2
Меглецкое, Мошенское, Новгородская область;53:8:3
Мошенское, Мошенское, Новгородская область;53:8:4
Ореховское, Мошенское, Новгородская область;53:8:5
Устрекское, Мошенское, Новгородская область;53:8:6
Вишерское, Новгородское, Новгородская область;53:9:1
Советское, Новгородское, Новгородская область;53:9:10
Татинское, Новгородское, Новгородская область;53:9:11
Волховское, Новгородское, Новгородская область;53:9:2
Ермолинское, Новгородское, Новгородская область;53:9:3
Медведское, Новгородское, Новгородская область;53:9:4
Мстинское, Новгородское, Новгородская область;53:9:5
Мясноборское, Новгородское, Новгородская область;53:9:6
Новгородское, Новгородское, Новгородская область;53:9:7
Пригородное, Новгородское, Новгородская область;53:9:8
Пролетарское, Новгородское, Новгородская область;53:9:9
Коченевский лесохозяйственный участок № 1, Коченевское, Новосибирская область;54:10:1
Коченевский лесохозяйственный участок № 2, Коченевское, Новосибирская область;54:10:2
Новомихайловский лесохозяйственный участок № 2, Коченевское, Новосибирская область;54:10:3
Веселовский лесохозяйственный участок, Краснозерское, Новосибирская область;54:11:1
Краснозерский лесохозяйственный участок № 1, Краснозерское, Новосибирская область;54:11:2
Краснозерский лесохозяйственный участок № 2, Краснозерское, Новосибирская область;54:11:3
Питомнический лесохозяйственный участок, Краснозерское, Новосибирская область;54:11:4
Булатовский лесохозяйственный участок, Куйбышевское, Новосибирская область;54:12:1
Каминский лесохозяйственный участок, Куйбышевское, Новосибирская область;54:12:2
Куйбышевский лесохозяйственный участок, Куйбышевское, Новосибирская область;54:12:3
Михайловский лесохозяйственный участок, Куйбышевское, Новосибирская область;54:12:4
Чумаковский лесохозяйственный участок, Куйбышевское, Новосибирская область;54:12:5
Кулундинский лесохозяйственный участок, Купинское, Новосибирская область;54:13:1
Купинский лесохозяйственный участок, Купинское, Новосибирская область;54:13:2
Чистоозерный лесохозяйственный участок, Купинское, Новосибирская область;54:13:3
Верх-Майзасский лесохозяйственный участок, Кыштовское, Новосибирская область;54:14:1
Верх-Тарский лесохозяйственный участок, Кыштовское, Новосибирская область;54:14:2
Колбасинский лесохозяйственный участок, Кыштовское, Новосибирская область;54:14:3
Крутихинский лесохозяйственный участок, Кыштовское, Новосибирская область;54:14:4
Кыштовский лесохозяйственный участок № 1, Кыштовское, Новосибирская область;54:14:5
Кыштовский лесохозяйственный участок № 2, Кыштовское, Новосибирская область;54:14:6
Ново-Майзасский лесохозяйственный участок, Кыштовское, Новосибирская область;54:14:7
Черновский лесохозяйственный участок, Кыштовское, Новосибирская область;54:14:8
Больше-Изыракский лесохозяйственный участок, Маслянинское, Новосибирская область;54:15:1
Борковский лесохозяйственный участок, Маслянинское, Новосибирская область;54:15:2
Дубровский лесохозяйственный участок, Маслянинское, Новосибирская область;54:15:3
Егорьевский лесохозяйственный участок, Маслянинское, Новосибирская область;54:15:4
Елбанский лесохозяйственный участок, Маслянинское, Новосибирская область;54:15:5
Маслянинский лесохозяйственный участок № 1, Маслянинское, Новосибирская область;54:15:6
Маслянинский лесохозяйственный участок № 2, Маслянинское, Новосибирская область;54:15:7
Буготакский лесохозяйственный участок, Мирновское, Новосибирская область;54:16:1
Рожневский лесохозяйственный участок, Мирновское, Новосибирская область;54:16:10
Тогучинский лесохозяйственный участок, Мирновское, Новосибирская область;54:16:11
Дергоусовский лесохозяйственный участок, Мирновское, Новосибирская область;54:16:2
Долговский лесохозяйственный участок, Мирновское, Новосибирская область;54:16:3
Которовский лесохозяйственный участок, Мирновское, Новосибирская область;54:16:4
Коуракский лесохозяйственный участок № 1, Мирновское, Новосибирская область;54:16:5
Коуракский лесохозяйственный участок № 2, Мирновское, Новосибирская область;54:16:6
Курундусский лесохозяйственный участок, Мирновское, Новосибирская область;54:16:7
Мирновский лесохозяйственный участок, Мирновское, Новосибирская область;54:16:8
Мокрушинский лесохозяйственный участок, Мирновское, Новосибирская область;54:16:9
Белоярский лесохозяйственный участок, Мошковское, Новосибирская область;54:17:1
Кубовинский лесохозяйственный участок, Мошковское, Новосибирская область;54:17:2
Мошковский лесохозяйственный участок № 1, Мошковское, Новосибирская область;54:17:3
Мошковский лесохозяйственный участок № 2, Мошковское, Новосибирская область;54:17:4
Ояшинский лесохозяйственный участок, Мошковское, Новосибирская область;54:17:5
Инской лесохозяйственный участок, Новосибирское, Новосибирская область;54:18:1
Кудряшовский лесохозяйственный участок, Новосибирское, Новосибирская область;54:18:2
Новосибирский лесохозяйственный участок, Новосибирское, Новосибирская область;54:18:3
Алеусский лесохозяйственный участок, Ордынское, Новосибирская область;54:19:1
Усть-Хмелевский лесохозяйственный участок, Ордынское, Новосибирская область;54:19:10
Чингисский лесохозяйственный участок, Ордынское, Новосибирская область;54:19:11
Шайдуровский лесохозяйственный участок, Ордынское, Новосибирская область;54:19:12
Антоновский лесохозяйственный участок, Ордынское, Новосибирская область;54:19:2
Караканский лесохозяйственный участок, Ордынское, Новосибирская область;54:19:3
Кирзинский лесохозяйственный участок, Ордынское, Новосибирская область;54:19:4
Нижне-Каменский лесохозяйственный участок, Ордынское, Новосибирская область;54:19:5
Ордынский лесохозяйственный участок № 1, Ордынское, Новосибирская область;54:19:6
Ордынский лесохозяйственный участок № 2, Ордынское, Новосибирская область;54:19:7
Петровский лесохозяйственный участок, Ордынское, Новосибирская область;54:19:8
Спиринский лесохозяйственный участок, Ордынское, Новосибирская область;54:19:9
Барабинский лесохозяйственный участок, Барабинское, Новосибирская область;54:1:1
Беловский лесохозяйственный участок, Барабинское, Новосибирская область;54:1:2
Козловский лесохозяйственный участок, Барабинское, Новосибирская область;54:1:3
Артымский лесохозяйственный участок, Северное, Новосибирская область;54:20:1
Биазинский лесохозяйственный участок, Северное, Новосибирская область;54:20:2
Вагановский лесохозяйственный участок, Северное, Новосибирская область;54:20:3
Верх-Красноярский лесохозяйственный участок, Северное, Новосибирская область;54:20:4
Верх-Тартасский лесохозяйственный участок, Северное, Новосибирская область;54:20:5
Ново-Троицкий лесохозяйственный участок, Северное, Новосибирская область;54:20:6
Северный лесохозяйственный участок, Северное, Новосибирская область;54:20:7
Битковский лесохозяйственный участок, Сузунское, Новосибирская область;54:21:1
Бобровский лесохозяйственный участок, Сузунское, Новосибирская область;54:21:2
Заковряжинский лесохозяйственный участок, Сузунское, Новосибирская область;54:21:3
Кубанский лесохозяйственный участок, Сузунское, Новосибирская область;54:21:4
Меретский лесохозяйственный участок, Сузунское, Новосибирская область;54:21:5
Мышланский лесохозяйственный участок, Сузунское, Новосибирская область;54:21:6
Нечунаевский лесохозяйственный участок, Сузунское, Новосибирская область;54:21:7
Сузунский лесохозяйственный участок, Сузунское, Новосибирская область;54:21:8
Шипуновский лесохозяйственный участок, Сузунское, Новосибирская область;54:21:9
Татарский лесохозяйственный участок № 1, Татарское, Новосибирская область;54:22:1
Татарский лесохозяйственный участок № 2, Татарское, Новосибирская область;54:22:2
Ускюльский лесохозяйственный участок, Татарское, Новосибирская область;54:22:3
Усть-Таркский лесохозяйственный участок № 1, Татарское, Новосибирская область;54:22:4
Усть-Таркский лесохозяйственный участок № 2, Татарское, Новосибирская область;54:22:5
Аникинский лесохозяйственный участок, Убинское, Новосибирская область;54:23:1
Лячинский лесохозяйственный участок, Убинское, Новосибирская область;54:23:2
Убинский лесохозяйственный участок № 1, Убинское, Новосибирская область;54:23:3
Убинский лесохозяйственный участок № 2, Убинское, Новосибирская область;54:23:4
Черномысинский лесохозяйственный участок, Убинское, Новосибирская область;54:23:5
Отреченский лесохозяйственный участок, Чановское, Новосибирская область;54:24:1
Старокарачинский лесохозяйственный участок, Чановское, Новосибирская область;54:24:2
Тебисский лесохозяйственный участок, Чановское, Новосибирская область;54:24:3
Чановский лесохозяйственный участок, Чановское, Новосибирская область;54:24:4
Щегловский лесохозяйственный участок, Чановское, Новосибирская область;54:24:5
Бурановский лесохозяйственный участок, Черепановское, Новосибирская область;54:25:1
Черепановский лесохозяйственный участок № 1, Черепановское, Новосибирская область;54:25:2
Черепановский лесохозяйственный участок № 2, Черепановское, Новосибирская область;54:25:3
Верх-Каргатский лесохозяйственный участок, Чулымское, Новосибирская область;54:26:1
Ужанихинский лесохозяйственный участок, Чулымское, Новосибирская область;54:26:2
Чулымский лесохозяйственный участок, Чулымское, Новосибирская область;54:26:3
Бибеевский лесохозяйственный участок, Болотнинское, Новосибирская область;54:2:1
Болотнинский лесохозяйственный участок № 1, Болотнинское, Новосибирская область;54:2:2
Болотнинский лесохозяйственный участок № 2, Болотнинское, Новосибирская область;54:2:3
Кругликовский лесохозяйственный участок, Болотнинское, Новосибирская область;54:2:4
Кунчурукский лесохозяйственный участок, Болотнинское, Новосибирская область;54:2:5
Венгеровский лесохозяйственный участок № 1, Венгеровское, Новосибирская область;54:3:1
Венгеровский лесохозяйственный участок № 2, Венгеровское, Новосибирская область;54:3:2
Тартасский лесохозяйственный участок, Венгеровское, Новосибирская область;54:3:3
Туруновский лесохозяйственный участок, Венгеровское, Новосибирская область;54:3:4
Городские леса р.п. Сузун, Городские леса р.п. Сузун, Новосибирская область;54:48:1
Доволенский лесохозяйственный участок № 1, Доволенское, Новосибирская область;54:4:1
Доволенский лесохозяйственный участок № 2, Доволенское, Новосибирская область;54:4:2
Кочковский лесохозяйственный участок, Доволенское, Новосибирская область;54:4:3
Верх-Каргатский лесохозяйственный участок, Здвинское, Новосибирская область;54:5:1
Верх-Урюмский лесохозяйственный участок, Здвинское, Новосибирская область;54:5:2
Здвинский лесохозяйственный участок, Здвинское, Новосибирская область;54:5:3
Бердский лесохозяйственный участок, Искитимское, Новосибирская область;54:6:1
Гуселетовский лесохозяйственный участок, Искитимское, Новосибирская область;54:6:2
Елбашинский лесохозяйственный участок, Искитимское, Новосибирская область;54:6:3
Искитимский лесохозяйственный участок, Искитимское, Новосибирская область;54:6:4
Легостаевский лесохозяйственный участок, Искитимское, Новосибирская область;54:6:5
Баганский лесохозяйственный участок, Карасукское, Новосибирская область;54:7:1
Карасукский лесохозяйственный участок, Карасукское, Новосибирская область;54:7:2
Морозовский лесохозяйственный участок, Карасукское, Новосибирская область;54:7:3
Хорошинский лесохозяйственный участок, Карасукское, Новосибирская область;54:7:4
Каргатский лесохозяйственный участок, Каргатское, Новосибирская область;54:8:1
Кольцовский лесохозяйственный участок, Каргатское, Новосибирская область;54:8:2
Михайловский лесохозяйственный участок, Каргатское, Новосибирская область;54:8:3
Северный лесохозяйственный участок, Каргатское, Новосибирская область;54:8:4
Суминский лесохозяйственный участок, Каргатское, Новосибирская область;54:8:5
Вьюнский лесохозяйственный участок, Колыванское, Новосибирская область;54:9:1
Кандауровский лесохозяйственный участок, Колыванское, Новосибирская область;54:9:2
Колыванский лесохозяйственный участок № 1, Колыванское, Новосибирская область;54:9:3
Колыванский лесохозяйственный участок № 2, Колыванское, Новосибирская область;54:9:4
Орско-Симанский лесохозяйственный участок, Колыванское, Новосибирская область;54:9:5
Пихтовский лесохозяйственный участок № 1, Колыванское, Новосибирская область;54:9:6
Пихтовский лесохозяйственный участок № 2, Колыванское, Новосибирская область;54:9:7
Тоя-Баксинский лесохозяйственный участок, Колыванское, Новосибирская область;54:9:8
Шегарский лесохозяйственный участок, Колыванское, Новосибирская область;54:9:9
Князевское, Называевское, Омская область;55:10:1
Называевское, Называевское, Омская область;55:10:2
Называевское сельское, Называевское, Омская область;55:10:3
Федоровское, Называевское, Омская область;55:10:4
Большекулачинское, Омское, Омская область;55:11:1
Усть-Заостровское, Омское, Омская область;55:11:10
Харинское, Омское, Омская область;55:11:11
Городское, Омское, Омская область;55:11:2
Кормиловское, Омское, Омская область;55:11:3
Кормиловское сельское, Омское, Омская область;55:11:4
Красноярское, Омское, Омская область;55:11:5
Лузинское, Омское, Омская область;55:11:6
Омское, Омское, Омская область;55:11:7
Петровское, Омское, Омская область;55:11:8
Подгородное, Омское, Омская область;55:11:9
Баженовское, Саргатское, Омская область;55:12:1
Саргатское, Саргатское, Омская область;55:12:2
Саргатское сельское, Саргатское, Омская область;55:12:3
Хохловское, Саргатское, Омская область;55:12:4
Кейзесское, Седельниковское, Омская область;55:13:1
Кейзесское сельское, Седельниковское, Омская область;55:13:2
Седельниковское, Седельниковское, Омская область;55:13:3
Седельниковское сельское, Седельниковское, Омская область;55:13:4
Азовское, Степное, Омская область;55:14:1
Таврическое сельское, Степное, Омская область;55:14:10
Азовское сельское, Степное, Омская область;55:14:2
Нововаршавское, Степное, Омская область;55:14:3
Нововаршавское сельское, Степное, Омская область;55:14:4
Павлоградское, Степное, Омская область;55:14:5
Павлоградское сельское, Степное, Омская область;55:14:6
Русско-Полянское, Степное, Омская область;55:14:7
Русско-Полянское сельское, Степное, Омская область;55:14:8
Таврическое, Степное, Омская область;55:14:9
Екатерининское, Тарское, Омская область;55:15:1
Колосовское, Тарское, Омская область;55:15:2
Колосовское сельское, Тарское, Омская область;55:15:3
Пригородно-Тарское, Тарское, Омская область;55:15:4
Северо-Тарское, Тарское, Омская область;55:15:5
Тарское, Тарское, Омская область;55:15:6
Белоярское, Тевризское, Омская область;55:16:1
Бородинское, Тевризское, Омская область;55:16:2
Тевризское, Тевризское, Омская область;55:16:3
Тевризское сельское, Тевризское, Омская область;55:16:4
Бекишевское, Тюкалинское, Омская область;55:17:1
Солдатское, Тюкалинское, Омская область;55:17:2
Солдатское сельское, Тюкалинское, Омская область;55:17:3
Тюкалинское, Тюкалинское, Омская область;55:17:4
Тюкалинское сельское, Тюкалинское, Омская область;55:17:5
Аксеновское, Усть-Ишимское, Омская область;55:18:1
Бакшеевское, Усть-Ишимское, Омская область;55:18:2
Большетавинское, Усть-Ишимское, Омская область;55:18:3
Скородумское, Усть-Ишимское, Омская область;55:18:4
Усть-Ишимское, Усть-Ишимское, Омская область;55:18:5
Усть-Ишимское сельское, Усть-Ишимское, Омская область;55:18:6
Большеатмасское, Черлакское, Омская область;55:19:1
Иртышское, Черлакское, Омская область;55:19:2
Оконешниковское, Черлакское, Омская область;55:19:3
Оконешниковское сельское, Черлакское, Омская область;55:19:4
Черлакское, Черлакское, Омская область;55:19:5
Черлакское сельское, Черлакское, Омская область;55:19:6
Большереченское, Большереченское, Омская область;55:1:1
Евгащинское, Большереченское, Омская область;55:1:2
Карасукское, Большереченское, Омская область;55:1:3
Северное, Большереченское, Омская область;55:1:4
Южное, Большереченское, Омская область;55:1:5
Большеуковское, Большеуковское, Омская область;55:2:1
Большеуковское сельское, Большеуковское, Омская область;55:2:2
Савиновское, Большеуковское, Омская область;55:2:3
Атирское, Васисское, Омская область;55:3:1
Бобровское, Васисское, Омская область;55:3:2
Васисское, Васисское, Омская область;55:3:3
Пихтовское, Васисское, Омская область;55:3:4
Пологрудовское, Васисское, Омская область;55:3:5
Знаменское, Знаменское, Омская область;55:4:1
Знаменское сельское, Знаменское, Омская область;55:4:2
Качуковское, Знаменское, Омская область;55:4:3
Новоягодинское, Знаменское, Омская область;55:4:4
Новоягодинское сельское, Знаменское, Омская область;55:4:5
Исилькульское, Исилькульское, Омская область;55:5:1
Исилькульское сельское, Исилькульское, Омская область;55:5:2
Москаленское, Исилькульское, Омская область;55:5:3
Москаленское сельское, Исилькульское, Омская область;55:5:4
Полтавское, Исилькульское, Омская область;55:5:5
Полтавское сельское, Исилькульское, Омская область;55:5:6
Украинское, Исилькульское, Омская область;55:5:7
Горьковское, Калачинское, Омская область;55:6:1
Горьковское сельское, Калачинское, Омская область;55:6:2
Калачинское, Калачинское, Омская область;55:6:3
Калачинское сельское, Калачинское, Омская область;55:6:4
Нижнеомское, Калачинское, Омская область;55:6:5
Нижнеомское сельское, Калачинское, Омская область;55:6:6
Прииртышское, Калачинское, Омская область;55:6:7
Ировское, Крутинское, Омская область;55:7:1
Крутинское, Крутинское, Омская область;55:7:2
Крутинское сельское, Крутинское, Омская область;55:7:3
Шипуновское, Крутинское, Омская область;55:7:4
Алексеевское, Любинское, Омская область;55:8:1
Любинское, Любинское, Омская область;55:8:2
Любинское сельское, Любинское, Омская область;55:8:3
Марьяновское, Любинское, Омская область;55:8:4
Марьяновское сельское, Любинское, Омская область;55:8:5
Одесское, Любинское, Омская область;55:8:6
Одесское сельское, Любинское, Омская область;55:8:7
Шербакульское, Любинское, Омская область;55:8:8
Шербакульское сельское, Любинское, Омская область;55:8:9
Артынское, Муромцевское, Омская область;55:9:1
Кондратьевское, Муромцевское, Омская область;55:9:2
Муромцевское, Муромцевское, Омская область;55:9:3
Муромцевское сельское, Муромцевское, Омская область;55:9:4
Рязанское, Муромцевское, Омская область;55:9:5
Илекское, Илекское, Оренбургская область;56:10:1
Красноярское, Илекское, Оренбургская область;56:10:2
Чапаевское, Илекское, Оренбургская область;56:10:3
Болотовское, Кваркенское, Оренбургская область;56:11:1
Зеленодольское, Кваркенское, Оренбургская область;56:11:2
Городищенское, Краснохолмское, Оренбургская область;56:12:1
Кардаиловское, Краснохолмское, Оренбургская область;56:12:2
Краснохолмское, Краснохолмское, Оренбургская область;56:12:3
Чесноковское, Краснохолмское, Оренбургская область;56:12:4
Кувандыкское, Кувандыкское, Оренбургская область;56:13:1
Новосимбирское, Кувандыкское, Оренбургская область;56:13:2
Новоуральское, Кувандыкское, Оренбургская область;56:13:3
Саринское, Кувандыкское, Оренбургская область;56:13:4
Чураевское, Кувандыкское, Оренбургская область;56:13:5
Новосергиевское, Новосергиевское, Оренбургская область;56:14:1
Покровское, Новосергиевское, Оренбургская область;56:14:2
Благословенское, Оренбургское, Оренбургская область;56:15:1
Комсомольское, Оренбургское, Оренбургская область;56:15:2
Нежинское, Оренбургское, Оренбургская область;56:15:3
Оренбургское, Оренбургское, Оренбургская область;56:15:4
Павловское, Оренбургское, Оренбургская область;56:15:5
Ириклинское, Орское, Оренбургская область;56:16:1
Красноуральское, Орское, Оренбургская область;56:16:2
Новотроицкое, Орское, Оренбургская область;56:16:3
Орское, Орское, Оренбургская область;56:16:4
Курманаевское, Первомайское, Оренбургская область;56:17:1
Первомайское, Первомайское, Оренбургская область;56:17:2
Пономаревское, Пономаревское, Оренбургская область;56:18:1
Никольское, Сакмарское, Оренбургская область;56:19:1
Октябрьское, Сакмарское, Оренбургская область;56:19:2
Сакмарское, Сакмарское, Оренбургская область;56:19:3
Абдулинское, Абдулинское, Оренбургская область;56:1:1
Матвеевское, Абдулинское, Оренбургская область;56:1:2
Саракташское, Саракташское, Оренбургская область;56:20:1
Спасское, Саракташское, Оренбургская область;56:20:2
Верхне-Сокское, Северное, Оренбургская область;56:21:1
Русско-Кандызское, Северное, Оренбургская область;56:21:2
Рычковское, Северное, Оренбургская область;56:21:3
Секретарское, Северное, Оренбургская область;56:21:4
Буранное, Соль-Илецкое, Оренбургская область;56:22:1
Соль-Илецкое, Соль-Илецкое, Оренбургская область;56:22:2
Богдановское, Сорочинское, Оренбургская область;56:23:1
Красногвардейское, Сорочинское, Оренбургская область;56:23:2
Пронькинское, Сорочинское, Оренбургская область;56:23:3
Сорочинское, Сорочинское, Оренбургская область;56:23:4
Тоцкое, Сорочинское, Оренбургская область;56:23:5
Кинделинское, Ташлинское, Оренбургская область;56:24:1
Ташлинское, Ташлинское, Оренбургская область;56:24:2
Алмалинское, Тюльганское, Оренбургская область;56:25:1
Ташлинское, Тюльганское, Оренбургская область;56:25:2
Тугустемирское, Тюльганское, Оренбургская область;56:25:3
Переволоцкое, Чернореченское, Оренбургская область;56:26:1
Чернореченское, Чернореченское, Оренбургская область;56:26:2
Александровское, Шарлыкское, Оренбургская область;56:27:1
Шарлыкское, Шарлыкское, Оренбургская область;56:27:2
Адамовское, Адамовское, Оренбургская область;56:2:1
Без деления на участковые лесничества, Городские леса города Бугуруслан, Оренбургская область;56:39:00
Акбулакское, Акбулакское, Оренбургская область;56:3:1
Без деления на участковые лесничества, Бузулукское городское лесничество, Оренбургская область;56:40:00
Без деления на участковые лесничества, Кувандыкское лесничество на землях НП города Кувандык, Оренбургская область;56:42:00
Без деления на участковые лесничества, НП Валдайский, Оренбургская область;56:44:00
Без деления на участковые лесничества, Городское лесничество МО город Оренбург, Оренбургская область;56:45:00
Городские леса города Орска, Городские леса города Орска, Оренбургская область;56:46:1
Без деления на участковые лесничества, Соль-Илецкое городское лесничество, Оренбургская область;56:47:00
Сорочинское, Сорочинское лесничество на землях НП города Сорочинска, Оренбургская область;56:48:1
Городские леса города Ясного, Ясненское городское лесничество, Оренбургская область;56:49:1
Асекеевское, Асекеевское, Оренбургская область;56:4:1
Беляевское, Беляевское, Оренбургская область;56:5:1
Гипсовское, Беляевское, Оренбургская область;56:5:2
Без деления на участковые лесничества, Сакмарское лесничество НП (село Сакмара), Оренбургская область;56:66:00
Без деления на участковые лесничества, Леса муниципального образования Саракташский район, Оренбургская область;56:67:00
Без деления на участковые лесничества, Лесничество НП (село Северное), Оренбургская область;56:69:00
Бугурусланское, Бугурусланское, Оренбургская область;56:6:1
Коровинское, Бугурусланское, Оренбургская область;56:6:2
Пилюгинское, Бугурусланское, Оренбургская область;56:6:3
Советское, Бугурусланское, Оренбургская область;56:6:4
Боровское, Бузулукское, Оренбургская область;56:7:1
Бузулукское, Бузулукское, Оренбургская область;56:7:2
Бузулукское сельское, Бузулукское, Оренбургская область;56:7:3
Державинское, Бузулукское, Оренбургская область;56:7:4
Никифоровское, Бузулукское, Оренбургская область;56:7:5
Грачевское, Грачевское, Оренбургская область;56:8:1
Домбаровское, Домбаровское, Оренбургская область;56:9:1
Алехинское, НП Орловское полесье, Орловская область;57:10:1
Красниковское, НП Орловское полесье, Орловская область;57:10:2
Льговское, НП Орловское полесье, Орловская область;57:10:3
Пешковское, НП Орловское полесье, Орловская область;57:10:4
Тургеневское, НП Орловское полесье, Орловская область;57:10:5
Без деления на участковые лесничества, Болховское, Орловская область;57:1:00
Глазуновское, Глазуновское, Орловская область;57:2:1
Малоархангельское, Глазуновское, Орловская область;57:2:2
Покровское, Глазуновское, Орловская область;57:2:3
Свердловское, Глазуновское, Орловская область;57:2:4
Долбенкинское, Дмитровское, Орловская область;57:3:1
Дубравское, Дмитровское, Орловская область;57:3:2
Неруссовское, Дмитровское, Орловская область;57:3:3
Черневское, Дмитровское, Орловская область;57:3:4
Должанское, Ливенское, Орловская область;57:4:1
Колпнянское, Ливенское, Орловская область;57:4:2
Краснозоренское, Ливенское, Орловская область;57:4:3
Никольское, Ливенское, Орловская область;57:4:4
Русско-Бродское, Ливенское, Орловская область;57:4:5
Без деления на участковые лесничества, Ломецкое, Орловская область;57:5:00
Думчинское, Мценское, Орловская область;57:6:1
Мценское, Мценское, Орловская область;57:6:2
Тельченское, Мценское, Орловская область;57:6:3
Верховское, Новосильское, Орловская область;57:7:1
Корсаковское, Новосильское, Орловская область;57:7:2
Моховское, Новосильское, Орловская область;57:7:3
Новосильское, Новосильское, Орловская область;57:7:4
Хомутовское, Новосильское, Орловская область;57:7:5
Володарское, Орловское, Орловская область;57:8:1
Кромское, Орловское, Орловская область;57:8:2
Орловское, Орловское, Орловская область;57:8:3
Троснянское, Орловское, Орловская область;57:8:4
Урицкое, Орловское, Орловская область;57:8:5
Молодовское, Шаблыкинское, Орловская область;57:9:1
Сомовское, Шаблыкинское, Орловская область;57:9:2
Шаблыкинское, Шаблыкинское, Орловская область;57:9:3
Вазерское, Лунинское, Пензенская область;58:10:1
Иванырсинское-Верхнешкафтинское, Лунинское, Пензенская область;58:10:2
Иссинское, Лунинское, Пензенская область;58:10:3
Голицынское-Долгоруковское, Мокшанское, Пензенская область;58:11:1
Головинщинское, Мокшанское, Пензенская область;58:11:2
Мокшанское-Чернозерское, Мокшанское, Пензенская область;58:11:3
Базарнокеньшенское, Никольское, Пензенская область;58:12:1
Междуреченское, Никольское, Пензенская область;58:12:2
Нижнешкафтинское-Казарское, Никольское, Пензенская область;58:12:3
Пестровское, Никольское, Пензенская область;58:12:4
Сабановское, Никольское, Пензенская область;58:12:5
Бековское-Тамалинское, Сердобское, Пензенская область;58:13:1
Секретарское-Колышлейское, Сердобское, Пензенская область;58:13:2
Сердобское-Софьинское, Сердобское, Пензенская область;58:13:3
Городищенское-Юловское, Чаадаевское, Пензенская область;58:14:1
Кардавское, Чаадаевское, Пензенская область;58:14:2
Краснооктябрьское-Канаевское, Чаадаевское, Пензенская область;58:14:3
Чаадаевское-Куракинское, Чаадаевское, Пензенская область;58:14:4
Мачимское, Шемышейское, Пензенская область;58:15:1
Узинское-Чиндясское, Шемышейское, Пензенская область;58:15:2
Шемышейское-Чапаевское, Шемышейское, Пензенская область;58:15:3
Кирилловское-Подвышенское, Юрсовское, Пензенская область;58:16:1
Раевское, Юрсовское, Пензенская область;58:16:2
Салтыковское-Пашковское, Юрсовское, Пензенская область;58:16:3
Юрсовское-Морсовское, Юрсовское, Пензенская область;58:16:4
Засурское-Леонидовское, Ахунское, Пензенская область;58:1:1
Пугачевское, Ахунское, Пензенская область;58:1:2
Светлополянское-Лопуховское, Ахунское, Пензенская область;58:1:3
Башмаковское, Белинское, Пензенская область;58:2:1
Белинское-Аргамаковское, Белинское, Пензенская область;58:2:2
Каменское-Свищевское, Белинское, Пензенская область;58:2:3
Морозовское-Поимское, Белинское, Пензенская область;58:2:4
Большевьясское-Ломовское, Большевьясское, Пензенская область;58:3:1
Ильминское, Большевьясское, Пензенская область;58:3:2
Кенчурское, Большевьясское, Пензенская область;58:3:3
Качимское-Шугуровское, Кададинское, Пензенская область;58:4:1
Монастырское, Кададинское, Пензенская область;58:4:2
Нижнелиповское-Индерское, Кададинское, Пензенская область;58:4:3
Пензенский лесной колледж, Кададинское, Пензенская область;58:4:4
Сосновоборское-Николо-Барнуковское-Маркинское, Кададинское, Пензенская область;58:4:5
Траханиотовское, Кададинское, Пензенская область;58:4:6
Камешкирское-Порзовское, Камешкирское, Пензенская область;58:5:1
Шаткинское-Лесосадовое, Камешкирское, Пензенская область;58:5:2
Двориковское, Кузнецкое, Пензенская область;58:6:1
Кузнецкое-Комаровское, Кузнецкое, Пензенская область;58:6:2
Неверкинское, Кузнецкое, Пензенская область;58:6:3
Радищевское, Кузнецкое, Пензенская область;58:6:4
Чибирлейское, Кузнецкое, Пензенская область;58:6:5
Веселовское, Ленинское, Пензенская область;58:7:1
Ермоловское-Степное, Ленинское, Пензенская область;58:7:2
Ольшанское, Ленинское, Пензенская область;58:7:3
Степное им.Докучаева, Ленинское, Пензенская область;58:7:4
Барабановское-Наровчатское, Ломовское, Пензенская область;58:8:1
Вадинское-Беднодемьяновское-Кудеяровское, Ломовское, Пензенская область;58:8:2
Нижнеломовское-Верхнеломовское, Ломовское, Пензенская область;58:8:3
Пачелмское-Черкасское, Ломовское, Пензенская область;58:8:4
Даниловское, Лопатинское, Пензенская область;58:9:1
Лопатинское-Козловское, Лопатинское, Пензенская область;58:9:2
Малосердобинское, Лопатинское, Пензенская область;58:9:3
Березовское, Колвинское, Пермский край;59:10:1
Вижайское, Колвинское, Пермский край;59:10:2
Вишерское, Колвинское, Пермский край;59:10:3
Ныробское, Колвинское, Пермский край;59:10:4
Варышано-Чураковское, Косинское, Пермский край;59:11:1
Косинское, Косинское, Пермский край;59:11:2
Чазевское, Косинское, Пермский край;59:11:3
Кочевское, Кочевское, Пермский край;59:12:1
Лологское, Кочевское, Пермский край;59:12:2
Верхне-Язьвинское, Красновишерское, Пермский край;59:13:1
Говорливское, Красновишерское, Пермский край;59:13:2
Красновишерское, Красновишерское, Пермский край;59:13:3
Нижне-Язьвинское, Красновишерское, Пермский край;59:13:4
Пудьвинское, Красновишерское, Пермский край;59:13:5
Северо-Колчимское, Красновишерское, Пермский край;59:13:6
Щугорское, Красновишерское, Пермский край;59:13:7
Верх-Иньвенское, Кудымкарское, Пермский край;59:14:1
Верх-Юсьвинское, Кудымкарское, Пермский край;59:14:2
Визяйское, Кудымкарское, Пермский край;59:14:3
Кувинское, Кудымкарское, Пермский край;59:14:4
Кудымкарское, Кудымкарское, Пермский край;59:14:5
Ошибское, Кудымкарское, Пермский край;59:14:6
Бардымское, Куединское, Пермский край;59:15:1
Куединское, Куединское, Пермский край;59:15:2
Ошьинское, Куединское, Пермский край;59:15:3
Сарашевское, Куединское, Пермский край;59:15:4
Калининское, Кунгурское, Пермский край;59:16:1
Кунгурское, Кунгурское, Пермский край;59:16:2
Ординское, Кунгурское, Пермский край;59:16:3
Пермско-Сергинское, Кунгурское, Пермский край;59:16:4
Кормовищенское, Лысьвенское, Пермский край;59:17:1
Кыновское, Лысьвенское, Пермский край;59:17:2
Соинское, Лысьвенское, Пермский край;59:17:3
Шаквинское, Лысьвенское, Пермский край;59:17:4
Ишимовское, Октябрьское, Пермский край;59:18:1
Ольховское, Октябрьское, Пермский край;59:18:2
Уинское, Октябрьское, Пермский край;59:18:3
Чадское, Октябрьское, Пермский край;59:18:4
Чернушинское, Октябрьское, Пермский край;59:18:5
Щучье-Озерское, Октябрьское, Пермский край;59:18:6
Беляевское, Осинское, Пермский край;59:19:1
Крыловское, Осинское, Пермский край;59:19:2
Осинское, Осинское, Пермский край;59:19:3
Частинское, Осинское, Пермский край;59:19:4
Березниковское, Березниковское, Пермский край;59:1:1
Верх-Кондасское, Березниковское, Пермский край;59:1:2
Пригородное, Березниковское, Пермский край;59:1:3
Романовское, Березниковское, Пермский край;59:1:4
Усольское, Березниковское, Пермский край;59:1:5
Большесосновское, Очерское, Пермский край;59:20:1
Оханское, Очерское, Пермский край;59:20:2
Очерское, Очерское, Пермский край;59:20:3
Кукуштанское, Пермское, Пермский край;59:21:1
Култаевское, Пермское, Пермский край;59:21:2
Лобановское, Пермское, Пермский край;59:21:3
Лядовское, Пермское, Пермский край;59:21:4
Рождественское, Пермское, Пермский край;59:21:5
Верещагинское, Сивинское, Пермский край;59:22:1
Карагайское, Сивинское, Пермский край;59:22:2
Нердвинское, Сивинское, Пермский край;59:22:3
Ново-Михайловское, Сивинское, Пермский край;59:22:4
Сепычевское, Сивинское, Пермский край;59:22:5
Сивинское, Сивинское, Пермский край;59:22:6
Фабричное, Сивинское, Пермский край;59:22:7
Вильвенское, Соликамское, Пермский край;59:23:1
Мошевское, Соликамское, Пермский край;59:23:2
Пармское, Соликамское, Пермский край;59:23:3
Соликамское, Соликамское, Пермский край;59:23:4
Ульвинское, Соликамское, Пермский край;59:23:5
Урольское, Соликамское, Пермский край;59:23:6
Еловское, Чайковское, Пермский край;59:24:1
Михайловское, Чайковское, Пермский край;59:24:2
Сосновское, Чайковское, Пермский край;59:24:3
Степановское, Чайковское, Пермский край;59:24:4
Чайковское, Чайковское, Пермский край;59:24:5
Бондюжское, Чердынское, Пермский край;59:25:1
Камское, Чердынское, Пермский край;59:25:2
Пильвенское, Чердынское, Пермский край;59:25:3
Чердынское, Чердынское, Пермский край;59:25:4
Верхне-Городковское, Чусовское, Пермский край;59:26:1
Вильвенское, Чусовское, Пермский край;59:26:2
Комарихинское, Чусовское, Пермский край;59:26:3
Нижне-Усьвинское, Чусовское, Пермский край;59:26:4
Средне-Усьвинское, Чусовское, Пермский край;59:26:5
Чусовское, Чусовское, Пермский край;59:26:6
Березовское, Юрлинское, Пермский край;59:27:1
Лопанское, Юрлинское, Пермский край;59:27:2
Чусовское, Юрлинское, Пермский край;59:27:3
Юрлинское, Юрлинское, Пермский край;59:27:4
Купросское, Юсьвинское, Пермский край;59:28:1
Пожвинское, Юсьвинское, Пермский край;59:28:2
Тиминское, Юсьвинское, Пермский край;59:28:3
Юсьвинское, Юсьвинское, Пермский край;59:28:4
Усьвинское, ГПЗ Басеги, Пермский край;59:29:1
Коростелевское, ГПЗ Басеги, Пермский край;59:29:2
Акчимское, Вайское, Пермский край;59:2:1
Вайское, Вайское, Пермский край;59:2:2
Велсовское, Вайское, Пермский край;59:2:3
Кутимское, Вайское, Пермский край;59:2:4
Березовское, Веслянское, Пермский край;59:3:1
Веслянское, Веслянское, Пермский край;59:3:2
Усть-Черновское, Веслянское, Пермский край;59:3:3
Верхне-Курьинское, Пермское городское лесничество, Пермский край;59:42:1
Левшинское, Пермское городское лесничество, Пермский край;59:42:2
Мотовилихинское, Пермское городское лесничество, Пермский край;59:42:3
Нижне-Курьинское, Пермское городское лесничество, Пермский край;59:42:4
Ново-Лядовское, Пермское городское лесничество, Пермский край;59:42:5
Черняевское, Пермское городское лесничество, Пермский край;59:42:6
Верхне-Камское, Гайнское, Пермский край;59:4:1
Вурламское, Гайнское, Пермский край;59:4:2
Гайнское, Гайнское, Пермский край;59:4:3
Леманское, Гайнское, Пермский край;59:4:4
Пятигорское, Гайнское, Пермский край;59:4:5
Бисерское, Горнозаводское, Пермский край;59:5:1
Верхне-Усьвинское, Горнозаводское, Пермский край;59:5:2
Вижайское, Горнозаводское, Пермский край;59:5:3
Кусье-Александровское, Горнозаводское, Пермский край;59:5:4
Сарановское, Горнозаводское, Пермский край;59:5:5
Теплогорское, Горнозаводское, Пермский край;59:5:6
Висимское, Добрянское, Пермский край;59:6:1
Голубятское, Добрянское, Пермский край;59:6:2
Добрянское, Добрянское, Пермский край;59:6:3
Милковское, Добрянское, Пермский край;59:6:4
Перемское, Добрянское, Пермский край;59:6:5
Полазненское, Добрянское, Пермский край;59:6:6
Шеметевское, Добрянское, Пермский край;59:6:7
Гайвинское, Закамское, Пермский край;59:7:1
Григорьевское, Закамское, Пермский край;59:7:2
Ильинское, Закамское, Пермский край;59:7:3
Каргинское, Закамское, Пермский край;59:7:4
Краснокамское, Закамское, Пермский край;59:7:5
Нытвенское, Закамское, Пермский край;59:7:6
Чермозское, Закамское, Пермский край;59:7:7
Александровское, Кизеловское, Пермский край;59:8:1
Губахинское, Кизеловское, Пермский край;59:8:2
Кизеловское, Кизеловское, Пермский край;59:8:3
Коспашское, Кизеловское, Пермский край;59:8:4
Чикманское, Кизеловское, Пермский край;59:8:5
Яйвинское, Кизеловское, Пермский край;59:8:6
Асовское, Кишертское, Пермский край;59:9:1
Березовское, Кишертское, Пермский край;59:9:2
Кишертское, Кишертское, Пермский край;59:9:3
Кордонское, Кишертское, Пермский край;59:9:4
Поедугинское, Кишертское, Пермский край;59:9:5
Суксунское, Кишертское, Пермский край;59:9:6
Дубровское, Себежское, Псковская область;60:10:1
Идрицкое, Себежское, Псковская область;60:10:2
Себежское, Себежское, Псковская область;60:10:3
Горское, Стругокрасненское, Псковская область;60:11:1
Новосельское, Стругокрасненское, Псковская область;60:11:2
Ровненское, Стругокрасненское, Псковская область;60:11:3
Стругокрасненское, Стругокрасненское, Псковская область;60:11:4
Ашевское, Бежаницкое, Псковская область;60:1:1
Бежаницкое, Бежаницкое, Псковская область;60:1:2
Локнянское, Бежаницкое, Псковская область;60:1:3
Новоржевское, Бежаницкое, Псковская область;60:1:4
Самолуковское, Бежаницкое, Псковская область;60:1:5
Стехновское, Бежаницкое, Псковская область;60:1:6
Букровское, Великолукское, Псковская область;60:2:1
Великолукское, Великолукское, Псковская область;60:2:2
Жижицкое, Великолукское, Псковская область;60:2:3
Куньинское, Великолукское, Псковская область;60:2:4
Низовское, Великолукское, Псковская область;60:2:5
Новосокольническое, Великолукское, Псковская область;60:2:6
Слепневское, Великолукское, Псковская область;60:2:7
Стайковское, Великолукское, Псковская область;60:2:8
Гдовское, Гдовское, Псковская область;60:3:1
Дубровское, Гдовское, Псковская область;60:3:2
Партизанское, Гдовское, Псковская область;60:3:3
Полновское, Гдовское, Псковская область;60:3:4
Черневское, Гдовское, Псковская область;60:3:5
Псковское муниципальное, Псковское муниципальное, Псковская область;60:40:1
Забельское, Невельское, Псковская область;60:4:1
Калошинское, Невельское, Псковская область;60:4:2
Невельское, Невельское, Псковская область;60:4:3
Пустошкинское, Невельское, Псковская область;60:4:4
Туричинское, Невельское, Псковская область;60:4:5
Усвятское, Невельское, Псковская область;60:4:6
Усть-Долысское, Невельское, Псковская область;60:4:7
Гавровское, Опочецкое, Псковская область;60:5:1
Красногородское, Опочецкое, Псковская область;60:5:2
Опочецкое, Опочецкое, Псковская область;60:5:3
Пригородное, Опочецкое, Псковская область;60:5:4
Пушкиногорское, Опочецкое, Псковская область;60:5:5
Пыталовское, Опочецкое, Псковская область;60:5:6
Воронцовское, Печорское, Псковская область;60:6:1
Островское, Печорское, Псковская область;60:6:2
Палкинское, Печорское, Псковская область;60:6:3
Печорское, Печорское, Псковская область;60:6:4
Староизборское, Печорское, Псковская область;60:6:5
Житковицкое, Плюсское, Псковская область;60:7:1
Заянское, Плюсское, Псковская область;60:7:2
Лядское, Плюсское, Псковская область;60:7:3
Плюсское, Плюсское, Псковская область;60:7:4
Дедовичское, Порховское, Псковская область;60:8:1
Дновское, Порховское, Псковская область;60:8:2
Павское, Порховское, Псковская область;60:8:3
Полистовское, Порховское, Псковская область;60:8:4
Порховское, Порховское, Псковская область;60:8:5
Ваулиногорское, Псковское, Псковская область;60:9:1
Карамышевское, Псковское, Псковская область;60:9:2
Псковское, Псковское, Псковская область;60:9:3
Середкинское, Псковское, Псковская область;60:9:4
Волгодонское, Романовское, Ростовская область;61:10:1
Песчаное, Романовское, Ростовская область;61:10:2
Приморское, Романовское, Ростовская область;61:10:3
Рябичевское, Романовское, Ростовская область;61:10:4
Цимлянское, Романовское, Ростовская область;61:10:5
Манычское, Сальское, Ростовская область;61:11:1
Пролетарское, Сальское, Ростовская область;61:11:2
Сальское, Сальское, Ростовская область;61:11:3
Быстрянское, Селивановское, Ростовская область;61:12:1
Маньковское, Селивановское, Ростовская область;61:12:2
Селивановское, Селивановское, Ростовская область;61:12:3
Багаевское, Семикаракорское, Ростовская область;61:13:1
Семикаракорское, Семикаракорское, Ростовская область;61:13:2
Большинское, Тарасовское, Ростовская область;61:14:1
Грачинское, Тарасовское, Ростовская область;61:14:2
Ефремо-Степановское, Тарасовское, Ростовская область;61:14:3
Криворожское, Тарасовское, Ростовская область;61:14:4
Митякинское, Тарасовское, Ростовская область;61:14:5
Константиновское, Усть-Донецкое, Ростовская область;61:15:1
Крымское, Усть-Донецкое, Ростовская область;61:15:2
Нижне-Кундрюченское, Усть-Донецкое, Ростовская область;61:15:3
Алексеево-Лозовское, Чертковское, Ростовская область;61:16:1
Чертковское, Чертковское, Ростовская область;61:16:2
Атаманское, Шахтинское, Ростовская область;61:17:1
Красносулинское, Шахтинское, Ростовская область;61:17:2
Матвеево-Курганское, Шахтинское, Ростовская область;61:17:3
Антиповское, Шолоховское, Ростовская область;61:18:1
Базковское, Шолоховское, Ростовская область;61:18:2
Вешенское, Шолоховское, Ростовская область;61:18:3
Еланское, Шолоховское, Ростовская область;61:18:4
Колундаевское, Шолоховское, Ростовская область;61:18:5
Боковское, Боковское, Ростовская область;61:1:1
Поповское, Боковское, Ростовская область;61:1:2
Быковское, Верхнедонское, Ростовская область;61:2:1
Дубровское, Верхнедонское, Ростовская область;61:2:2
Ереминское, Верхнедонское, Ростовская область;61:2:3
Казанское, Верхнедонское, Ростовская область;61:2:4
Мещеряковское, Верхнедонское, Ростовская область;61:2:5
Мигулинское, Верхнедонское, Ростовская область;61:2:6
Калитвенское, Донецкое, Ростовская область;61:3:1
Миллеровское, Донецкое, Ростовская область;61:3:2
Фоминское, Донецкое, Ростовская область;61:3:3
Зимовниковское, Зимовниковское, Ростовская область;61:4:1
Орловское, Зимовниковское, Ростовская область;61:4:2
Белокалитвинское, Каменское, Ростовская область;61:5:1
Калитвенское, Каменское, Ростовская область;61:5:2
Каменское, Каменское, Ростовская область;61:5:3
Михайловское, Каменское, Ростовская область;61:5:4
Уляшкинское, Каменское, Ростовская область;61:5:5
Кашарское, Кашарское, Ростовская область;61:6:1
Киевское, Кашарское, Ростовская область;61:6:2
Мартыновское, Мартыновское, Ростовская область;61:7:1
Морозовское, Обливское, Ростовская область;61:8:1
Обливское, Обливское, Ростовская область;61:8:2
Чернышевское, Обливское, Ростовская область;61:8:3
Заветинское, Ремонтненское, Ростовская область;61:9:1
Ремонтненское, Ремонтненское, Ростовская область;61:9:2
Боровское, Первомайское, Рязанская область;62:10:1
Инякинское, Первомайское, Рязанская область;62:10:2
Назаровское, Первомайское, Рязанская область;62:10:3
Путятинское, Первомайское, Рязанская область;62:10:4
Шеметовское, Первомайское, Рязанская область;62:10:5
Горловское, Ряжское, Рязанская область;62:11:1
Милославское, Ряжское, Рязанская область;62:11:2
Ряжское, Ряжское, Рязанская область;62:11:3
Скопинское, Ряжское, Рязанская область;62:11:4
Степное, Ряжское, Рязанская область;62:11:5
Больше-Коровинское, Рязанское, Рязанская область;62:12:1
Михайловское, Рязанское, Рязанская область;62:12:2
Пронское, Рязанское, Рязанская область;62:12:3
Рыбновское, Рязанское, Рязанская область;62:12:4
Рязанское, Рязанское, Рязанская область;62:12:5
Старожиловское, Рязанское, Рязанская область;62:12:6
Садовое, Рязанское, Рязанская область;62:12:7
Батьковское, Сасовское, Рязанская область;62:13:1
Кадомское, Сасовское, Рязанская область;62:13:2
Кустаревское, Сасовское, Рязанская область;62:13:3
Никольское, Сасовское, Рязанская область;62:13:4
Октябрьское, Сасовское, Рязанская область;62:13:5
Пителинское, Сасовское, Рязанская область;62:13:6
Салтыковское, Сасовское, Рязанская область;62:13:7
Щедринское, Сасовское, Рязанская область;62:13:8
Борисковское, Солотчинское, Рязанская область;62:14:1
Деулинское, Солотчинское, Рязанская область;62:14:2
Мурминское, Солотчинское, Рязанская область;62:14:3
Переделецкое, Солотчинское, Рязанская область;62:14:4
Полковское, Солотчинское, Рязанская область;62:14:5
Солотчинское, Солотчинское, Рязанская область;62:14:6
Заборьевское, Солотчинское, Рязанская область;62:14:7
Ижевское, Спасское, Рязанская область;62:15:1
Комсомольское, Спасское, Рязанская область;62:15:2
Кудомское, Спасское, Рязанская область;62:15:3
Павловское, Спасское, Рязанская область;62:15:4
Тонинское, Спасское, Рязанская область;62:15:5
Спасское, Спасское, Рязанская область;62:15:6
Воронцовское, Тумское, Рязанская область;62:16:1
Головановское, Тумское, Рязанская область;62:16:2
Киряевское, Тумское, Рязанская область;62:16:3
Северо-Тумское, Тумское, Рязанская область;62:16:4
Южно-Тумское, Тумское, Рязанская область;62:16:5
Бабакинское, Шацкое, Рязанская область;62:17:1
Кермисинское, Шацкое, Рязанская область;62:17:2
Подгорновское, Шацкое, Рязанская область;62:17:3
Пролетарское, Шацкое, Рязанская область;62:17:4
Шацкое, Шацкое, Рязанская область;62:17:5
Ямбирнское, Шацкое, Рязанская область;62:17:6
Кирицкое, Шелуховское, Рязанская область;62:18:1
Красенское, Шелуховское, Рязанская область;62:18:2
Песоченское, Шелуховское, Рязанская область;62:18:3
Сапожковское, Шелуховское, Рязанская область;62:18:4
Чернореченское, Шелуховское, Рязанская область;62:18:5
Ухорское, Шелуховское, Рязанская область;62:18:6
Новосельское, Шиловское, Рязанская область;62:19:1
Северное, Шиловское, Рязанская область;62:19:2
Центральное, Шиловское, Рязанская область;62:19:3
Южное, Шиловское, Рязанская область;62:19:4
Алексеевское, Бельковское, Рязанская область;62:1:1
Былинское, Бельковское, Рязанская область;62:1:2
Гиблицкое, Бельковское, Рязанская область;62:1:3
Гусевское, Бельковское, Рязанская область;62:1:4
Озерное, Бельковское, Рязанская область;62:1:5
Чарусское, Бельковское, Рязанская область;62:1:6
Чаурское, Бельковское, Рязанская область;62:1:7
Комсомольское, ГПБЗ Окский, Рязанская область;62:20:1
Куршинское, ГПБЗ Окский, Рязанская область;62:20:2
Чарусское, ГПБЗ Окский, Рязанская область;62:20:3
Центральное, ГПБЗ Окский, Рязанская область;62:20:4
Лакашинское, ГПБЗ Окский, Рязанская область;62:20:5
Гришинское, НП Мещерский, Рязанская область;62:21:1
Клепиковское, НП Мещерский, Рязанская область;62:21:2
Озерное, НП Мещерский, Рязанская область;62:21:3
Прудковское, НП Мещерский, Рязанская область;62:21:4
Тюковское, НП Мещерский, Рязанская область;62:21:5
Веряевское, Ерахтурское, Рязанская область;62:2:1
Ерахтурское, Ерахтурское, Рязанская область;62:2:2
Комсомольское, Ерахтурское, Рязанская область;62:2:3
Увязское, Ерахтурское, Рязанская область;62:2:4
Ермишинское, Ермишинское, Рязанская область;62:3:1
Луговое, Ермишинское, Рязанская область;62:3:2
Мердушинское, Ермишинское, Рязанская область;62:3:3
Некрасовское, Ермишинское, Рязанская область;62:3:4
Октябрьское, Ермишинское, Рязанская область;62:3:5
Белозерское, Касимовское, Рязанская область;62:4:1
Долговское, Касимовское, Рязанская область;62:4:2
Елатомское, Касимовское, Рязанская область;62:4:3
Пригородное, Касимовское, Рязанская область;62:4:4
Сосновское, Касимовское, Рязанская область;62:4:5
Токаревское, Касимовское, Рязанская область;62:4:6
Бусаевское, Клепиковское, Рязанская область;62:5:1
Клепиковское, Клепиковское, Рязанская область;62:5:2
Колесниковское, Клепиковское, Рязанская область;62:5:3
Оськинское, Клепиковское, Рязанская область;62:5:4
Запольское, Кораблинское, Рязанская область;62:6:1
Кораблинское, Кораблинское, Рязанская область;62:6:2
Ухоловское, Кораблинское, Рязанская область;62:6:3
Пустотинское, Кораблинское, Рязанская область;62:6:4
Белоборское, Криушинское, Рязанская область;62:7:1
Вандовское, Криушинское, Рязанская область;62:7:2
Криушинское, Криушинское, Рязанская область;62:7:3
Малиновское, Криушинское, Рязанская область;62:7:4
Хворостовское, Криушинское, Рязанская область;62:7:5
Белореченское, Можарское, Рязанская область;62:8:1
Борецкое, Можарское, Рязанская область;62:8:2
Можарское, Можарское, Рязанская область;62:8:3
Сараевское, Можарское, Рязанская область;62:8:4
Сысоевское, Можарское, Рязанская область;62:8:5
Ширинское, Можарское, Рязанская область;62:8:6
Дмитриевское, Нижне-Окское, Рязанская область;62:9:1
Зареченское, Нижне-Окское, Рязанская область;62:9:2
Ибердусское, Нижне-Окское, Рязанская область;62:9:3
Задельненское, Ново-Буянское, Самарская область;63:10:1
Ново-Буянское, Ново-Буянское, Самарская область;63:10:2
Старобинарадское, Ново-Буянское, Самарская область;63:10:3
Узюковское, Ново-Буянское, Самарская область;63:10:4
Кротковское, Похвистневское, Самарская область;63:11:1
Подбельское, Похвистневское, Самарская область;63:11:2
Сосновское, Похвистневское, Самарская область;63:11:3
Ятманское, Похвистневское, Самарская область;63:11:4
Балашейское, Рачейское, Самарская область;63:12:1
Рачейское, Рачейское, Самарская область;63:12:2
Сызранское, Рачейское, Самарская область;63:12:3
Троицкое, Рачейское, Самарская область;63:12:4
Аделяковское, Сергиевское, Самарская область;63:13:1
Исаклинское, Сергиевское, Самарская область;63:13:2
Красногородецкое, Сергиевское, Самарская область;63:13:3
Микушкинское, Сергиевское, Самарская область;63:13:4
Сергиевское, Сергиевское, Самарская область;63:13:5
Чекалинское, Сергиевское, Самарская область;63:13:6
Мусорское, Ставропольское, Самарская область;63:14:1
Федоровское, Ставропольское, Самарская область;63:14:2
Ягодинское, Ставропольское, Самарская область;63:14:3
Денискинское, Шенталинское, Самарская область;63:15:1
Канашское, Шенталинское, Самарская область;63:15:2
Ново-Кувакское, Шенталинское, Самарская область;63:15:3
Тархановское, Шенталинское, Самарская область;63:15:4
Шенталинское, Шенталинское, Самарская область;63:15:5
Кузькинское, Шигонское, Самарская область;63:16:1
Львовское, Шигонское, Самарская область;63:16:2
Новодевиченское, Шигонское, Самарская область;63:16:3
Усольское, Шигонское, Самарская область;63:16:4
Безенчукское, Безенчукское, Самарская область;63:1:1
Приволжское, Безенчукское, Самарская область;63:1:2
Хворостянское, Безенчукское, Самарская область;63:1:3
Васильевское, Тольяттинское, Самарская область;63:29:1
Тольяттинское, Тольяттинское, Самарская область;63:29:2
Большеглушицкое, Большеглушицкое, Самарская область;63:2:1
Большечерниговское, Большеглушицкое, Самарская область;63:2:2
Пестравское, Большеглушицкое, Самарская область;63:2:3
Дубовоуметское, Волжское, Самарская область;63:3:1
Красноармейское, Волжское, Самарская область;63:3:2
Новокуйбышевское, Волжское, Самарская область;63:3:3
Самарское, Волжское, Самарская область;63:3:4
Чапаевское, Волжское, Самарская область;63:3:5
Богдановское, Кинельское, Самарская область;63:4:1
Кинельское, Кинельское, Самарская область;63:4:2
Красносамарское, Кинельское, Самарская область;63:4:3
Советское, Кинельское, Самарская область;63:4:4
Кинель-Черкасское, Кинель-Черкасское, Самарская область;63:5:1
Сарбайское, Кинель-Черкасское, Самарская область;63:5:2
Тимашевское, Кинель-Черкасское, Самарская область;63:5:3
Бор-Игарское, Клявлинское, Самарская область;63:6:1
Камышлинское, Клявлинское, Самарская область;63:6:2
Клявлинское, Клявлинское, Самарская область;63:6:3
Елховское, Кошкинское, Самарская область;63:7:1
Кошкинское, Кошкинское, Самарская область;63:7:2
Большекаменское, Красноярское, Самарская область;63:8:1
Большецаревщинское, Красноярское, Самарская область;63:8:2
Красноярское, Красноярское, Самарская область;63:8:3
Шиланское, Красноярское, Самарская область;63:8:4
Алексеевское, Нефтегорское, Самарская область;63:9:1
Богатовское, Нефтегорское, Самарская область;63:9:2
Борское, Нефтегорское, Самарская область;63:9:3
Утевское, Нефтегорское, Самарская область;63:9:4
Бакурское, Екатериновское, Саратовская область;64:10:1
Екатериновское, Екатериновское, Саратовская область;64:10:2
Дергачевское, Ершовское, Саратовская область;64:11:1
Ершовское, Ершовское, Саратовская область;64:11:2
Краснопартизанское, Ершовское, Саратовская область;64:11:3
Озинское, Ершовское, Саратовская область;64:11:4
Федоровское, Ершовское, Саратовская область;64:11:5
Ахтубинское, Калининское, Саратовская область;64:12:1
Калининское, Калининское, Саратовская область;64:12:2
Золотовское, Красноармейское, Саратовская область;64:13:1
Красноармейское, Красноармейское, Саратовская область;64:13:2
Мордовинское, Красноармейское, Саратовская область;64:13:3
Нижнебанновское, Красноармейское, Саратовская область;64:13:4
Лысогорское, Лысогорское, Саратовская область;64:14:1
Урицкое, Лысогорское, Саратовская область;64:14:2
Владыкинское, Макаровское, Саратовская область;64:15:1
Красноярское, Макаровское, Саратовская область;64:15:2
Макаровское, Макаровское, Саратовская область;64:15:3
Марксовское, Марксовское, Саратовская область;64:16:1
Подлесновское, Марксовское, Саратовская область;64:16:2
Лоховское, Новобурасское, Саратовская область;64:17:1
Новобурасское, Новобурасское, Саратовская область;64:17:2
Тепловское, Новобурасское, Саратовская область;64:17:3
Ножкинское, Петровское, Саратовская область;64:18:1
Сосновоборское, Петровское, Саратовская область;64:18:2
Бартеневское, Пугачевское, Саратовская область;64:19:1
Перелюбское, Пугачевское, Саратовская область;64:19:2
Пугачевское, Пугачевское, Саратовская область;64:19:3
Старо-Порубежское, Пугачевское, Саратовская область;64:19:4
Чапаевское, Пугачевское, Саратовская область;64:19:5
Яблонево-Гайское, Пугачевское, Саратовская область;64:19:6
Ильменское, Аркадакское, Саратовская область;64:1:1
Роговское, Аркадакское, Саратовская область;64:1:2
Турковское, Аркадакское, Саратовская область;64:1:3
Больше-Карайское, Романовское, Саратовская область;64:20:1
Инясевское, Романовское, Саратовская область;64:20:2
Романовское, Романовское, Саратовская область;64:20:3
Поповское, Саратовское, Саратовская область;64:21:1
Пригородное, Саратовское, Саратовская область;64:21:2
Саратовское, Саратовское, Саратовская область;64:21:3
Синеньское, Саратовское, Саратовская область;64:21:4
Усть-Курдюмское, Саратовское, Саратовская область;64:21:5
Белогродненское, Усовское, Саратовская область;64:22:1
Усовское, Усовское, Саратовская область;64:22:2
Колоярское, Черкасское, Саратовская область;64:23:1
Покурлейское, Черкасское, Саратовская область;64:23:2
Черкасское, Черкасское, Саратовская область;64:23:3
Гремячинское, Ширококарамышское, Саратовская область;64:24:1
Невежкинское, Ширококарамышское, Саратовская область;64:24:2
Ширококарамышское, Ширококарамышское, Саратовская область;64:24:3
Красноярское, Энгельсское, Саратовская область;64:25:1
Приволжское, Энгельсское, Саратовская область;64:25:2
Ровенское, Энгельсское, Саратовская область;64:25:3
Энгельсское, Энгельсское, Саратовская область;64:25:4
Алексеевское, НП Хвалынский, Саратовская область;64:26:1
Сосново-Мазинское, НП Хвалынский, Саратовская область;64:26:2
Хвалынское, НП Хвалынский, Саратовская область;64:26:3
Без деления на участковые лесничества, Энгельское городское лесничество, Саратовская область;64:27:00
Аткарское, Аткарское, Саратовская область;64:2:1
Озерное, Аткарское, Саратовская область;64:2:2
Песчанское, Аткарское, Саратовская область;64:2:3
Алексеевское, Базарно-Карабулакское, Саратовская область;64:3:1
Биклейское, Базарно-Карабулакское, Саратовская область;64:3:2
Вязовское, Базарно-Карабулакское, Саратовская область;64:3:3
Липовское, Базарно-Карабулакское, Саратовская область;64:3:4
Нееловское, Базарно-Карабулакское, Саратовская область;64:3:5
Балаковское, Балаковское, Саратовская область;64:4:1
Духовницкое, Балаковское, Саратовская область;64:4:2
Плехановское, Балаковское, Саратовская область;64:4:3
Алмазовское, Балашовское, Саратовская область;64:5:1
Балашовское, Балашовское, Саратовская область;64:5:2
Падовское, Балашовское, Саратовская область;64:5:3
Самойловское, Балашовское, Саратовская область;64:5:4
Без деления на участковые лесничеста, Петровское городское лесничество, Саратовская область;64:61:00
Без деления на участковые лесничества, Пугачевское городское лесничество, Саратовская область;64:64:00
Балтайское, Балтайское, Саратовская область;64:6:1
Барнуковское, Балтайское, Саратовская область;64:6:2
Калининское, Балтайское, Саратовская область;64:6:3
Городское, Вольское, Саратовская область;64:7:1
Куликовское, Вольское, Саратовская область;64:7:2
Октябрьское, Вольское, Саратовская область;64:7:3
Первомайское, Вольское, Саратовская область;64:7:4
Вязовское, Вязовское, Саратовская область;64:8:1
Кологривовское, Вязовское, Саратовская область;64:8:2
Мизино-Лапшиновское, Вязовское, Саратовская область;64:8:3
Ягодно-Полянское, Вязовское, Саратовская область;64:8:4
Комсомольское, Дьяковское, Саратовская область;64:9:1
Новоузенское, Дьяковское, Саратовская область;64:9:2
Питерское, Дьяковское, Саратовская область;64:9:3
Охинское, Охинское, Сахалинская область;65:10:1
Рыбновское, Охинское, Сахалинская область;65:10:2
Тунгорское, Охинское, Сахалинская область;65:10:3
Гастелловское, Поронайское, Сахалинская область;65:11:1
Леонидовское, Поронайское, Сахалинская область;65:11:2
Лермонтовское, Поронайское, Сахалинская область;65:11:3
Трудовое, Поронайское, Сахалинская область;65:11:4
Буюкловское, Смирныховское, Сахалинская область;65:12:1
Онорское, Смирныховское, Сахалинская область;65:12:2
Первомайское, Смирныховское, Сахалинская область;65:12:3
Пограничное, Смирныховское, Сахалинская область;65:12:4
Смирныховское, Смирныховское, Сахалинская область;65:12:5
Адо-Тымовское, Тымовское, Сахалинская область;65:13:1
Арги-Пагинское, Тымовское, Сахалинская область;65:13:2
Верхне-Тымовское, Тымовское, Сахалинская область;65:13:3
Мало-Тымовское, Тымовское, Сахалинская область;65:13:4
Тауланское, Тымовское, Сахалинская область;65:13:5
Тымовское, Тымовское, Сахалинская область;65:13:6
Бошняковское, Углегорское, Сахалинская область;65:14:1
Углегорское, Углегорское, Сахалинская область;65:14:2
Костромское, Холмское, Сахалинская область;65:15:1
Холмское, Холмское, Сахалинская область;65:15:2
Южно-Курильское, Южно-Курильское, Сахалинская область;65:16:1
Синегорское, Южно-Сахалинское, Сахалинская область;65:17:1
Южно-Сахалинское, Южно-Сахалинское, Сахалинская область;65:17:2
Агневское, Александровское, Сахалинская область;65:1:1
Александровское, Александровское, Сахалинская область;65:1:2
Хоэнское, Александровское, Сахалинская область;65:1:3
Анивское, Анивское, Сахалинская область;65:2:1
Таранайское, Анивское, Сахалинская область;65:2:2
Долинское, Долинское, Сахалинская область;65:3:1
Фирсовское, Долинское, Сахалинская область;65:3:2
Корсаковское, Корсаковское, Сахалинская область;65:4:1
Озерское, Корсаковское, Сахалинская область;65:4:2
Охотское, Корсаковское, Сахалинская область;65:4:3
Ильинское, Красногорское, Сахалинская область;65:5:1
Красногорское, Красногорское, Сахалинская область;65:5:2
Курильское, Курильское, Сахалинская область;65:6:1
Макаровское, Макаровское, Сахалинская область;65:7:1
Пореченское, Макаровское, Сахалинская область;65:7:2
Невельское, Невельское, Сахалинская область;65:8:1
Шебунинское, Невельское, Сахалинская область;65:8:2
Катанглийское, Ногликское, Сахалинская область;65:9:1
Ногликское, Ногликское, Сахалинская область;65:9:2
Чайвинское, Ногликское, Сахалинская область;65:9:3
Волковское, Ирбитское, Свердловская область;66:10:1
Горкинское, Ирбитское, Свердловская область;66:10:2
Зайковское, Ирбитское, Свердловская область;66:10:3
Знаменское, Ирбитское, Свердловская область;66:10:4
Ирбитское, Ирбитское, Свердловская область;66:10:5
Лопатковское, Ирбитское, Свердловская область;66:10:6
Ницинское, Ирбитское, Свердловская область;66:10:7
Городское, Камышловское, Свердловская область;66:11:1
Камышловское, Камышловское, Свердловская область;66:11:2
Пульниковское, Камышловское, Свердловская область;66:11:3
Пышминское, Камышловское, Свердловская область;66:11:4
Четкаринское, Камышловское, Свердловская область;66:11:5
Веселовское, Карпинское, Свердловская область;66:12:1
Волчанское, Карпинское, Свердловская область;66:12:2
Всеволодское, Карпинское, Свердловская область;66:12:3
Городское, Карпинское, Свердловская область;66:12:4
Краснотурьинское, Карпинское, Свердловская область;66:12:5
Кытлымское, Карпинское, Свердловская область;66:12:6
Петропавловское, Карпинское, Свердловская область;66:12:7
Сосновское, Карпинское, Свердловская область;66:12:8
Черемуховское, Карпинское, Свердловская область;66:12:9
Артинское, Красноуфимское, Свердловская область;66:13:1
Саргаинское, Красноуфимское, Свердловская область;66:13:10
Усть-Машское, Красноуфимское, Свердловская область;66:13:11
Афанасьевское, Красноуфимское, Свердловская область;66:13:2
Ачитское, Красноуфимское, Свердловская область;66:13:3
Ключевское, Красноуфимское, Свердловская область;66:13:4
Нижне-Иргинское, Красноуфимское, Свердловская область;66:13:5
Нижне-Саранинское, Красноуфимское, Свердловская область;66:13:6
Поташкинское, Красноуфимское, Свердловская область;66:13:7
Пригородное, Красноуфимское, Свердловская область;66:13:8
Сажинское, Красноуфимское, Свердловская область;66:13:9
Азиатское, Кушвинское, Свердловская область;66:14:1
Баранчинское, Кушвинское, Свердловская область;66:14:2
Верхне-Салдинское, Кушвинское, Свердловская область;66:14:3
Красноуральское, Кушвинское, Свердловская область;66:14:4
Кушвинское, Кушвинское, Свердловская область;66:14:5
Нижне-Салдинское, Кушвинское, Свердловская область;66:14:6
Салдинское, Кушвинское, Свердловская область;66:14:7
Аятское, Невьянское, Свердловская область;66:15:1
Верх-Нейвинское, Невьянское, Свердловская область;66:15:2
Заозерное, Невьянское, Свердловская область;66:15:3
Кировградское, Невьянское, Свердловская область;66:15:4
Левихинское, Невьянское, Свердловская область;66:15:5
Невьянское, Невьянское, Свердловская область;66:15:6
Новоуральское, Невьянское, Свердловская область;66:15:7
Осиновское, Невьянское, Свердловская область;66:15:8
Таватуйское, Невьянское, Свердловская область;66:15:9
Бардымское, Нижне-Сергинское, Свердловская область;66:16:1
Бисертское, Нижне-Сергинское, Свердловская область;66:16:2
Верхнесергинское, Нижне-Сергинское, Свердловская область;66:16:3
Заречное, Нижне-Сергинское, Свердловская область;66:16:4
Кленовское, Нижне-Сергинское, Свердловская область;66:16:5
Михайловское, Нижне-Сергинское, Свердловская область;66:16:6
Первомайское, Нижне-Сергинское, Свердловская область;66:16:7
Башкарское, Нижне-Тагильское, Свердловская область;66:17:1
Усть-Уткинское, Нижне-Тагильское, Свердловская область;66:17:10
Висимское, Нижне-Тагильское, Свердловская область;66:17:2
Городское, Нижне-Тагильское, Свердловская область;66:17:3
Красноуральское, Нижне-Тагильское, Свердловская область;66:17:4
Николо-Павловское, Нижне-Тагильское, Свердловская область;66:17:5
Петрокаменское, Нижне-Тагильское, Свердловская область;66:17:6
Серебрянское, Нижне-Тагильское, Свердловская область;66:17:7
Синегорское, Нижне-Тагильское, Свердловская область;66:17:8
Уральское, Нижне-Тагильское, Свердловская область;66:17:9
Коноплянское, Ново-Лялинское, Свердловская область;66:18:1
Отвинское, Ново-Лялинское, Свердловская область;66:18:2
Павдинское, Ново-Лялинское, Свердловская область;66:18:3
Старолялинское, Ново-Лялинское, Свердловская область;66:18:4
Глинское, Режевское, Свердловская область;66:19:1
Липовское, Режевское, Свердловская область;66:19:2
Озерское, Режевское, Свердловская область;66:19:3
Режевское, Режевское, Свердловская область;66:19:4
Алапаевское, Алапаевское, Свердловская область;66:1:1
Ясашинское, Алапаевское, Свердловская область;66:1:10
Асбестовское, Алапаевское, Свердловская область;66:1:2
Западное, Алапаевское, Свердловская область;66:1:3
Зенковское, Алапаевское, Свердловская область;66:1:4
Кировское, Алапаевское, Свердловская область;66:1:5
Коптеловское, Алапаевское, Свердловская область;66:1:6
Махневское, Алапаевское, Свердловская область;66:1:7
Нейво-Шайтанское, Алапаевское, Свердловская область;66:1:8
Рагозинское, Алапаевское, Свердловская область;66:1:9
Каменское, Свердловское, Свердловская область;66:20:1
Косулинское, Свердловское, Свердловская область;66:20:2
Маминское, Свердловское, Свердловская область;66:20:3
Покровское, Свердловское, Свердловская область;66:20:4
Режиковское, Свердловское, Свердловская область;66:20:5
Черноусовское, Свердловское, Свердловская область;66:20:6
Андриановское, Серовское, Свердловская область;66:21:1
Красноярское, Серовское, Свердловская область;66:21:2
Серовское, Серовское, Свердловская область;66:21:3
Танковское, Серовское, Свердловская область;66:21:4
Филькинское, Серовское, Свердловская область;66:21:5
Гаранинское, Синячихинское, Свердловская область;66:22:1
Кумарьинское, Синячихинское, Свердловская область;66:22:2
Муратковское, Синячихинское, Свердловская область;66:22:3
Санкинское, Синячихинское, Свердловская область;66:22:4
Синячихинское, Синячихинское, Свердловская область;66:22:5
Кошайское, Сотринское, Свердловская область;66:23:1
Нижне-Озерное, Сотринское, Свердловская область;66:23:2
Первомайское, Сотринское, Свердловская область;66:23:3
Предтурьинское, Сотринское, Свердловская область;66:23:4
Сосьвинское, Сотринское, Свердловская область;66:23:5
Сотринское, Сотринское, Свердловская область;66:23:6
Алтынайское, Сухоложское, Свердловская область;66:24:1
Асбестовское, Сухоложское, Свердловская область;66:24:2
Богдановичское, Сухоложское, Свердловская область;66:24:3
Винокурское, Сухоложское, Свердловская область;66:24:4
Грязновское, Сухоложское, Свердловская область;66:24:5
Курьинское, Сухоложское, Свердловская область;66:24:6
Пригородное, Сухоложское, Свердловская область;66:24:7
Рефтинское, Сухоложское, Свердловская область;66:24:8
Верх-Сысертское, Сысертское, Свердловская область;66:25:1
Кашинское, Сысертское, Свердловская область;66:25:2
Пионерское, Сысертское, Свердловская область;66:25:3
Полдневское, Сысертское, Свердловская область;66:25:4
Полевское, Сысертское, Свердловская область;66:25:5
Северское, Сысертское, Свердловская область;66:25:6
Сысертское, Сысертское, Свердловская область;66:25:7
Центральное, Сысертское, Свердловская область;66:25:8
Александровское, Таборинское, Свердловская область;66:26:1
Озерское, Таборинское, Свердловская область;66:26:2
Таборинское, Таборинское, Свердловская область;66:26:3
Чешское, Таборинское, Свердловская область;66:26:4
Чунь-Чешское, Таборинское, Свердловская область;66:26:5
Городское, Тавдинское, Свердловская область;66:27:1
Им. Павлика Морозова, Тавдинское, Свердловская область;66:27:2
Карабашевское, Тавдинское, Свердловская область;66:27:3
Матюшинское, Тавдинское, Свердловская область;66:27:4
Тавдинское, Тавдинское, Свердловская область;66:27:5
Боровское, Талицкое, Свердловская область;66:28:1
Буткинское, Талицкое, Свердловская область;66:28:2
Вновь-Юрмытское, Талицкое, Свердловская область;66:28:3
Еланское, Талицкое, Свердловская область;66:28:4
Луговское, Талицкое, Свердловская область;66:28:5
Троицкое, Талицкое, Свердловская область;66:28:6
Ертарское, Тугулымское, Свердловская область;66:29:1
Луговское, Тугулымское, Свердловская область;66:29:2
Северное, Тугулымское, Свердловская область;66:29:3
Тугулымское, Тугулымское, Свердловская область;66:29:4
Южное, Тугулымское, Свердловская область;66:29:5
Юшалинское, Тугулымское, Свердловская область;66:29:6
Байкаловское, Байкаловское, Свердловская область;66:2:1
Еланское, Байкаловское, Свердловская область;66:2:2
Куминовское, Байкаловское, Свердловская область;66:2:3
Ницинское, Байкаловское, Свердловская область;66:2:4
Слободо-Туринское, Байкаловское, Свердловская область;66:2:5
Усть-Ницинское, Байкаловское, Свердловская область;66:2:6
Благовещенское, Туринское, Свердловская область;66:30:1
Ленское, Туринское, Свердловская область;66:30:2
Сарагульское, Туринское, Свердловская область;66:30:3
Туринское, Туринское, Свердловская область;66:30:4
Шарыгинское, Туринское, Свердловская область;66:30:5
Вогульское, Шалинское, Свердловская область;66:31:1
Восточное, Шалинское, Свердловская область;66:31:2
Илимское, Шалинское, Свердловская область;66:31:3
Староуткинское, Шалинское, Свердловская область;66:31:4
Уньское, Шалинское, Свердловская область;66:31:5
Урминское, Шалинское, Свердловская область;66:31:6
Шалинское, Шалинское, Свердловская область;66:31:7
Шамарское, Шалинское, Свердловская область;66:31:8
Без деления на участковые лесничества, ГПЗ Денежкин Камень, Свердловская область;66:33:00
Бородинское, Карелинское, Свердловская область;66:35:1
Верхотурское, Карелинское, Свердловская область;66:35:2
Косолманское, Карелинское, Свердловская область;66:35:3
Балтымское, Березовское, Свердловская область;66:3:1
Березовское, Березовское, Свердловская область;66:3:2
Лосиновское, Березовское, Свердловская область;66:3:3
Монетное, Березовское, Свердловская область;66:3:4
Мостовское, Березовское, Свердловская область;66:3:5
Пышминское, Березовское, Свердловская область;66:3:6
Среднеуральское, Березовское, Свердловская область;66:3:7
Без деления на участковые лесничества, Березовское городское, Свердловская область;66:44:00
Большой мыс, Верхнесалдинское лесопарковое, Свердловская область;66:45:1
Билимбаевское, Билимбаевское, Свердловская область;66:4:1
Северское, Билимбаевское, Свердловская область;66:4:10
Дегтярское, Билимбаевское, Свердловская область;66:4:2
Кузинское, Билимбаевское, Свердловская область;66:4:3
Мариинское, Билимбаевское, Свердловская область;66:4:4
Новоуткинское, Билимбаевское, Свердловская область;66:4:5
Октябрьское, Билимбаевское, Свердловская область;66:4:6
Первоуральское, Билимбаевское, Свердловская область;66:4:7
Подволошинское, Билимбаевское, Свердловская область;66:4:8
Ревдинское, Билимбаевское, Свердловская область;66:4:9
Без деления на участковые лесничества, Зареченское городское, Свердловская область;66:51:00
го Каменск-Уральский, го Каменск-Уральский, Свердловская область;66:53:1
Без деления на участковые лесничества, Карпинское городское, Свердловская область;66:54:00
Нижнесалдинская кедровая роща, Нижнесалдинское лесопарковое, Свердловская область;66:58:1
Махонин мыс, Нижнесалдинское лесопарковое, Свердловская область;66:58:2
Без деления на участковые лесничества, Первоуральское городское, Свердловская область;66:59:00
Решетское, Верх-Исетское, Свердловская область;66:5:1
Чусовское, Верх-Исетское, Свердловская область;66:5:2
Горнощитское, Верх-Исетское, Свердловская область;66:5:3
Мало-Истокское, Верх-Исетское, Свердловская область;66:5:4
Без деления на участковые лесничества, го Ревда, Свердловская область;66:60:00
Без деления на участковые лесничества, Нижнетагильское городское, Свердловская область;66:62:00
Верхотурское, Верхотурское, Свердловская область;66:6:1
Качканарское, Верхотурское, Свердловская область;66:6:2
Косолманское, Верхотурское, Свердловская область;66:6:3
Нижнетуринское, Верхотурское, Свердловская область;66:6:4
Прокоп-Салдинское, Верхотурское, Свердловская область;66:6:5
Ступинское, Верхотурское, Свердловская область;66:6:6
Кушвинское городское, Кушвинское городское, Свердловская область;66:72:1
Верх-Исетское, Екатеринбургское, Свердловская область;66:74:1
Парковое, Екатеринбургское, Свердловская область;66:74:2
Городское, Екатеринбургское, Свердловская область;66:74:3
Мало-Истокское, Екатеринбургское, Свердловская область;66:74:4
Широкореченское, Екатеринбургское, Свердловская область;66:74:5
Чусовское, Екатеринбургское, Свердловская область;66:74:6
Андрюшинское, Гаринское, Свердловская область;66:7:1
Вагильское, Гаринское, Свердловская область;66:7:2
Гаринское, Гаринское, Свердловская область;66:7:3
Кузнецовское, Гаринское, Свердловская область;66:7:4
Ликинское, Гаринское, Свердловская область;66:7:5
Пелымское, Гаринское, Свердловская область;66:7:6
Шабуровское, Гаринское, Свердловская область;66:7:7
Без деления на участковые лесничества, Новоуральское городское, Свердловская область;66:80:00
Артемовское, Егоршинское, Свердловская область;66:8:1
Буланашское, Егоршинское, Свердловская область;66:8:2
Красногвардейское, Егоршинское, Свердловская область;66:8:3
Лебедкинское, Егоршинское, Свердловская область;66:8:4
Без деления на участковые лесничества, Талицкое городское лесничество, Свердловская область;66:91:00
Тугулымское городское, Тугулымское городское, Свердловская область;66:92:1
Шувакишское, Екатеринбургское лесопарковое, Свердловская область;66:95:1
Мало-Истокское, Екатеринбургское лесопарковое, Свердловская область;66:95:10
Юго-Западное, Екатеринбургское лесопарковое, Свердловская область;66:95:11
Уктусское, Екатеринбургское лесопарковое, Свердловская область;66:95:12
Нижне-Исетское, Екатеринбургское лесопарковое, Свердловская область;66:95:13
Южное, Екатеринбургское лесопарковое, Свердловская область;66:95:14
им. В. В. Маяковского, Екатеринбургское лесопарковое, Свердловская область;66:95:15
Железнодорожное, Екатеринбургское лесопарковое, Свердловская область;66:95:2
Оброшинское, Екатеринбургское лесопарковое, Свердловская область;66:95:3
Московское, Екатеринбургское лесопарковое, Свердловская область;66:95:4
Калиновское, Екатеринбургское лесопарковое, Свердловская область;66:95:5
Шарташское, Екатеринбургское лесопарковое, Свердловская область;66:95:6
Санаторное, Екатеринбургское лесопарковое, Свердловская область;66:95:7
им. Лесоводов России, Екатеринбургское лесопарковое, Свердловская область;66:95:8
Карасье-Озерское, Екатеринбургское лесопарковое, Свердловская область;66:95:9
Без деления на участковые лесничества, Волчанское городское, Свердловская область;66:97:00
Атымское, Ивдельское, Свердловская область;66:9:1
Тошемское, Ивдельское, Свердловская область;66:9:10
Бурмантовское, Ивдельское, Свердловская область;66:9:2
Вижайское, Ивдельское, Свердловская область;66:9:3
Ивдельское, Ивдельское, Свердловская область;66:9:4
Лаксийское, Ивдельское, Свердловская область;66:9:5
Лангурское, Ивдельское, Свердловская область;66:9:6
Митяевское, Ивдельское, Свердловская область;66:9:7
Оусское, Ивдельское, Свердловская область;66:9:8
Пелымское, Ивдельское, Свердловская область;66:9:9
Кардымовское, Кардымовское, Смоленская область;67:10:1
Шокинское, Кардымовское, Смоленская область;67:10:2
Кармановское, Кармановское, Смоленская область;67:11:1
Кармановское сельское, Кармановское, Смоленская область;67:11:2
Самуйловское, Кармановское, Смоленская область;67:11:3
Гусинское, Краснинское, Смоленская область;67:12:1
Краснинское, Краснинское, Смоленская область;67:12:2
Любавичское, Краснинское, Смоленская область;67:12:3
Малеевское, Краснинское, Смоленская область;67:12:4
Перховское, Краснинское, Смоленская область;67:12:5
Монастырщинское, Монастырщинское, Смоленская область;67:13:1
Монастырщинское сельское, Монастырщинское, Смоленская область;67:13:2
Болшевское, Новодугинское, Смоленская область;67:14:1
Днепровское, Новодугинское, Смоленская область;67:14:2
Загон, Новодугинское, Смоленская область;67:14:3
Новодугинское, Новодугинское, Смоленская область;67:14:4
Новодугинское сельское, Новодугинское, Смоленская область;67:14:5
Приднепровское, Новодугинское, Смоленская область;67:14:6
Торбеевское, Новодугинское, Смоленская область;67:14:7
Хвощеватовское, Новодугинское, Смоленская область;67:14:8
Беликское, Починковское, Смоленская область;67:15:1
Ельнинское, Починковское, Смоленская область;67:15:2
Починковское, Починковское, Смоленская область;67:15:3
Рославльское, Починковское, Смоленская область;67:15:4
Стодолищенское, Починковское, Смоленская область;67:15:5
Громашовское, Рославльское, Смоленская область;67:16:1
Савеевское сельское, Рославльское, Смоленская область;67:16:10
Дружба, Рославльское, Смоленская область;67:16:2
Екимовичское, Рославльское, Смоленская область;67:16:3
Заря, Рославльское, Смоленская область;67:16:4
Колпинское, Рославльское, Смоленская область;67:16:5
Красниковское, Рославльское, Смоленская область;67:16:6
Кургановское, Рославльское, Смоленская область;67:16:7
Рославльское, Рославльское, Смоленская область;67:16:8
Савеевское, Рославльское, Смоленская область;67:16:9
Голынковское, Руднянское, Смоленская область;67:17:1
Красновское, Руднянское, Смоленская область;67:17:2
Понизовское, Руднянское, Смоленская область;67:17:3
Руднянское, Руднянское, Смоленская область;67:17:4
Руднянское сельское, Руднянское, Смоленская область;67:17:5
Алферовское, Сафоновское, Смоленская область;67:18:1
Батищевское, Сафоновское, Смоленская область;67:18:2
Вадинское, Сафоновское, Смоленская область;67:18:3
Вадинское сельское, Сафоновское, Смоленская область;67:18:4
Издешковское, Сафоновское, Смоленская область;67:18:5
Издешковское сельское, Сафоновское, Смоленская область;67:18:6
Яковское, Сафоновское, Смоленская область;67:18:7
Вонляровское, Смоленское, Смоленская область;67:19:1
Жуковское, Смоленское, Смоленская область;67:19:2
Жуковское сельское, Смоленское, Смоленская область;67:19:3
Заднепровское, Смоленское, Смоленская область;67:19:4
Касплянское, Смоленское, Смоленская область;67:19:5
Пригородное, Смоленское, Смоленская область;67:19:6
Соколинское, Смоленское, Смоленская область;67:19:7
Беляевское, Велижское, Смоленская область;67:1:1
Велижское, Велижское, Смоленская область;67:1:2
Верховское, Велижское, Смоленская область;67:1:3
Вязьменское, Велижское, Смоленская область;67:1:4
Городское, Велижское, Смоленская область;67:1:5
Селезневское, Велижское, Смоленская область;67:1:6
Селезневское сельское, Велижское, Смоленская область;67:1:7
Бочаровское, Сычевское, Смоленская область;67:20:1
Валутинское, Сычевское, Смоленская область;67:20:2
Днепровское, Сычевское, Смоленская область;67:20:3
Нащекинское, Сычевское, Смоленская область;67:20:4
Нащекинское сельское, Сычевское, Смоленская область;67:20:5
Субботнинское, Сычевское, Смоленская область;67:20:6
Власовское, Темкинское, Смоленская область;67:21:1
Горковское, Темкинское, Смоленская область;67:21:2
Горковское сельское, Темкинское, Смоленская область;67:21:3
Темкинское, Темкинское, Смоленская область;67:21:4
Темкинское сельское, Темкинское, Смоленская область;67:21:5
Арнишинское, Угранское, Смоленская область;67:22:1
Новинское, Угранское, Смоленская область;67:22:10
Ново-Милятинское, Угранское, Смоленская область;67:22:11
Подсосонское, Угранское, Смоленская область;67:22:12
Угранское, Угранское, Смоленская область;67:22:13
Угранское сельское, Угранское, Смоленская область;67:22:14
Баскаковское, Угранское, Смоленская область;67:22:2
Будянское, Угранское, Смоленская область;67:22:3
Всходское, Угранское, Смоленская область;67:22:4
Всходское сельское, Угранское, Смоленская область;67:22:5
Дмитровское, Угранское, Смоленская область;67:22:6
Знаменское, Угранское, Смоленская область;67:22:7
Знаменское сельское, Угранское, Смоленская область;67:22:8
Мытишинское, Угранское, Смоленская область;67:22:9
Хиславичское, Хиславичское, Смоленская область;67:23:1
Хиславичское сельское, Хиславичское, Смоленская область;67:23:2
Батуринское, Холм-Жирковское, Смоленская область;67:24:1
Холмовское, Холм-Жирковское, Смоленская область;67:24:10
Боголюбовское, Холм-Жирковское, Смоленская область;67:24:2
Владимирское, Холм-Жирковское, Смоленская область;67:24:3
Дяглевское, Холм-Жирковское, Смоленская область;67:24:4
Игоревское, Холм-Жирковское, Смоленская область;67:24:5
Канютинское, Холм-Жирковское, Смоленская область;67:24:6
Комягинское, Холм-Жирковское, Смоленская область;67:24:7
Нахимовское, Холм-Жирковское, Смоленская область;67:24:8
Тупиковское, Холм-Жирковское, Смоленская область;67:24:9
Понятовское, Шумячское, Смоленская область;67:25:1
Руссковское, Шумячское, Смоленская область;67:25:2
Снегиревское, Шумячское, Смоленская область;67:25:3
Студенецкое, Шумячское, Смоленская область;67:25:4
Шумячское, Шумячское, Смоленская область;67:25:5
Капыревщинское, Ярцевское, Смоленская область;67:26:1
Кротовское, Ярцевское, Смоленская область;67:26:2
Львовское, Ярцевское, Смоленская область;67:26:3
Озерищенское, Ярцевское, Смоленская область;67:26:4
Репинское, Ярцевское, Смоленская область;67:26:5
Ярцевское, Ярцевское, Смоленская область;67:26:6
Ярцевское сельское, Ярцевское, Смоленская область;67:26:7
Богородицкое, Вяземское, Смоленская область;67:2:1
Тумановское сельское, Вяземское, Смоленская область;67:2:10
Хмелитское, Вяземское, Смоленская область;67:2:11
Вяземское, Вяземское, Смоленская область;67:2:2
Вяземское сельское, Вяземское, Смоленская область;67:2:3
Заречное, Вяземское, Смоленская область;67:2:4
Исаковское, Вяземское, Смоленская область;67:2:5
Исаковское сельское, Вяземское, Смоленская область;67:2:6
Семлевское, Вяземское, Смоленская область;67:2:7
Семлевское сельское, Вяземское, Смоленская область;67:2:8
Тумановское, Вяземское, Смоленская область;67:2:9
Без деления на участковые лесничества, г. Десногорск, Смоленская область;67:30:00
Акатовское, Гагаринское, Смоленская область;67:3:1
Акатовское сельское, Гагаринское, Смоленская область;67:3:2
Гагаринское, Гагаринское, Смоленская область;67:3:3
Гжатское, Гагаринское, Смоленская область;67:3:4
Кармановское, Гагаринское, Смоленская область;67:3:5
Мишинское, Гагаринское, Смоленская область;67:3:6
Самковское, Гагаринское, Смоленская область;67:3:7
Самуйловское, Гагаринское, Смоленская область;67:3:8
Болтутинское, Глинковское, Смоленская область;67:4:1
Глинковское, Глинковское, Смоленская область;67:4:2
Доброминское, Глинковское, Смоленская область;67:4:3
Доброминское сельское, Глинковское, Смоленская область;67:4:4
Кучеровское, Глинковское, Смоленская область;67:4:5
Акатовское, Демидовское, Смоленская область;67:5:1
Булыжское, Демидовское, Смоленская область;67:5:2
Демидовское, Демидовское, Смоленская область;67:5:3
Дубровское, Демидовское, Смоленская область;67:5:4
Заборьевское, Демидовское, Смоленская область;67:5:5
Леханов-Борское, Демидовское, Смоленская область;67:5:6
Алексинское, Дорогобужское, Смоленская область;67:6:1
Алексинское сельское, Дорогобужское, Смоленская область;67:6:2
Болдинское, Дорогобужское, Смоленская область;67:6:3
Быковское, Дорогобужское, Смоленская область;67:6:4
Дорогобужское, Дорогобужское, Смоленская область;67:6:5
Осьмянское, Дорогобужское, Смоленская область;67:6:6
Старо-Смоленское, Дорогобужское, Смоленская область;67:6:7
Бересневское, Духовщинское, Смоленская область;67:7:1
Вишенское, Духовщинское, Смоленская область;67:7:2
Духовщинское, Духовщинское, Смоленская область;67:7:3
Духовщинское сельское, Духовщинское, Смоленская область;67:7:4
Озерненское, Духовщинское, Смоленская область;67:7:5
Плотковское, Духовщинское, Смоленская область;67:7:6
Трунаевское, Духовщинское, Смоленская область;67:7:7
Бибиревское, Ельнинское, Смоленская область;67:8:1
Высоковское, Ельнинское, Смоленская область;67:8:2
Ельнинское, Ельнинское, Смоленская область;67:8:3
Ельнинское сельское, Ельнинское, Смоленская область;67:8:4
Мутищенское, Ельнинское, Смоленская область;67:8:5
Новоспасское, Ельнинское, Смоленская область;67:8:6
Воргинское, Ершичское, Смоленская область;67:9:1
Ершичское, Ершичское, Смоленская область;67:9:2
Ершичское сельское, Ершичское, Смоленская область;67:9:3
Сукромлянское, Ершичское, Смоленская область;67:9:4
Жердевское, Уваровское, Тамбовская область;68:10:1
Мучкапское, Уваровское, Тамбовская область;68:10:2
Ржаксинское, Уваровское, Тамбовская область;68:10:3
Уваровское, Уваровское, Тамбовская область;68:10:4
Бригадирское, Хоботовское, Тамбовская область;68:11:1
Иловайское, Хоботовское, Тамбовская область;68:11:2
Ранинское, Хоботовское, Тамбовская область;68:11:3
Отъясское, Цнинское, Тамбовская область;68:12:1
Перкинское, Цнинское, Тамбовская область;68:12:2
Семикинское, Цнинское, Тамбовская область;68:12:3
Комсомольское, Челнавское, Тамбовская область;68:13:1
Сосновское, Челнавское, Тамбовская область;68:13:2
Стежинское, Челнавское, Тамбовская область;68:13:3
Земетчинское, Бондарское, Тамбовская область;68:1:1
Кривополянское, Бондарское, Тамбовская область;68:1:2
Пахотно-Угловское, Бондарское, Тамбовская область;68:1:3
Вьюнское, Вернадское, Тамбовская область;68:2:1
Гагаринское, Вернадское, Тамбовская область;68:2:2
Красное, Вернадское, Тамбовская область;68:2:3
Пичаевское, Вернадское, Тамбовская область;68:2:4
Галдымское, Горельское, Тамбовская область;68:3:1
Тулиновское, Горельское, Тамбовская область;68:3:2
Хмелинское, Горельское, Тамбовская область;68:3:3
Хомутляйское, Горельское, Тамбовская область;68:3:4
Дербенское, Кирсановское, Тамбовская область;68:4:1
Инжавинское, Кирсановское, Тамбовская область;68:4:2
Ирское, Кирсановское, Тамбовская область;68:4:3
Кирсановское, Кирсановское, Тамбовская область;68:4:4
Заворонежское, Мичуринское, Тамбовская область;68:5:1
Шехманское, Мичуринское, Тамбовская область;68:5:2
Ярковское, Мичуринское, Тамбовская область;68:5:3
Вяжлинское, Моршанское, Тамбовская область;68:6:1
Моршанское, Моршанское, Тамбовская область;68:6:2
Парлинское, Моршанское, Тамбовская область;68:6:3
Сокольниковское, Моршанское, Тамбовская область;68:6:4
Борковское, Серповское, Тамбовская область;68:7:1
Пролетарское, Серповское, Тамбовская область;68:7:2
Раевское, Серповское, Тамбовская область;68:7:3
Ракшинское, Серповское, Тамбовская область;68:7:4
Старотомниковское, Серповское, Тамбовская область;68:7:5
Знаменское, Степное, Тамбовская область;68:8:1
Кандауровское, Степное, Тамбовская область;68:8:2
Котовское, Степное, Тамбовская область;68:8:3
Новолядинское, Тамбовское, Тамбовская область;68:9:1
Платоновское, Тамбовское, Тамбовская область;68:9:2
Пригородное, Тамбовское, Тамбовская область;68:9:3
Рассказовское, Тамбовское, Тамбовская область;68:9:4
Столовское, Тамбовское, Тамбовская область;68:9:5
Верхневолжское, Удомельское, Тверская область;69:10:1
Озерное, Удомельское, Тверская область;69:10:10
Раевское, Удомельское, Тверская область;69:10:11
Ривицкое, Удомельское, Тверская область;69:10:12
Свищевское, Удомельское, Тверская область;69:10:13
Селецкое, Удомельское, Тверская область;69:10:14
Совхозное, Удомельское, Тверская область;69:10:15
Удомельское, Удомельское, Тверская область;69:10:16
Городковское, Удомельское, Тверская область;69:10:2
Гриблянское, Удомельское, Тверская область;69:10:3
Дубно-Ремизовское, Удомельское, Тверская область;69:10:4
Дубровское, Удомельское, Тверская область;69:10:5
Куровское, Удомельское, Тверская область;69:10:6
Максатихинское, Удомельское, Тверская область;69:10:7
Малышевское, Удомельское, Тверская область;69:10:8
Медведковское, Удомельское, Тверская область;69:10:9
Баталинское, Фировское, Тверская область;69:11:1
Кувшиновское, Фировское, Тверская область;69:11:10
Лужниковское, Фировское, Тверская область;69:11:11
Лыкошинское, Фировское, Тверская область;69:11:12
Медведевское, Фировское, Тверская область;69:11:13
Осеченское, Фировское, Тверская область;69:11:14
Пеньское, Фировское, Тверская область;69:11:15
Ранцевское, Фировское, Тверская область;69:11:16
Рученское, Фировское, Тверская область;69:11:17
Тысяцкое, Фировское, Тверская область;69:11:18
Фировское, Фировское, Тверская область;69:11:19
Бологовское, Фировское, Тверская область;69:11:2
Хотиловское, Фировское, Тверская область;69:11:20
Цнинское, Фировское, Тверская область;69:11:21
Шлинское, Фировское, Тверская область;69:11:22
Дятловское, Фировское, Тверская область;69:11:3
Есеновичское, Фировское, Тверская область;69:11:4
Заборовское, Фировское, Тверская область;69:11:5
Западное, Фировское, Тверская область;69:11:6
Кафтинское, Фировское, Тверская область;69:11:7
Кемецкое, Фировское, Тверская область;69:11:8
Красномайское, Фировское, Тверская область;69:11:9
Бежецкое, Бежецкое, Тверская область;69:1:1
Бережайское, Бежецкое, Тверская область;69:1:2
Дрезненское, Бежецкое, Тверская область;69:1:3
Кушалинское, Бежецкое, Тверская область;69:1:4
Моркиногорское, Бежецкое, Тверская область;69:1:5
Рамешковское, Бежецкое, Тверская область;69:1:6
Северное Кушалинское, Бежецкое, Тверская область;69:1:7
Сонковское, Бежецкое, Тверская область;69:1:8
Центральное Рамешковское, Бежецкое, Тверская область;69:1:9
Алексапольское, Западнодвинское, Тверская область;69:2:1
Западнодвинское, Западнодвинское, Тверская область;69:2:10
Ленинское, Западнодвинское, Тверская область;69:2:11
Монинское, Западнодвинское, Тверская область;69:2:12
Нелидовское, Западнодвинское, Тверская область;69:2:13
Паникольское, Западнодвинское, Тверская область;69:2:14
Северное, Западнодвинское, Тверская область;69:2:15
Смородинское, Западнодвинское, Тверская область;69:2:16
Соловское, Западнодвинское, Тверская область;69:2:17
Староторопское, Западнодвинское, Тверская область;69:2:18
Туровское, Западнодвинское, Тверская область;69:2:19
Бельское, Западнодвинское, Тверская область;69:2:2
Шапковское, Западнодвинское, Тверская область;69:2:20
Южное, Западнодвинское, Тверская область;69:2:21
Антохинское, Западнодвинское, Тверская область;69:2:22
Белейковское, Западнодвинское, Тверская область;69:2:23
Борковское, Западнодвинское, Тверская область;69:2:24
Верховское сельское, Западнодвинское, Тверская область;69:2:25
Горбачевское, Западнодвинское, Тверская область;69:2:26
Земцовское, Западнодвинское, Тверская область;69:2:27
Ильинское, Западнодвинское, Тверская область;69:2:28
Кащенское, Западнодвинское, Тверская область;69:2:29
Велесское, Западнодвинское, Тверская область;69:2:3
Куровское, Западнодвинское, Тверская область;69:2:30
Меженское, Западнодвинское, Тверская область;69:2:31
Соболевское, Западнодвинское, Тверская область;69:2:32
Шесницкое, Западнодвинское, Тверская область;69:2:33
Верховское, Западнодвинское, Тверская область;69:2:4
Гороватское, Западнодвинское, Тверская область;69:2:5
Двинское, Западнодвинское, Тверская область;69:2:6
Демяховское, Западнодвинское, Тверская область;69:2:7
Дубоцкое, Западнодвинское, Тверская область;69:2:8
Жарковское, Западнодвинское, Тверская область;69:2:9
Бубновское, Кашинское, Тверская область;69:3:1
Пригородное, Кашинское, Тверская область;69:3:10
Славковское, Кашинское, Тверская область;69:3:11
Суворовское, Кашинское, Тверская область;69:3:12
Воронцовское, Кашинское, Тверская область;69:3:2
Ильинское, Кашинское, Тверская область;69:3:3
Калязинское, Кашинское, Тверская область;69:3:4
Кашинское, Кашинское, Тверская область;69:3:5
Кесовогорское, Кашинское, Тверская область;69:3:6
Кимрское, Кашинское, Тверская область;69:3:7
Нерльское, Кашинское, Тверская область;69:3:8
Никулинское, Кашинское, Тверская область;69:3:9
Весьегонское, Краснохолмское, Тверская область;69:4:1
Соболинское, Краснохолмское, Тверская область;69:4:10
Согласьевское, Краснохолмское, Тверская область;69:4:11
Чамеровское, Краснохолмское, Тверская область;69:4:12
Кесемское, Краснохолмское, Тверская область;69:4:2
Краснохолмское, Краснохолмское, Тверская область;69:4:3
Ламское, Краснохолмское, Тверская область;69:4:4
Лукинское, Краснохолмское, Тверская область;69:4:5
Молоковское, Краснохолмское, Тверская область;69:4:6
Приворотское, Краснохолмское, Тверская область;69:4:7
Рычмановское, Краснохолмское, Тверская область;69:4:8
Сандовское, Краснохолмское, Тверская область;69:4:9
Большекошинское, Осташковское, Тверская область;69:5:1
Каменское, Осташковское, Тверская область;69:5:10
Комсомольское, Осташковское, Тверская область;69:5:11
Красногорское, Осташковское, Тверская область;69:5:12
Ольховское, Осташковское, Тверская область;69:5:13
Осташковское, Осташковское, Тверская область;69:5:14
Островное, Осташковское, Тверская область;69:5:15
Отоловское, Осташковское, Тверская область;69:5:16
Охватское, Осташковское, Тверская область;69:5:17
Свапущенское, Осташковское, Тверская область;69:5:18
Селигерское, Осташковское, Тверская область;69:5:19
Верхне-Селигерское, Осташковское, Тверская область;69:5:2
Селижаровское, Осташковское, Тверская область;69:5:20
Сибирское, Осташковское, Тверская область;69:5:21
Сиговское, Осташковское, Тверская область;69:5:22
Слаутинское, Осташковское, Тверская область;69:5:23
Шуваевское, Осташковское, Тверская область;69:5:24
Волговерховское, Осташковское, Тверская область;69:5:3
Волжское, Осташковское, Тверская область;69:5:4
Вселукское, Осташковское, Тверская область;69:5:5
Городское, Осташковское, Тверская область;69:5:6
Дмитровское, Осташковское, Тверская область;69:5:7
Истоко-Волжское, Осташковское, Тверская область;69:5:8
Истоко-Двинское, Осташковское, Тверская область;69:5:9
Бахмутовское, Старицкое, Тверская область;69:6:1
Погорельское, Старицкое, Тверская область;69:6:10
Ржевское, Старицкое, Тверская область;69:6:11
Сибирское, Старицкое, Тверская область;69:6:12
Старицкое, Старицкое, Тверская область;69:6:13
Степуринское, Старицкое, Тверская область;69:6:14
Сытьковское, Старицкое, Тверская область;69:6:15
Татаринское, Старицкое, Тверская область;69:6:16
Центральное, Старицкое, Тверская область;69:6:17
Чертолинское, Старицкое, Тверская область;69:6:18
Вазузское, Старицкое, Тверская область;69:6:2
Верхневолжское, Старицкое, Тверская область;69:6:3
Зубцовское, Старицкое, Тверская область;69:6:4
Кошинское, Старицкое, Тверская область;69:6:5
Луковниковское, Старицкое, Тверская область;69:6:6
Молодотудское, Старицкое, Тверская область;69:6:7
Оленинское, Старицкое, Тверская область;69:6:8
Пенское, Старицкое, Тверская область;69:6:9
Верхневолжское, Тверское, Тверская область;69:7:1
Медновское, Тверское, Тверская область;69:7:10
Октябрьское, Тверское, Тверская область;69:7:11
Оршинское, Тверское, Тверская область;69:7:12
Первомайское, Тверское, Тверская область;69:7:13
Петровское, Тверское, Тверская область;69:7:14
Путиловское, Тверское, Тверская область;69:7:15
Пушкинское, Тверское, Тверская область;69:7:16
Рождественское, Тверское, Тверская область;69:7:17
Савватьевское, Тверское, Тверская область;69:7:18
Сельцовское, Тверское, Тверская область;69:7:19
Волжское, Тверское, Тверская область;69:7:2
Чуприяновское, Тверское, Тверская область;69:7:20
Вяземское, Тверское, Тверская область;69:7:3
Дмитрогорское, Тверское, Тверская область;69:7:4
Завидовское, Тверское, Тверская область;69:7:5
Заволжское, Тверское, Тверская область;69:7:6
Калининское, Тверское, Тверская область;69:7:7
Красногорское, Тверское, Тверская область;69:7:8
Кулицкое, Тверское, Тверская область;69:7:9
Калашниковское, Торжокское, Тверская область;69:8:1
Южное, Торжокское, Тверская область;69:8:10
Яконовское, Торжокское, Тверская область;69:8:11
Козловское, Торжокское, Тверская область;69:8:2
Лихославльское, Торжокское, Тверская область;69:8:3
Раменское, Торжокское, Тверская область;69:8:4
Савиногорское, Торжокское, Тверская область;69:8:5
Спировское, Торжокское, Тверская область;69:8:6
Тверецкое, Торжокское, Тверская область;69:8:7
Толмачевское, Торжокское, Тверская область;69:8:8
Торжокское, Торжокское, Тверская область;69:8:9
Андреапольское, Торопецкое, Тверская область;69:9:1
Поженское, Торопецкое, Тверская область;69:9:10
Речанское, Торопецкое, Тверская область;69:9:11
Скворцовское, Торопецкое, Тверская область;69:9:12
Торопецкое, Торопецкое, Тверская область;69:9:13
Бобровское, Торопецкое, Тверская область;69:9:2
Бологовское, Торопецкое, Тверская область;69:9:3
Западнодвинское, Торопецкое, Тверская область;69:9:4
Козловское, Торопецкое, Тверская область;69:9:5
Красноволокское, Торопецкое, Тверская область;69:9:6
Луговское, Торопецкое, Тверская область;69:9:7
Окское, Торопецкое, Тверская область;69:9:8
Плоскошское, Торопецкое, Тверская область;69:9:9
Елтыревское, Колпашевское, Томская область;70:10:1
Колпашевское, Колпашевское, Томская область;70:10:2
Шудельское, Колпашевское, Томская область;70:10:3
Егоровское, Корниловское, Томская область;70:11:1
Корниловское, Корниловское, Томская область;70:11:2
Прикульское, Корниловское, Томская область;70:11:3
Северо-Алтайское, Корниловское, Томская область;70:11:4
Томско-Обское, Корниловское, Томская область;70:11:5
Красноярское, Кривошеинское, Томская область;70:12:1
Кривошеинское, Кривошеинское, Томская область;70:12:2
Молчановское, Молчановское, Томская область;70:13:1
Суйгинское, Молчановское, Томская область;70:13:2
Сулзатское, Молчановское, Томская область;70:13:3
Нарымское, Парабельское, Томская область;70:14:1
Парабельское, Парабельское, Томская область;70:14:2
Старицинское, Парабельское, Томская область;70:14:3
Комсомольское, Первомайское, Томская область;70:15:1
Куяновское, Первомайское, Томская область;70:15:2
Ореховское, Первомайское, Томская область;70:15:3
Первомайское, Первомайское, Томская область;70:15:4
Берегаевское, Тегульдетское, Томская область;70:16:1
Средне-Чулымское, Тегульдетское, Томская область;70:16:2
Тегульдетское, Тегульдетское, Томская область;70:16:3
Черноярское, Тегульдетское, Томская область;70:16:4
Четское, Тегульдетское, Томская область;70:16:5
Богородское, Тимирязевское, Томская область;70:17:1
Калтайское, Тимирязевское, Томская область;70:17:2
Моряковское, Тимирязевское, Томская область;70:17:3
Темерчинское, Тимирязевское, Томская область;70:17:4
Богашевское, Томское, Томская область;70:18:1
Коларовское, Томское, Томская область;70:18:2
Межениновское, Томское, Томская область;70:18:3
Улу-Юльское, Улу-Юльское, Томская область;70:19:1
Александровское, Александровское, Томская область;70:1:1
Стрежевское, Александровское, Томская область;70:1:2
Нюрсинское, Чаинское, Томская область;70:20:1
Обское, Чаинское, Томская область;70:20:2
Поскоево-Добринское, Чаинское, Томская область;70:20:3
Тигинское, Чаинское, Томская область;70:20:4
Иловское, Шегарское, Томская область;70:21:1
Шегарское, Шегарское, Томская область;70:21:2
Асиновское, Асиновское, Томская область;70:2:1
Батуринское, Асиновское, Томская область;70:2:2
Мало-Юксинское, Асиновское, Томская область;70:2:3
Митрофановское, Асиновское, Томская область;70:2:4
Бакчарское, Бакчарское, Томская область;70:3:1
Парбигское, Бакчарское, Томская область;70:3:2
Плотниковское, Бакчарское, Томская область;70:3:3
Васюганское, Васюганское, Томская область;70:4:1
Белоярское, Верхнекетское, Томская область;70:5:1
Дружнинское, Верхнекетское, Томская область;70:5:2
Катайгинское, Верхнекетское, Томская область;70:5:3
Клюквинское, Верхнекетское, Томская область;70:5:4
Лисицинское, Верхнекетское, Томская область;70:5:5
Максимоярское, Верхнекетское, Томская область;70:5:6
Ягоднинское, Верхнекетское, Томская область;70:5:7
Зырянское, Зырянское, Томская область;70:6:1
Окунеевское, Зырянское, Томская область;70:6:2
Чердатское, Зырянское, Томская область;70:6:3
Большегривское, Каргасокское, Томская область;70:7:1
Верх-Тымское, Каргасокское, Томская область;70:7:2
Каргасокское, Каргасокское, Томская область;70:7:3
Нюрольское, Каргасокское, Томская область;70:7:4
Тевризское, Каргасокское, Томская область;70:7:5
Тымское, Каргасокское, Томская область;70:7:6
Чижапское, Каргасокское, Томская область;70:7:7
Осиповское, Кедровское, Томская область;70:8:1
Пудинское, Кедровское, Томская область;70:8:2
Кожевниковское, Кожевниковское, Томская область;70:9:1
Симанское, Кожевниковское, Томская область;70:9:2
Ювалинское, Кожевниковское, Томская область;70:9:3
Беломутовское, Тульское, Тульская область;71:10:1
Ленинское, Тульское, Тульская область;71:10:2
Щегловское, Тульское, Тульская область;71:10:3
Яснополянское, Тульское, Тульская область;71:10:4
Липицкое, Чернское, Тульская область;71:11:1
Троицкое, Чернское, Тульская область;71:11:2
Иваньковское, Ясногорское, Тульская область;71:12:1
Народное, Ясногорское, Тульская область;71:12:2
Городское, Алексинское, Тульская область;71:1:1
Петрушинское, Алексинское, Тульская область;71:1:2
Сотинское, Алексинское, Тульская область;71:1:3
Арсеньевское, Белевское, Тульская область;71:2:1
Володьковское, Белевское, Тульская область;71:2:2
Сороколетовское, Белевское, Тульская область;71:2:3
Хрящевское, Белевское, Тульская область;71:2:4
Кимовское, Богородицкое, Тульская область;71:3:1
Пригородное, Богородицкое, Тульская область;71:3:2
Карницкое, Веневское, Тульская область;71:4:1
Мордвесское, Веневское, Тульская область;71:4:2
Каменское, Ефремовское, Тульская область;71:5:1
Октябрьское, Ефремовское, Тульская область;71:5:2
Нечаевское, Заокское, Тульская область;71:6:1
Пахомовское, Заокское, Тульская область;71:6:2
Гурьевское, Одоевское, Тульская область;71:7:1
Дубенское, Одоевское, Тульская область;71:7:2
Северо-Одоевское, Одоевское, Тульская область;71:7:3
Южно-Одоевское, Одоевское, Тульская область;71:7:4
Крапивенское, Плавское, Тульская область;71:8:1
Крюковское, Плавское, Тульская область;71:8:2
Тепло-Огаревское, Плавское, Тульская область;71:8:3
Центральное, Плавское, Тульская область;71:8:4
Ханинское, Суворовское, Тульская область;71:9:1
Чекалинское, Суворовское, Тульская область;71:9:2
Ишимское, Ишимское, Тюменская область;72:10:1
Ишимское сельское, Ишимское, Тюменская область;72:10:2
Синицинское, Ишимское, Тюменская область;72:10:3
Боровское, Казанское, Тюменская область;72:11:1
Казанское, Казанское, Тюменская область;72:11:2
Казанское сельское, Казанское, Тюменская область;72:11:3
Антипинское, Нижнетавдинское, Тюменская область;72:12:1
Велижанское, Нижнетавдинское, Тюменская область;72:12:2
Карагандинское, Нижнетавдинское, Тюменская область;72:12:3
Ключевское, Нижнетавдинское, Тюменская область;72:12:4
Кунчурское, Нижнетавдинское, Тюменская область;72:12:5
Миясское, Нижнетавдинское, Тюменская область;72:12:6
Нижнетавдинское, Нижнетавдинское, Тюменская область;72:12:7
Новотроицкое, Нижнетавдинское, Тюменская область;72:12:8
Вагайское, Омутинское, Тюменская область;72:13:1
Зимовское, Омутинское, Тюменская область;72:13:2
Омутинское, Омутинское, Тюменская область;72:13:3
Ситниковское, Омутинское, Тюменская область;72:13:4
Сладковское, Сладковское, Тюменская область;72:14:1
Сладковское сельское, Сладковское, Тюменская область;72:14:2
Сорокинское, Сорокинское, Тюменская область;72:15:1
Сорокинское сельское, Сорокинское, Тюменская область;72:15:2
Байкаловское, Тобольское, Тюменская область;72:16:1
Иртышское, Тобольское, Тюменская область;72:16:2
Карачинское, Тобольское, Тюменская область;72:16:3
Нижне-Аремзянское, Тобольское, Тюменская область;72:16:4
Носкинское, Тобольское, Тюменская область;72:16:5
Тобольское, Тобольское, Тюменская область;72:16:6
Тобольское сельское, Тобольское, Тюменская область;72:16:7
Янгутумское, Тобольское, Тюменская область;72:16:8
Богандинское, Тюменское, Тюменская область;72:17:1
Тюменское сельское, Тюменское, Тюменская область;72:17:10
Успенское, Тюменское, Тюменская область;72:17:11
Боровское, Тюменское, Тюменская область;72:17:2
Винзилинское, Тюменское, Тюменская область;72:17:3
Каменское, Тюменское, Тюменская область;72:17:4
Левашовское, Тюменское, Тюменская область;72:17:5
Мичуринское, Тюменское, Тюменская область;72:17:6
Тахталинское, Тюменское, Тюменская область;72:17:7
Туринское, Тюменское, Тюменская область;72:17:8
Тюменское, Тюменское, Тюменская область;72:17:9
Верхне-Демьянское, Уватское, Тюменская область;72:18:1
Горно-Слинкинское, Уватское, Тюменская область;72:18:2
Демьянское, Уватское, Тюменская область;72:18:3
Жердняковское, Уватское, Тюменская область;72:18:4
Мугенское, Уватское, Тюменская область;72:18:5
Першинское, Уватское, Тюменская область;72:18:6
Туртасское, Уватское, Тюменская область;72:18:7
Уватское, Уватское, Тюменская область;72:18:8
Чебунтанское, Уватское, Тюменская область;72:18:9
Буньковское, Упоровское, Тюменская область;72:19:1
Емуртлинское, Упоровское, Тюменская область;72:19:2
Суерское, Упоровское, Тюменская область;72:19:3
Упоровское сельское, Упоровское, Тюменская область;72:19:4
Абатское, Абатское, Тюменская область;72:1:1
Абатское сельское, Абатское, Тюменская область;72:1:2
Балаирское, Абатское, Тюменская область;72:1:3
Ощепковское, Абатское, Тюменская область;72:1:4
Агаракское, Юргинское, Тюменская область;72:20:1
Лесновское, Юргинское, Тюменская область;72:20:2
Сосновское, Юргинское, Тюменская область;72:20:3
Юргинское сельское, Юргинское, Тюменская область;72:20:4
Заводопетровское, Ялуторовское, Тюменская область;72:21:1
Новоатьяловское, Ялуторовское, Тюменская область;72:21:2
Районное сельское, Ялуторовское, Тюменская область;72:21:3
Ялуторовское, Ялуторовское, Тюменская область;72:21:4
Варваринское, Ярковское, Тюменская область;72:22:1
Караульноярское, Ярковское, Тюменская область;72:22:2
Маранское, Ярковское, Тюменская область;72:22:3
Петропавловское, Ярковское, Тюменская область;72:22:4
Юртоборовское, Ярковское, Тюменская область;72:22:5
Ярковское сельское, Ярковское, Тюменская область;72:22:6
Армизонское, Армизонское, Тюменская область;72:2:1
Армизонское сельское, Армизонское, Тюменская область;72:2:2
Без деления на участковые лесничества, Ишимское городское, Тюменская область;72:30:00
Без деления на участковые лесничества, Городские леса города Тобольска, Тюменская область;72:31:00
Без деления на участковые лесничества, Ялуторовское городское, Тюменская область;72:33:00
Аромашевское, Аромашевское, Тюменская область;72:3:1
Кротовское, Аромашевское, Тюменская область;72:3:2
Бердюжское, Бердюжское, Тюменская область;72:4:1
Бердюжское сельское, Бердюжское, Тюменская область;72:4:2
Вагайское, Вагайское, Тюменская область;72:5:1
Вагайское сельское, Вагайское, Тюменская область;72:5:2
Дубровинское, Вагайское, Тюменская область;72:5:3
Карагайское, Вагайское, Тюменская область;72:5:4
Комсомольское, Вагайское, Тюменская область;72:5:5
Первомайское, Вагайское, Тюменская область;72:5:6
Супринское, Вагайское, Тюменская область;72:5:7
Ушаковское, Вагайское, Тюменская область;72:5:8
Черноковское, Вагайское, Тюменская область;72:5:9
Викуловское, Викуловское, Тюменская область;72:6:1
Викуловское сельское, Викуловское, Тюменская область;72:6:2
Таволжанское, Викуловское, Тюменская область;72:6:3
Голышмановское, Голышмановское, Тюменская область;72:7:1
Голышмановское сельское, Голышмановское, Тюменская область;72:7:2
Малышенское, Голышмановское, Тюменская область;72:7:3
Ражевское, Голышмановское, Тюменская область;72:7:4
Боровинское, Заводоуковское, Тюменская область;72:8:1
Заводоуковское сельское, Заводоуковское, Тюменская область;72:8:2
Комиссаровское, Заводоуковское, Тюменская область;72:8:3
Лебедевское, Заводоуковское, Тюменская область;72:8:4
Падунское, Заводоуковское, Тюменская область;72:8:5
Денисовское, Исетское, Тюменская область;72:9:1
Исетское, Исетское, Тюменская область;72:9:2
Северо-Исетское, Исетское, Тюменская область;72:9:3
Южное, Исетское, Тюменская область;72:9:4
Канадейское, Новоспасское, Ульяновская область;73:10:1
Новоспасское, Новоспасское, Ульяновская область;73:10:2
Сунгурское, Новоспасское, Ульяновская область;73:10:3
Аппаковское, Новочеремшанское, Ульяновская область;73:11:1
Бесовское, Новочеремшанское, Ульяновская область;73:11:2
Салаванское, Новочеремшанское, Ульяновская область;73:11:3
Сахчинское, Новочеремшанское, Ульяновская область;73:11:4
Тиинское, Новочеремшанское, Ульяновская область;73:11:5
Октябрьское, Павловское, Ульяновская область;73:12:1
Павловское, Павловское, Ульяновская область;73:12:2
Шаховское, Павловское, Ульяновская область;73:12:3
Ореховское, Радищевское, Ульяновская область;73:13:1
Радищевское, Радищевское, Ульяновская область;73:13:2
Соловчихинское, Радищевское, Ульяновская область;73:13:3
Белоярское, Сенгилеевское, Ульяновская область;73:14:1
Елаурское, Сенгилеевское, Ульяновская область;73:14:2
Сенгилеевское, Сенгилеевское, Ульяновская область;73:14:3
Смородинское, Сенгилеевское, Ульяновская область;73:14:4
Тушнинское, Сенгилеевское, Ульяновская область;73:14:5
Атлашинское, Старокулаткинское, Ульяновская область;73:15:1
Бахтеевское, Старокулаткинское, Ульяновская область;73:15:2
Кулаткинское, Старокулаткинское, Ульяновская область;73:15:3
Терешанское, Старокулаткинское, Ульяновская область;73:15:4
Жедяевское, Старомайнское, Ульяновская область;73:16:1
Кандалинское, Старомайнское, Ульяновская область;73:16:2
Краснореченское, Старомайнское, Ульяновская область;73:16:3
Никольское, Старомайнское, Ульяновская область;73:16:4
Старомайнское, Старомайнское, Ульяновская область;73:16:5
Юрткульское, Старомайнское, Ульяновская область;73:16:6
Астрадамовское, Сурское, Ульяновская область;73:17:1
Кувайское, Сурское, Ульяновская область;73:17:2
Лавинское, Сурское, Ульяновская область;73:17:3
Сурское, Сурское, Ульяновская область;73:17:4
Елшанское, Тереньгульское, Ульяновская область;73:18:1
Зеленецкое, Тереньгульское, Ульяновская область;73:18:2
Молвинское, Тереньгульское, Ульяновская область;73:18:3
Тереньгульское, Тереньгульское, Ульяновская область;73:18:4
Ясашно-Ташлинское, Тереньгульское, Ульяновская область;73:18:5
Ключищенское, Ульяновское, Ульяновская область;73:19:1
Красноярское, Ульяновское, Ульяновская область;73:19:2
Охотническое, Ульяновское, Ульяновская область;73:19:3
Ульяновское, Ульяновское, Ульяновская область;73:19:4
Ундоровское, Ульяновское, Ульяновская область;73:19:5
Чердаклинское, Ульяновское, Ульяновская область;73:19:6
Базарносызганское, Базарносызганское, Ульяновская область;73:1:1
Годяйкинское, Базарносызганское, Ульяновская область;73:1:2
Должниковское, Базарносызганское, Ульяновская область;73:1:3
Неклюдовское, Базарносызганское, Ульяновская область;73:1:4
Папузинское, Базарносызганское, Ульяновская область;73:1:5
Акшуатское, Барышское, Ульяновская область;73:2:1
Барышское, Барышское, Ульяновская область;73:2:2
Жадовское, Барышское, Ульяновская область;73:2:3
Живайкинское, Барышское, Ульяновская область;73:2:4
Измайловское, Барышское, Ульяновская область;73:2:5
Конновское, Барышское, Ульяновская область;73:2:6
Малохомутерское, Барышское, Ульяновская область;73:2:7
Старотимошкинское, Барышское, Ульяновская область;73:2:8
Сурское, Барышское, Ульяновская область;73:2:9
Вешкаймское, Вешкаймское, Ульяновская область;73:3:1
Крутецкое, Вешкаймское, Ульяновская область;73:3:2
Шарловское, Вешкаймское, Ульяновская область;73:3:3
Аргашское, Инзенское, Ульяновская область;73:4:1
Валгусское, Инзенское, Ульяновская область;73:4:2
Глотовское, Инзенское, Ульяновская область;73:4:3
Инзенское, Инзенское, Ульяновская область;73:4:4
Труслейское, Инзенское, Ульяновская область;73:4:5
Чамзинское, Инзенское, Ульяновская область;73:4:6
Беловодское, Карсунское, Ульяновская область;73:5:1
Вальдиватское, Карсунское, Ульяновская область;73:5:2
Карсунское, Карсунское, Ульяновская область;73:5:3
Сосновское, Карсунское, Ульяновская область;73:5:4
Суховское, Карсунское, Ульяновская область;73:5:5
Балтийское, Кузоватовское, Ульяновская область;73:6:1
Безводовское, Кузоватовское, Ульяновская область;73:6:2
Кузоватовское, Кузоватовское, Ульяновская область;73:6:3
Кузоватовское опытное, Кузоватовское, Ульяновская область;73:6:4
Матюнинское, Кузоватовское, Ульяновская область;73:6:5
Налейкинское, Кузоватовское, Ульяновская область;73:6:6
Белоозерское, Майнское, Ульяновская область;73:7:1
Выровское, Майнское, Ульяновская область;73:7:2
Майнское, Майнское, Ульяновская область;73:7:3
Маклаушинское, Майнское, Ульяновская область;73:7:4
Первомайское, Майнское, Ульяновская область;73:7:5
Тагайское, Майнское, Ульяновская область;73:7:6
Языковское, Майнское, Ульяновская область;73:7:7
Красноармейское, Мелекесское, Ульяновская область;73:8:1
Лебяжинское, Мелекесское, Ульяновская область;73:8:2
Мелекесское, Мелекесское, Ульяновская область;73:8:3
Мулловское, Мелекесское, Ульяновская область;73:8:4
Никольское, Мелекесское, Ульяновская область;73:8:5
Новомайнское, Мелекесское, Ульяновская область;73:8:6
Русскомелекесское, Мелекесское, Ульяновская область;73:8:7
Андреевское, Николаевское, Ульяновская область;73:9:1
Белоозерское, Николаевское, Ульяновская область;73:9:2
Найманское, Николаевское, Ульяновская область;73:9:3
Николаевское, Николаевское, Ульяновская область;73:9:4
Пичеурское, Николаевское, Ульяновская область;73:9:5
Сайманское, Николаевское, Ульяновская область;73:9:6
Славкинское, Николаевское, Ульяновская область;73:9:7
Тепловское, Николаевское, Ульяновская область;73:9:8
Эзекеевское, Николаевское, Ульяновская область;73:9:9
Кунакбаевское, Кунашакское, Челябинская область;74:10:1
Кунашакское, Кунашакское, Челябинская область;74:10:2
Куяшское, Кунашакское, Челябинская область;74:10:3
Синарское, Кунашакское, Челябинская область;74:10:4
Злоказовское, Кусинское, Челябинская область;74:11:1
Кусинское, Кусинское, Челябинская область;74:11:2
Магнитское, Кусинское, Челябинская область;74:11:3
Петропавловское, Кусинское, Челябинская область;74:11:4
Егозинское, Кыштымское, Челябинская область;74:12:1
Карабашское, Кыштымское, Челябинская область;74:12:2
Кыштымское, Кыштымское, Челябинская область;74:12:3
Уфимское, Кыштымское, Челябинская область;74:12:4
Миасское, Миасское, Челябинская область;74:13:1
Новоандреевское, Миасское, Челябинская область;74:13:2
Сыростанское, Миасское, Челябинская область;74:13:3
Тургоякское, Миасское, Челябинская область;74:13:4
Гривенское, Нязепетровское, Челябинская область;74:14:1
Красностанское, Нязепетровское, Челябинская область;74:14:2
Куказарское, Нязепетровское, Челябинская область;74:14:3
Нязепетровское, Нязепетровское, Челябинская область;74:14:4
Ункурдинское, Нязепетровское, Челябинская область;74:14:5
Шемахинское, Нязепетровское, Челябинская область;74:14:6
Каратабызское, Октябрьское, Челябинская область;74:15:1
Кочердыкское, Октябрьское, Челябинская область;74:15:2
Октябрьское, Октябрьское, Челябинская область;74:15:3
Березиновское, Пластовское, Челябинская область;74:16:1
Восточно-Санарское, Пластовское, Челябинская область;74:16:2
Западно-Санарское, Пластовское, Челябинская область;74:16:3
Кочкарское, Пластовское, Челябинская область;74:16:4
Пластовское, Пластовское, Челябинская область;74:16:5
Чесменское, Пластовское, Челябинская область;74:16:6
Бердяушское, Саткинское, Челябинская область;74:17:1
Саткинское, Саткинское, Челябинская область;74:17:2
Сулеинское, Саткинское, Челябинская область;74:17:3
Кособродское, Увельское, Челябинская область;74:18:1
Рубежное, Увельское, Челябинская область;74:18:2
Троицкое, Увельское, Челябинская область;74:18:3
Увельское, Увельское, Челябинская область;74:18:4
Хомутининское, Увельское, Челябинская область;74:18:5
Вязовское, Усть-Катавское, Челябинская область;74:19:1
Минское, Усть-Катавское, Челябинская область;74:19:2
Усть-Катавское, Усть-Катавское, Челябинская область;74:19:3
Аргазинское, Аргаяшское, Челябинская область;74:1:1
Аргаяшское, Аргаяшское, Челябинская область;74:1:2
Кузнецкое, Аргаяшское, Челябинская область;74:1:3
Кулуевское, Аргаяшское, Челябинская область;74:1:4
Верхне-Уфалейское, Уфалейское, Челябинская область;74:20:1
Иткульское, Уфалейское, Челябинская область;74:20:2
Маукское, Уфалейское, Челябинская область;74:20:3
Нижне-Уфалейское, Уфалейское, Челябинская область;74:20:4
Ушатовское, Уфалейское, Челябинская область;74:20:5
Бишкильское, Чебаркульское, Челябинская область;74:21:1
Варламовское, Чебаркульское, Челябинская область;74:21:2
Кумлякское, Чебаркульское, Челябинская область;74:21:3
Кундравинское, Чебаркульское, Челябинская область;74:21:4
Ларинское, Чебаркульское, Челябинская область;74:21:5
Травниковское, Чебаркульское, Челябинская область;74:21:6
Уйское, Чебаркульское, Челябинская область;74:21:7
Белоусовское, Шершневское, Челябинская область;74:22:1
Долгодеревенское, Шершневское, Челябинская область;74:22:2
Еманжелинское, Шершневское, Челябинская область;74:22:3
Еткульское, Шершневское, Челябинская область;74:22:4
Каратабанское, Шершневское, Челябинская область;74:22:5
Кременкульское, Шершневское, Челябинская область;74:22:6
Смолинское, Шершневское, Челябинская область;74:22:7
Ашинское, Ашинское, Челябинская область;74:2:1
Биянское, Ашинское, Челябинская область;74:2:2
Миньярское, Ашинское, Челябинская область;74:2:3
Симское, Ашинское, Челябинская область;74:2:4
Укское, Ашинское, Челябинская область;74:2:5
Брединское, Брединское, Челябинская область;74:3:1
Кизильское, Брединское, Челябинская область;74:3:2
Кортубайское, Брединское, Челябинская область;74:3:3
Арсинское, Верхнеуральское, Челябинская область;74:4:1
Астафьевское, Верхнеуральское, Челябинская область;74:4:2
Верхнеуральское, Верхнеуральское, Челябинская область;74:4:3
Карагайское, Верхнеуральское, Челябинская область;74:4:4
Магнитогорское, Верхнеуральское, Челябинская область;74:4:5
Нагайбакское, Верхнеуральское, Челябинская область;74:4:6
Без деления на участковые лесничества, Миасский ГО, Челябинская область;74:50:00
Веселовское, Златоустовское, Челябинская область;74:5:1
Златоустовское, Златоустовское, Челябинская область;74:5:2
Кувашинское, Златоустовское, Челябинская область;74:5:3
Семибратское, Златоустовское, Челябинская область;74:5:4
Анненское, Карталинское, Челябинская область;74:6:1
Варненское, Карталинское, Челябинская область;74:6:2
Великопетровское, Карталинское, Челябинская область;74:6:3
Джабыкское, Карталинское, Челябинская область;74:6:4
Неплюевское, Карталинское, Челябинская область;74:6:5
Парижское, Карталинское, Челябинская область;74:6:6
Без деления на участковые лесничества, Снежинское городское лесничество, Челябинская область;74:70:00
Трехгорное городское, Трехгорное городское, Челябинская область;74:71:1
Аракульское, Каслинское, Челябинская область;74:7:1
Багарякское, Каслинское, Челябинская область;74:7:2
Вишневогорское, Каслинское, Челябинская область;74:7:3
Каслинское, Каслинское, Челябинская область;74:7:4
Тюбукское, Каслинское, Челябинская область;74:7:5
Верх-Катавское, Катав-Ивановское, Челябинская область;74:8:1
Катавское, Катав-Ивановское, Челябинская область;74:8:2
Лемезинское, Катав-Ивановское, Челябинская область;74:8:3
Месединское, Катав-Ивановское, Челябинская область;74:8:4
Орловское, Катав-Ивановское, Челябинская область;74:8:5
Сульское, Катав-Ивановское, Челябинская область;74:8:6
Юрюзанское, Катав-Ивановское, Челябинская область;74:8:7
Бродокалмакское, Красноармейское, Челябинская область;74:9:1
Красноармейское, Красноармейское, Челябинская область;74:9:2
Севостьяновское, Красноармейское, Челябинская область;74:9:3
Сугоякское, Красноармейское, Челябинская область;74:9:4
Верх-Оленгуйское, Дульдургинское, Забайкальский край;75:10:1
Дульдургинское, Дульдургинское, Забайкальский край;75:10:2
Таптанайское, Дульдургинское, Забайкальский край;75:10:3
Арейское, Ингодинское, Забайкальский край;75:11:1
Верх-Ингодинское, Ингодинское, Забайкальский край;75:11:2
Доронинское, Ингодинское, Забайкальский край;75:11:3
Николаевское, Ингодинское, Забайкальский край;75:11:4
Тангинское, Ингодинское, Забайкальский край;75:11:5
Татауровское, Ингодинское, Забайкальский край;75:11:6
Черемховское, Ингодинское, Забайкальский край;75:11:7
Адриановское, Карымское, Забайкальский край;75:12:1
Дарасунское, Карымское, Забайкальский край;75:12:2
Карымское, Карымское, Забайкальский край;75:12:3
Курорт-Дарасунское, Карымское, Забайкальский край;75:12:4
Олентуйское, Карымское, Забайкальский край;75:12:5
Урульгинское, Карымское, Забайкальский край;75:12:6
Эдакуйское, Карымское, Забайкальский край;75:12:7
Гутайское, Красночикойское, Забайкальский край;75:13:1
Малоархангельское, Красночикойское, Забайкальский край;75:13:2
Мензинское, Красночикойское, Забайкальский край;75:13:3
Осиновское, Красночикойское, Забайкальский край;75:13:4
Усть-Мензинское, Красночикойское, Забайкальский край;75:13:5
Черемховское, Красночикойское, Забайкальский край;75:13:6
Алтанское, Кыринское, Забайкальский край;75:14:1
Кыринское, Кыринское, Забайкальский край;75:14:2
Мангутское, Кыринское, Забайкальский край;75:14:3
Амазарское, Могочинское, Забайкальский край;75:15:1
Давендинское, Могочинское, Забайкальский край;75:15:2
Ксеньевское, Могочинское, Забайкальский край;75:15:3
Могочинское, Могочинское, Забайкальский край;75:15:4
Сбегинское, Могочинское, Забайкальский край;75:15:5
Семиозерное, Могочинское, Забайкальский край;75:15:6
Тунгиро-Олекминское, Могочинское, Забайкальский край;75:15:7
Знаменское, Нерчинское, Забайкальский край;75:16:1
Зюльзинское, Нерчинское, Забайкальский край;75:16:2
Калиновское, Нерчинское, Забайкальский край;75:16:3
Пешковское, Нерчинское, Забайкальский край;75:16:4
Елизаветинское, Оленгуйское, Забайкальский край;75:17:1
Ленинское, Оленгуйское, Забайкальский край;75:17:2
Маккавеевское, Оленгуйское, Забайкальский край;75:17:3
Нижне-Оленгуйское, Оленгуйское, Забайкальский край;75:17:4
Оленгуйское, Оленгуйское, Забайкальский край;75:17:5
Кубухайское, Ононское, Забайкальский край;75:18:1
Цасучейское, Ононское, Забайкальский край;75:18:2
Балягинское, Петровск-Забайкальское, Забайкальский край;75:19:1
Катангарское, Петровск-Забайкальское, Забайкальский край;75:19:2
Малетинское, Петровск-Забайкальское, Забайкальский край;75:19:3
Новопавловское, Петровск-Забайкальское, Забайкальский край;75:19:4
Петровск-Забайкальское, Петровск-Забайкальское, Забайкальский край;75:19:5
Толбагинское, Петровск-Забайкальское, Забайкальский край;75:19:6
Хохотуйское, Петровск-Забайкальское, Забайкальский край;75:19:7
Агинское, Агинское, Забайкальский край;75:1:1
Аргалейское, Агинское, Забайкальский край;75:1:2
Могойтуйское, Агинское, Забайкальский край;75:1:3
Ботовское, Сретенское, Забайкальский край;75:20:1
Копуньское, Сретенское, Забайкальский край;75:20:2
Куэнгинское, Сретенское, Забайкальский край;75:20:3
Сретенское, Сретенское, Забайкальский край;75:20:4
Усть-Карское, Сретенское, Забайкальский край;75:20:5
Фирсовское, Сретенское, Забайкальский край;75:20:6
Чикичейское, Сретенское, Забайкальский край;75:20:7
Шелопугинское, Сретенское, Забайкальский край;75:20:8
Вершино-Дарасунское, Тунгокоченское, Забайкальский край;75:21:1
Калаканское, Тунгокоченское, Забайкальский край;75:21:2
Левобережное, Тунгокоченское, Забайкальский край;75:21:3
Тунгокоченское, Тунгокоченское, Забайкальский край;75:21:4
Усуглинское, Тунгокоченское, Забайкальский край;75:21:5
Леневоозерское, Хилокское, Забайкальский край;75:22:1
Могзонское, Хилокское, Забайкальский край;75:22:2
Харагунское, Хилокское, Забайкальский край;75:22:3
Хилокское, Хилокское, Забайкальский край;75:22:4
Хушенгинское, Хилокское, Забайкальский край;75:22:5
Энгорокское, Хилокское, Забайкальский край;75:22:6
Намингинское, Чарское, Забайкальский край;75:23:1
Нелятинское, Чарское, Забайкальский край;75:23:2
Удоканское, Чарское, Забайкальский край;75:23:3
Чарское, Чарское, Забайкальский край;75:23:4
Букачачинское, Чернышевское, Забайкальский край;75:24:1
Бушулейское, Чернышевское, Забайкальский край;75:24:2
Зиловское, Чернышевское, Забайкальский край;75:24:3
Чернышевское, Чернышевское, Забайкальский край;75:24:4
Городское, Читинское, Забайкальский край;75:25:1
Кручининское, Читинское, Забайкальский край;75:25:2
Сивяковское, Читинское, Забайкальский край;75:25:3
Черновское, Читинское, Забайкальский край;75:25:4
Верхне-Хилинское, Шилкинское, Забайкальский край;75:26:1
Зубаревское, Шилкинское, Забайкальский край;75:26:2
Шилкинское, Шилкинское, Забайкальский край;75:26:3
Алханайское, НП Алханай, Забайкальский край;75:29:1
Ара-Илинское, НП Алханай, Забайкальский край;75:29:2
Краснояровское, НП Алханай, Забайкальский край;75:29:3
Акшинское, Акшинское, Забайкальский край;75:2:1
Нарасунское, Акшинское, Забайкальский край;75:2:2
Урейское, Акшинское, Забайкальский край;75:2:3
Усть-Илинское, Акшинское, Забайкальский край;75:2:4
Акатуйское, Александровско-Заводское, Забайкальский край;75:3:1
Акурайское, Александровско-Заводское, Забайкальский край;75:3:2
Александровско-Заводское, Александровско-Заводское, Забайкальский край;75:3:3
Борзинское, Александровско-Заводское, Забайкальский край;75:3:4
Кличкинское, Александровско-Заводское, Забайкальский край;75:3:5
Курунзулайское, Александровско-Заводское, Забайкальский край;75:3:6
Калганское, Аргунское, Забайкальский край;75:4:1
Нерчинско-Заводское, Аргунское, Забайкальский край;75:4:2
Уровское, Аргунское, Забайкальский край;75:4:3
Бадинское, Бадинское, Забайкальский край;75:5:1
Жипхегенское, Бадинское, Забайкальский край;75:5:2
Балейское, Балейское, Забайкальский край;75:6:1
Калангуйское, Балейское, Забайкальский край;75:6:2
Оловяннинское, Балейское, Забайкальский край;75:6:3
Талангуйское, Балейское, Забайкальский край;75:6:4
Улятуйское, Балейское, Забайкальский край;75:6:5
Ундинское, Балейское, Забайкальский край;75:6:6
Беклемишевское, Беклемишевское, Забайкальский край;75:7:1
Озерное, Беклемишевское, Забайкальский край;75:7:2
Сохондинское, Беклемишевское, Забайкальский край;75:7:3
Яблоновское, Беклемишевское, Забайкальский край;75:7:4
Бургенское, Верхне-Читинское, Забайкальский край;75:8:1
Верхне-Читинское, Верхне-Читинское, Забайкальский край;75:8:2
Новотроицкое, Верхне-Читинское, Забайкальский край;75:8:3
Учебно-Опытное, Верхне-Читинское, Забайкальский край;75:8:4
Газимуро-Заводское, Газимуро-Заводское, Забайкальский край;75:9:1
Кактолгинское, Газимуро-Заводское, Забайкальский край;75:9:2
Курлеинское, Газимуро-Заводское, Забайкальский край;75:9:3
Козское, Пречистенское, Ярославская область;76:10:1
Макаровское, Пречистенское, Ярославская область;76:10:2
Марфинское, Пречистенское, Ярославская область;76:10:3
Первомайское, Пречистенское, Ярославская область;76:10:4
Скалинское, Пречистенское, Ярославская область;76:10:5
Петровское, Ростовское, Ярославская область;76:11:1
Ростовское, Ростовское, Ярославская область;76:11:2
Арефинское, Рыбинское, Ярославская область;76:12:1
Борзовское, Рыбинское, Ярославская область;76:12:2
Ломовское, Рыбинское, Ярославская область;76:12:3
Приволжское, Рыбинское, Ярославская область;76:12:4
Пригородное, Рыбинское, Ярославская область;76:12:5
Тутаевское, Тутаевское, Ярославская область;76:13:1
Чебаковское, Тутаевское, Ярославская область;76:13:2
Заволжское, Угличское, Ярославская область;76:14:1
Ильинское, Угличское, Ярославская область;76:14:2
Покровское, Угличское, Ярославская область;76:14:3
Угличское, Угличское, Ярославская область;76:14:4
Некрасовское, Ярославское, Ярославская область;76:15:1
Пригородное, Ярославское, Ярославская область;76:15:2
Яковлевское, Ярославское, Ярославская область;76:15:3
Большесельское, Большесельское, Ярославская область;76:1:1
Новосельское, Большесельское, Ярославская область;76:1:2
Борисоглебское, Борисоглебское, Ярославская область;76:2:1
Высоковское, Борисоглебское, Ярославская область;76:2:2
Неверковское, Борисоглебское, Ярославская область;76:2:3
Брейтовское, Брейтовское, Ярославская область;76:3:1
Ситское, Брейтовское, Ярославская область;76:3:2
Курбское, Гаврилов-Ямское, Ярославская область;76:4:1
Ставотинское, Гаврилов-Ямское, Ярославская область;76:4:2
Даниловское, Даниловское, Ярославская область;76:5:1
Ивановское, Даниловское, Ярославская область;76:5:2
Середское, Даниловское, Ярославская область;76:5:3
Бедаревское, Любимское, Ярославская область;76:6:1
Кулижское, Любимское, Ярославская область;76:6:2
Любимское, Любимское, Ярославская область;76:6:3
Павловское, Любимское, Ярославская область;76:6:4
Воскресенское, Некоузское, Ярославская область;76:7:1
Мышкинское, Некоузское, Ярославская область;76:7:2
Некоузское, Некоузское, Ярославская область;76:7:3
Заладьевское, Переславское, Ярославская область;76:8:1
Переславское, Переславское, Ярославская область;76:8:2
Рогозининское, Переславское, Ярославская область;76:8:3
Рязанцевское, Переславское, Ярославская область;76:8:4
Сольбинское, Переславское, Ярославская область;76:8:5
Белосельское, Пошехонское, Ярославская область;76:9:1
Вязовское, Пошехонское, Ярославская область;76:9:2
Ермаковское, Пошехонское, Ярославская область;76:9:3
Люксембургское, Пошехонское, Ярославская область;76:9:4
Согожское, Пошехонское, Ярославская область;76:9:5
Ухринское, Пошехонское, Ярославская область;76:9:6
Кипенское, Курортное, Санкт-Петербург - город федерального значения;78:1:1
Комаровское, Курортное, Санкт-Петербург - город федерального значения;78:1:2
Молодежное, Курортное, Санкт-Петербург - город федерального значения;78:1:3
Песочинское, Курортное, Санкт-Петербург - город федерального значения;78:1:4
Приморское, Курортное, Санкт-Петербург - город федерального значения;78:1:5
Сестрорецкое, Курортное, Санкт-Петербург - город федерального значения;78:1:6
Биробиджанское, Биробиджанское, Еврейская автономная область;79:1:1
Бобрихинское, Биробиджанское, Еврейская автономная область;79:1:2
Городское, Биробиджанское, Еврейская автономная область;79:1:3
Желтояровское, Биробиджанское, Еврейская автономная область;79:1:4
Смидовичское, Биробиджанское, Еврейская автономная область;79:1:5
Бирское, Бирское, Еврейская автономная область;79:2:1
Будуканское, Бирское, Еврейская автономная область;79:2:2
Лондоковское, Бирское, Еврейская автономная область;79:2:3
Успеновское, Бирское, Еврейская автономная область;79:2:4
Бираканское, Кульдурское, Еврейская автономная область;79:3:1
Известковое, Кульдурское, Еврейская автономная область;79:3:2
Кульдурское, Кульдурское, Еврейская автономная область;79:3:3
Теплоозерское, Кульдурское, Еврейская автономная область;79:3:4
Биджанское, Ленинское, Еврейская автономная область;79:4:1
Ленинское, Ленинское, Еврейская автономная область;79:4:2
Дичунское, Облученское, Еврейская автономная область;79:5:1
Облученское, Облученское, Еврейская автономная область;79:5:2
Сутарское, Облученское, Еврейская автономная область;79:5:3
Биджанское, Октябрьское, Еврейская автономная область;79:6:1
Полевое, Октябрьское, Еврейская автономная область;79:6:2
Помпеевское, Октябрьское, Еврейская автономная область;79:6:3
Самарское, Октябрьское, Еврейская автономная область;79:6:4
Горное, ГПЗ Бастак, Еврейская автономная область;79:7:1
Забеловское, ГПЗ Бастак, Еврейская автономная область;79:7:2
Икуринское, ГПЗ Бастак, Еврейская автономная область;79:7:3
Раздольненское, ГПЗ Бастак, Еврейская автономная область;79:7:4
Артёмовское, Амвросиевское, Донецкая Народная Республика;80:1:1
Благодатновское, Амвросиевское, Донецкая Народная Республика;80:1:2
Нижегородское, Амвросиевское, Донецкая Народная Республика;80:1:3
Степано-Крынское, Амвросиевское, Донецкая Народная Республика;80:1:4
Великоанадольское, Великоанадольское, Донецкая Народная Республика;80:2:1
Великоновоселковское, Великоанадольское, Донецкая Народная Республика;80:2:2
Златоусовское, Великоанадольское, Донецкая Народная Республика;80:2:3
Мариупольская лесная НИС, Великоанадольское, Донецкая Народная Республика;80:2:4
Ялынское, Великоанадольское, Донецкая Народная Республика;80:2:5
Горловское, Горловское, Донецкая Народная Республика;80:3:1
Дзержинское, Горловское, Донецкая Народная Республика;80:3:2
Енакиевское, Горловское, Донецкая Народная Республика;80:3:3
Ясиноватское, Горловское, Донецкая Народная Республика;80:3:4
Кировское, Донецкое, Донецкая Народная Республика;80:4:1
Макеевское, Донецкое, Донецкая Народная Республика;80:4:2
Петровское, Донецкое, Донецкая Народная Республика;80:4:3
Пролетарское, Донецкое, Донецкая Народная Республика;80:4:4
Дробышевское, Краснолиманское, Донецкая Народная Республика;80:5:1
Краснолиманское им. С.И. Склярова, Краснолиманское, Донецкая Народная Республика;80:5:2
Ямпольское, Краснолиманское, Донецкая Народная Республика;80:5:3
Азовское, Приазовское, Донецкая Народная Республика;80:6:1
Курское, Приазовское, Донецкая Народная Республика;80:6:2
Федоровское, Приазовское, Донецкая Народная Республика;80:6:3
Янисольское, Приазовское, Донецкая Народная Республика;80:6:4
Старобешевское, Старобешевское, Донецкая Народная Республика;80:7:1
Новоазовское, Тельмановское, Донецкая Народная Республика;80:8:1
Староигнатовское, Тельмановское, Донецкая Народная Республика;80:8:2
Тельмановское, Тельмановское, Донецкая Народная Республика;80:8:3
Дмитровское, Торезское, Донецкая Народная Республика;80:9:1
Снежнянское, Торезское, Донецкая Народная Республика;80:9:2
Торезское, Торезское, Донецкая Народная Республика;80:9:3
Шахтерское, Торезское, Донецкая Народная Республика;80:9:4
Кондрашевское, Станично-Луганское, Луганская Народная республика;81:10:1
Малиновское, Станично-Луганское, Луганская Народная республика;81:10:2
Песчаное, Станично-Луганское, Луганская Народная республика;81:10:3
Станично-Луганское, Станично-Луганское, Луганская Народная республика;81:10:4
Счастьенское, Станично-Луганское, Луганская Народная республика;81:10:5
Чугинское, Станично-Луганское, Луганская Народная республика;81:10:6
Белолуцкое, Старобельское, Луганская Народная республика;81:11:1
Новобелянское, Старобельское, Луганская Народная республика;81:11:2
Новопсковское, Старобельское, Луганская Народная республика;81:11:3
Старобельское, Старобельское, Луганская Народная республика;81:11:4
Беловодское, Беловодское, Луганская Народная республика;81:1:1
Бондаровское, Беловодское, Луганская Народная республика;81:1:2
Евсугское, Беловодское, Луганская Народная республика;81:1:3
Марковское, Беловодское, Луганская Народная республика;81:1:4
Меловское, Беловодское, Луганская Народная республика;81:1:5
Никольское, Беловодское, Луганская Народная республика;81:1:6
Алексеевское, Белокуракинское, Луганская Народная республика;81:2:1
Белокуракинское, Белокуракинское, Луганская Народная республика;81:2:2
Лозно-Александровское, Белокуракинское, Луганская Народная республика;81:2:3
Троицкое, Белокуракинское, Луганская Народная республика;81:2:4
Антрацитовское, Ивановское, Луганская Народная республика;81:3:1
Дьяковское, Ивановское, Луганская Народная республика;81:3:2
Ивановское, Ивановское, Луганская Народная республика;81:3:3
Краснокутское, Ивановское, Луганская Народная республика;81:3:4
Успенское, Ивановское, Луганская Народная республика;81:3:5
Чернухинское, Ивановское, Луганская Народная республика;81:3:6
Щетовское, Ивановское, Луганская Народная республика;81:3:7
Боровенское, Кременское, Луганская Народная республика;81:4:1
Веригинское, Кременское, Луганская Народная республика;81:4:2
Житловское, Кременское, Луганская Народная республика;81:4:3
Комсомольское, Кременское, Луганская Народная республика;81:4:4
Кудряшовское, Кременское, Луганская Народная республика;81:4:5
Новокраснянское, Кременское, Луганская Народная республика;81:4:6
Серебрянское, Кременское, Луганская Народная республика;81:4:7
Сеточное, Кременское, Луганская Народная республика;81:4:8
Старокраснянское, Кременское, Луганская Народная республика;81:4:9
Веселогоровское, Луганское, Луганская Народная республика;81:5:1
Красноярское, Луганское, Луганская Народная республика;81:5:2
Луганское, Луганское, Луганская Народная республика;81:5:3
Николаевское, Луганское, Луганская Народная республика;81:5:4
Перевальское, Луганское, Луганская Народная республика;81:5:5
Славяносербское, Луганское, Луганская Народная республика;81:5:6
Стахановское, Луганское, Луганская Народная республика;81:5:7
Ахтырское, Новоайдарское, Луганская Народная республика;81:6:1
Гречишкинское, Новоайдарское, Луганская Народная республика;81:6:2
Капитановское, Новоайдарское, Луганская Народная республика;81:6:3
Новоайдарское, Новоайдарское, Луганская Народная республика;81:6:4
Песчаное, Новоайдарское, Луганская Народная республика;81:6:5
Райгородское, Новоайдарское, Луганская Народная республика;81:6:6
Трехизбенское, Новоайдарское, Луганская Народная республика;81:6:7
Мостковское, Сватовское, Луганская Народная республика;81:7:1
Сватовское, Сватовское, Луганская Народная республика;81:7:2
Краснодонское, Свердловское, Луганская Народная республика;81:8:1
Ореховское, Свердловское, Луганская Народная республика;81:8:2
Ровеньковское, Свердловское, Луганская Народная республика;81:8:3
Свердловское, Свердловское, Луганская Народная республика;81:8:4
Бобровское, Северодонецкое, Луганская Народная республика;81:9:1
Боровское, Северодонецкое, Луганская Народная республика;81:9:2
Попаснянское, Северодонецкое, Луганская Народная республика;81:9:3
Северодонецкое, Северодонецкое, Луганская Народная республика;81:9:4
Тошковское, Северодонецкое, Луганская Народная республика;81:9:5
Комсомольское, Судакское, Республика Крым;82:10:1
Морское, Судакское, Республика Крым;82:10:2
Приветненское, Судакское, Республика Крым;82:10:3
Приморское, Судакское, Республика Крым;82:10:4
Судакское, Судакское, Республика Крым;82:10:5
"Гурзуфское, ГПЗ ""Ялтинский горно-лесной"", Республика Крым";82:12:1
"Ливадийское, ГПЗ ""Ялтинский горно-лесной"", Республика Крым";82:12:2
"Алупкинское, ГПЗ ""Ялтинский горно-лесной"", Республика Крым";82:12:3
"Оползневское, ГПЗ ""Ялтинский горно-лесной"", Республика Крым";82:12:4
Красногвардейское, Степное, Республика Крым;82:15:1
Раздольненское, Степное, Республика Крым;82:15:2
Алуштинское, Алуштинское, Республика Крым;82:1:1
Запрудненское, Алуштинское, Республика Крым;82:1:2
Солнечногорское, Алуштинское, Республика Крым;82:1:3
Верхореченское, Бахчисарайское, Республика Крым;82:2:1
Михайловское, Бахчисарайское, Республика Крым;82:2:2
Привольное, Бахчисарайское, Республика Крым;82:2:3
Белогорское, Белогорское, Республика Крым;82:3:1
Новокленовское, Белогорское, Республика Крым;82:3:2
Подгорное, Белогорское, Республика Крым;82:3:3
Пристепное, Белогорское, Республика Крым;82:3:4
Прияйлинское, Белогорское, Республика Крым;82:3:5
Ущельное, Белогорское, Республика Крым;82:3:6
Холодная гора, Белогорское, Республика Крым;82:3:7
Джанкойское, Джанкойское, Республика Крым;82:4:1
Красногвардейское, Джанкойское, Республика Крым;82:4:2
Евпаторийское, Евпаторийское, Республика Крым;82:5:1
Сакское, Евпаторийское, Республика Крым;82:5:2
Куйбышевское, Куйбышевское, Республика Крым;82:6:1
Соколинское, Куйбышевское, Республика Крым;82:6:2
Сосновое, Куйбышевское, Республика Крым;82:6:3
Красноперекопское, Раздольненское, Республика Крым;82:7:1
Раздольненское, Раздольненское, Республика Крым;82:7:2
Красногорское, Симферопольское, Республика Крым;82:8:1
Лесопарковое, Симферопольское, Республика Крым;82:8:2
Межгорское, Симферопольское, Республика Крым;82:8:3
Партизанское, Симферопольское, Республика Крым;82:8:4
Перевальненское, Симферопольское, Республика Крым;82:8:5
Пионерское, Симферопольское, Республика Крым;82:8:6
Грушевское, Старокрымское, Республика Крым;82:9:1
Керченское, Старокрымское, Республика Крым;82:9:2
Ленинское, Старокрымское, Республика Крым;82:9:3
Октябрьское, Старокрымское, Республика Крым;82:9:4
Старокрымское, Старокрымское, Республика Крым;82:9:5
Феодосийское, Старокрымское, Республика Крым;82:9:6
Без деления на участковые лесничества, Ненецкое, Ненецкий автономный округ;83:1:00
Алешкинское, Алешкинское, Херсонская область;84:1:1
Белозерское, Алешкинское, Херсонская область;84:1:2
Костогрызовское, Алешкинское, Херсонская область;84:1:3
Крынковское, Алешкинское, Херсонская область;84:1:4
Пролетарское, Алешкинское, Херсонская область;84:1:5
Токаревское, Алешкинское, Херсонская область;84:1:6
Херсонское, Алешкинское, Херсонская область;84:1:7
Великоалександровское, Великоалександровское, Херсонская область;84:2:1
Гавриловское, Великоалександровское, Херсонская область;84:2:2
Заградовское, Великоалександровское, Херсонская область;84:2:3
Калининское, Великоалександровское, Херсонская область;84:2:4
Качкаревское, Великоалександровское, Херсонская область;84:2:5
Снигиревское, Великоалександровское, Херсонская область;84:2:6
Великокопанское, Великокопанское, Херсонская область;84:3:1
Днепровское, Великокопанское, Херсонская область;84:3:2
Корсунское, Великокопанское, Херсонская область;84:3:3
Новомаячковское, Великокопанское, Херсонская область;84:3:4
Раденское, Великокопанское, Херсонская область;84:3:5
Гладковское, Голопристанское, Херсонская область;84:4:1
Голопристанское, Голопристанское, Херсонская область;84:4:2
Збурьевское, Голопристанское, Херсонская область;84:4:3
Кардашинское, Голопристанское, Херсонская область;84:4:4
Чулаковское, Голопристанское, Херсонская область;84:4:5
Бериславское, Каховское, Херсонская область;84:5:1
Великолепетихское, Каховское, Херсонская область;84:5:2
Горностаевское, Каховское, Херсонская область;84:5:3
Краснополянское, Каховское, Херсонская область;84:5:4
Новокаховское, Каховское, Херсонская область;84:5:5
Первомаевское, Каховское, Херсонская область;84:5:6
Гаевское, Новотроицкое, Херсонская область;84:6:1
Нижнесерогозское, Новотроицкое, Херсонская область;84:6:2
Новотроицкое, Новотроицкое, Херсонская область;84:6:3
Чонгарское, Новотроицкое, Херсонская область;84:6:4
Васильевское, Рыбальченское, Херсонская область;84:7:1
Геройское, Рыбальченское, Херсонская область;84:7:2
Ивановское, Рыбальченское, Херсонская область;84:7:3
Кинбурнское, Рыбальченское, Херсонская область;84:7:4
Рыбальченское, Рыбальченское, Херсонская область;84:7:5
Буркутское, Скадовское, Херсонская область;84:8:1
Виноградовское, Скадовское, Херсонская область;84:8:2
Джарылгачское, Скадовское, Херсонская область;84:8:3
Скадовское, Скадовское, Херсонская область;84:8:4
Андреевское, Бердянское, Запорожская область;85:1:1
Бердянское, Бердянское, Запорожская область;85:1:2
Куйбышевское, Бердянское, Запорожская область;85:1:3
Осипенковское, Бердянское, Запорожская область;85:1:4
Приморское, Бердянское, Запорожская область;85:1:5
Токмакское, Бердянское, Запорожская область;85:1:6
Черниговское, Бердянское, Запорожская область;85:1:7
Богатырское, Мелитопольское, Запорожская область;85:2:1
Великобелозерское, Мелитопольское, Запорожская область;85:2:2
Каменско-Днепровское, Мелитопольское, Запорожская область;85:2:3
Михайловское, Мелитопольское, Запорожская область;85:2:4
Приазовское, Мелитопольское, Запорожская область;85:2:5
Старо-Бердянское, Мелитопольское, Запорожская область;85:2:6
Кедровское, Самаровское, Ханты-Мансийский автономный округ - Югра;86:10:1
Правдинское, Самаровское, Ханты-Мансийский автономный округ - Югра;86:10:2
Троицкое, Самаровское, Ханты-Мансийский автономный округ - Югра;86:10:3
Ханты-Мансийское, Самаровское, Ханты-Мансийский автономный округ - Югра;86:10:4
Арантурское, Советское, Ханты-Мансийский автономный округ - Югра;86:11:1
Зеленоборское, Советское, Ханты-Мансийский автономный округ - Югра;86:11:2
Картопское, Советское, Ханты-Мансийский автономный округ - Югра;86:11:3
Мулымское, Советское, Ханты-Мансийский автономный округ - Югра;86:11:4
Пионерское, Советское, Ханты-Мансийский автономный округ - Югра;86:11:5
Самзасское, Советское, Ханты-Мансийский автономный округ - Югра;86:11:6
Таежное, Советское, Ханты-Мансийский автономный округ - Югра;86:11:7
Торское, Советское, Ханты-Мансийский автономный округ - Югра;86:11:8
Эсское, Советское, Ханты-Мансийский автономный округ - Югра;86:11:9
Когалымское, Сургутское, Ханты-Мансийский автономный округ - Югра;86:12:1
Нижне-Сартымское, Сургутское, Ханты-Мансийский автономный округ - Югра;86:12:2
Пимское, Сургутское, Ханты-Мансийский автономный округ - Югра;86:12:3
Русскинское, Сургутское, Ханты-Мансийский автономный округ - Югра;86:12:4
Сургутское, Сургутское, Ханты-Мансийский автономный округ - Югра;86:12:5
Сытоминское, Сургутское, Ханты-Мансийский автономный округ - Югра;86:12:6
Ульт-Ягунское, Сургутское, Ханты-Мансийский автономный округ - Югра;86:12:7
Верхне-Кондинское, Урайское, Ханты-Мансийский автономный округ - Югра;86:13:1
Урайское, Урайское, Ханты-Мансийский автономный округ - Югра;86:13:2
Учинское, Урайское, Ханты-Мансийский автономный округ - Югра;86:13:3
Локосовское, Юганское, Ханты-Мансийский автономный округ - Югра;86:14:1
Тайлаковское, Юганское, Ханты-Мансийский автономный округ - Югра;86:14:2
Угутское, Юганское, Ханты-Мансийский автономный округ - Югра;86:14:3
Хангокуртское, ГПЗ Малая Сосьва, Ханты-Мансийский автономный округ - Югра;86:15:01
Ханлазинское, ГПЗ Малая Сосьва, Ханты-Мансийский автономный округ - Югра;86:15:02
Шухтунгортское, ГПЗ Малая Сосьва, Ханты-Мансийский автономный округ - Югра;86:15:03
Колек-Еганское, Аганское, Ханты-Мансийский автономный округ - Югра;86:1:1
Новоаганское, Аганское, Ханты-Мансийский автономный округ - Югра;86:1:2
Радужнинское, Аганское, Ханты-Мансийский автономный округ - Югра;86:1:3
Без деления на участковые лесничества, Городские леса г. Лангепас, Ханты-Мансийский автономный округ - Югра;86:21:00
Казымское, Белоярское, Ханты-Мансийский автономный округ - Югра;86:2:1
Лыхминское, Белоярское, Ханты-Мансийский автономный округ - Югра;86:2:2
Полноватское, Белоярское, Ханты-Мансийский автономный округ - Югра;86:2:3
Березовское, Берёзовское, Ханты-Мансийский автономный округ - Югра;86:3:1
Саранпаульское, Берёзовское, Ханты-Мансийский автономный округ - Югра;86:3:2
Сосьвинское, Берёзовское, Ханты-Мансийский автономный округ - Югра;86:3:3
Без деления на участковые лесничества, Советское городское, Ханты-Мансийский автономный округ - Югра;86:41:00
Болчаровское, Кондинское, Ханты-Мансийский автономный округ - Югра;86:4:1
Карымское, Кондинское, Ханты-Мансийский автономный округ - Югра;86:4:2
Кондинское, Кондинское, Ханты-Мансийский автономный округ - Югра;86:4:3
Куминское, Кондинское, Ханты-Мансийский автономный округ - Югра;86:4:4
Леушинское, Кондинское, Ханты-Мансийский автономный округ - Югра;86:4:5
Морткинское, Кондинское, Ханты-Мансийский автономный округ - Югра;86:4:6
Куль-Еганское, Мегионское, Ханты-Мансийский автономный округ - Югра;86:5:1
Лангепасское, Мегионское, Ханты-Мансийский автономный округ - Югра;86:5:2
Октябрьское, Мегионское, Ханты-Мансийский автономный округ - Югра;86:5:3
Покачевское, Мегионское, Ханты-Мансийский автономный округ - Югра;86:5:4
Сарт-Еганское, Мегионское, Ханты-Мансийский автономный округ - Югра;86:5:5
Куть-Яхское, Нефтеюганское, Ханты-Мансийский автономный округ - Югра;86:6:1
Лемпинское, Нефтеюганское, Ханты-Мансийский автономный округ - Югра;86:6:2
Нефтеюганское, Нефтеюганское, Ханты-Мансийский автономный округ - Югра;86:6:3
Пывь-Яхское, Нефтеюганское, Ханты-Мансийский автономный округ - Югра;86:6:4
Салымское, Нефтеюганское, Ханты-Мансийский автономный округ - Югра;86:6:5
Юнг-Яхское, Нефтеюганское, Ханты-Мансийский автономный округ - Югра;86:6:6
Излучинское, Нижневартовское, Ханты-Мансийский автономный округ - Югра;86:7:1
Корликовское, Нижневартовское, Ханты-Мансийский автономный округ - Югра;86:7:2
Ларьякское, Нижневартовское, Ханты-Мансийский автономный округ - Югра;86:7:3
Нижневартовское, Нижневартовское, Ханты-Мансийский автономный округ - Югра;86:7:4
Охтеурское, Нижневартовское, Ханты-Мансийский автономный округ - Югра;86:7:5
Няксимвольское, Няксимвольское, Ханты-Мансийский автономный округ - Югра;86:8:1
Хуранское, Няксимвольское, Ханты-Мансийский автономный округ - Югра;86:8:2
Ендырское, Октябрьское, Ханты-Мансийский автономный округ - Югра;86:9:1
Няганское, Октябрьское, Ханты-Мансийский автономный округ - Югра;86:9:2
Обское, Октябрьское, Ханты-Мансийский автономный округ - Югра;86:9:3
Октябрьское, Октябрьское, Ханты-Мансийский автономный округ - Югра;86:9:4
Перегребинское, Октябрьское, Ханты-Мансийский автономный округ - Югра;86:9:5
Ун-Юганское, Октябрьское, Ханты-Мансийский автономный округ - Югра;86:9:6
Анюйское, Чукотское, Чукотский автономный округ;87:1:1
Билибинское, Чукотское, Чукотский автономный округ;87:1:2
Марковское, Чукотское, Чукотский автономный округ;87:1:3
Омолонское, Чукотское, Чукотский автономный округ;87:1:4
Без деления на участковые лесничества, Муравленковское, Ямало-Ненецкий автономный округ;88:15:00
Красноселькупское, Красноселькупское, Ямало-Ненецкий автономный округ;88:1:1
Раттинское, Красноселькупское, Ямало-Ненецкий автономный округ;88:1:2
Толькинское, Красноселькупское, Ямало-Ненецкий автономный округ;88:1:3
Лонг-Юганское, Надымское, Ямало-Ненецкий автономный округ;88:2:1
Надымское, Надымское, Ямало-Ненецкий автономный округ;88:2:2
Пангодинское, Надымское, Ямало-Ненецкий автономный округ;88:2:3
Вынгапуровское, Ноябрьское, Ямало-Ненецкий автономный округ;88:3:1
Муравленковское, Ноябрьское, Ямало-Ненецкий автономный округ;88:3:2
Ноябрьское, Ноябрьское, Ямало-Ненецкий автономный округ;88:3:3
Пурпейское, Таркосалинское, Ямало-Ненецкий автономный округ;88:4:1
Таркосалинское, Таркосалинское, Ямало-Ненецкий автономный округ;88:4:2
Уренгойское, Таркосалинское, Ямало-Ненецкий автономный округ;88:4:3
Горковское, Ямальское, Ямало-Ненецкий автономный округ;88:5:1
Мужевское, Ямальское, Ямало-Ненецкий автономный округ;88:5:2
Приуральское, Ямальское, Ямало-Ненецкий автономный округ;88:5:3
Раттинское, ГПЗ Верхне-Тазовский, Ямало-Ненецкий автономный округ;88:6:1
Поколькое, ГПЗ Верхне-Тазовский, Ямало-Ненецкий автономный округ;88:6:2
Мекензиевское, Севастопольское, Севастополь - город федерального значения;89:1:1
Орлиновское, Севастопольское, Севастополь - город федерального значения;89:1:2
Севастопольское, Севастопольское, Севастополь - город федерального значения;89:1:3
Терновское, Севастопольское, Севастополь - город федерального значения;89:1:4
Чернореченское, Севастопольское, Севастополь - город федерального значения;89:1:5
