annotation;enumeration_value
Воронежский государственный природный биосферный заповедник, Воронежская область, Липецкая область, Земли особо охраняемых природных территорий;00:1
Архангельское, Архангельская область, Мурманская область, Земли обороны и безопасности;00:10
Брянское, Белгородская область, Брянская область, Воронежская область, Калужская область, Курская область, Липецкая область, Орловская область, Смоленская область, Тамбовская область, Земли обороны и безопасности;00:11
Гороховецкое, Владимирская область, Ивановская область, Костромская область, Нижегородская область, Ярославская область, Земли обороны и безопасности;00:12
Камышловское, Курганская область, Свердловская область, Земли обороны и безопасности;00:13
Кировское, Кировская область, Республика Коми, Земли обороны и безопасности;00:14
Костеревское, Владимирская область, Московская область, Земли обороны и безопасности;00:15
Лужское, Ленинградская область, Псковская область, Земли обороны и безопасности;00:16
Марийское, Республика Марий Эл, Республика Татарстан (Татарстан), Земли обороны и безопасности;00:17
Морозовское, Калининградская область, Ленинградская область, Земли обороны и безопасности;00:18
Московское, Владимирская область, Калужская область, Московская область, Рязанская область, Тульская область, Ярославская область, Земли обороны и безопасности;00:19
ГПБЗ Дарвинский, Вологодская область, Ярославская область, Земли особо охраняемых природных территорий;00:2
Новосибирское, Кемеровская область, Новосибирская область, Омская область, Томская область, Земли обороны и безопасности;00:20
Пензенское, Пензенская область, Саратовская область, Ульяновская область, Земли обороны и безопасности;00:21
Пермское, Пермский край, Удмуртская Республика, Земли обороны и безопасности;00:22
Свердловское, Курганская область, Свердловская область, Земли обороны и безопасности;00:23
Тверское, Новгородская область, Тверская область, Земли обороны и безопасности;00:24
Улан-Удэнское, Забайкальский край, Республика Бурятия, Земли обороны и безопасности;00:25
Хвойное, Вологодская область, Ленинградская область, Мурманская область, Республика Карелия, Земли обороны и безопасности;00:26
Читинское, Забайкальский край, Республика Бурятия, Земли обороны и безопасности;00:27
Ярославское, Волгоградская область, Кабардино-Балкарская Республика, Краснодарский край, Республика Адыгея (Адыгея), Республика Северная Осетия - Алания, Земли обороны и безопасности;00:28
ГПБЗ Кавказский, Карачаево-Черкесская Республика, Краснодарский край, Республика Адыгея (Адыгея), Земли особо охраняемых природных территорий;00:3
ГПЗ Кандалакшский, Мурманская область, Республика Карелия, Земли особо охраняемых природных территорий;00:4
ГПЗ Южно-Уральский, Республика Башкортостан, Челябинская область, Земли особо охраняемых природных территорий;00:5
НП Бузулукский бор, Оренбургская область, Самарская область, Земли особо охраняемых природных территорий;00:6
НП Водлозерский, Архангельская область, Республика Карелия, Земли особо охраняемых природных территорий;00:7
Завидовское, Московская область, Тверская область, Земли особо охраняемых природных территорий;00:8
Алтайское, Алтайский край, Новосибирская область, Земли обороны и безопасности;00:9
Гузерипльское, Республика Адыгея (Адыгея), Земли лесного фонда;01:1
Тахтамукайское АТО, Республика Адыгея (Адыгея), Земли населенных пунктов;01:10
Теучежское АТО, Республика Адыгея (Адыгея), Земли населенных пунктов;01:11
Шовгеновское АТО, Республика Адыгея (Адыгея), Земли населенных пунктов;01:12
Красногвардейское, Республика Адыгея (Адыгея), Земли лесного фонда;01:2
Майкопское, Республика Адыгея (Адыгея), Земли лесного фонда;01:3
Первомайское, Республика Адыгея (Адыгея), Земли лесного фонда;01:4
г.Майкоп, Республика Адыгея (Адыгея), Земли населенных пунктов;01:5
Гиагинское АТО, Республика Адыгея (Адыгея), Земли населенных пунктов;01:6
Кошехабльское АТО, Республика Адыгея (Адыгея), Земли населенных пунктов;01:7
Красногвардейское АТО, Республика Адыгея (Адыгея), Земли населенных пунктов;01:8
Майкопское АТО, Республика Адыгея (Адыгея), Земли населенных пунктов;01:9
Абзелиловское, Республика Башкортостан, Земли лесного фонда;02:1
Бирское, Республика Башкортостан, Земли лесного фонда;02:10
Бурзянское, Республика Башкортостан, Земли лесного фонда;02:11
Гафурийское, Республика Башкортостан, Земли лесного фонда;02:12
Дуванское, Республика Башкортостан, Земли лесного фонда;02:13
Дюртюлинское, Республика Башкортостан, Земли лесного фонда;02:14
Зианчуринское, Республика Башкортостан, Земли лесного фонда;02:15
Зилаирское, Республика Башкортостан, Земли лесного фонда;02:16
Иглинское, Республика Башкортостан, Земли лесного фонда;02:17
Инзерское, Республика Башкортостан, Земли лесного фонда;02:18
Кананикольское, Республика Башкортостан, Земли лесного фонда;02:19
Авзянское, Республика Башкортостан, Земли лесного фонда;02:2
Караидельское, Республика Башкортостан, Земли лесного фонда;02:20
Кугарчинское, Республика Башкортостан, Земли лесного фонда;02:21
Макаровское, Республика Башкортостан, Земли лесного фонда;02:22
Нуримановское, Республика Башкортостан, Земли лесного фонда;02:23
Салаватское, Республика Башкортостан, Земли лесного фонда;02:24
Стерлитамакское, Республика Башкортостан, Земли лесного фонда;02:25
Тирлянское, Республика Башкортостан, Земли лесного фонда;02:26
Туймазинское, Республика Башкортостан, Земли лесного фонда;02:27
Уфимское, Республика Башкортостан, Земли лесного фонда;02:28
Учалинское, Республика Башкортостан, Земли лесного фонда;02:29
Альшеевское, Республика Башкортостан, Земли лесного фонда;02:3
Хайбуллинское, Республика Башкортостан, Земли лесного фонда;02:30
Янаульское, Республика Башкортостан, Земли лесного фонда;02:31
ГПЗ Башкирский, Республика Башкортостан, Земли особо охраняемых природных территорий;02:32
ГПЗ Шульган-Таш, Республика Башкортостан, Земли особо охраняемых природных территорий;02:33
НП Башкирия, Республика Башкортостан, Земли особо охраняемых природных территорий;02:34
Башкирское, Республика Башкортостан, Земли обороны и безопасности;02:35
Абзелиловский, Республика Башкортостан, Земли населенных пунктов;02:36
Альшеевский, Республика Башкортостан, Земли населенных пунктов;02:37
Архангельский, Республика Башкортостан, Земли населенных пунктов;02:38
Аскинский, Республика Башкортостан, Земли населенных пунктов;02:39
Архангельское, Республика Башкортостан, Земли лесного фонда;02:4
Аургазинский, Республика Башкортостан, Земли населенных пунктов;02:40
Баймакский, Республика Башкортостан, Земли населенных пунктов;02:41
Бакалинский, Республика Башкортостан, Земли населенных пунктов;02:42
Балтачевский, Республика Башкортостан, Земли населенных пунктов;02:43
Белебеевский, Республика Башкортостан, Земли населенных пунктов;02:44
Белокатайский, Республика Башкортостан, Земли населенных пунктов;02:45
Белорецкий, Республика Башкортостан, Земли населенных пунктов;02:46
Бижбулякский, Республика Башкортостан, Земли населенных пунктов;02:47
Бирский, Республика Башкортостан, Земли населенных пунктов;02:48
Благоварский, Республика Башкортостан, Земли населенных пунктов;02:49
Аскинское, Республика Башкортостан, Земли лесного фонда;02:5
Благовещенский, Республика Башкортостан, Земли населенных пунктов;02:50
Буздякский, Республика Башкортостан, Земли населенных пунктов;02:51
Бураевский, Республика Башкортостан, Земли населенных пунктов;02:52
Бурзянский, Республика Башкортостан, Земли населенных пунктов;02:53
г. Белебей, Республика Башкортостан, Земли населенных пунктов;02:54
г. Ишимбай, Республика Башкортостан, Земли населенных пунктов;02:55
г. Кумертау, Республика Башкортостан, Земли населенных пунктов;02:56
г. Межгорье, Республика Башкортостан, Земли населенных пунктов;02:57
г. Октябрьский, Республика Башкортостан, Земли населенных пунктов;02:58
г. Салават, Республика Башкортостан, Земли населенных пунктов;02:59
Баймакское, Республика Башкортостан, Земли лесного фонда;02:6
лесничество городского округа город Стерлитамак, Республика Башкортостан, Земли населенных пунктов;02:60
г. Уфа, Республика Башкортостан, Земли населенных пунктов;02:61
Гафурийский, Республика Башкортостан, Земли населенных пунктов;02:62
Давлекановский, Республика Башкортостан, Земли населенных пунктов;02:63
Дуванский, Республика Башкортостан, Земли населенных пунктов;02:64
Дюртюлинский, Республика Башкортостан, Земли населенных пунктов;02:65
Ермекеевский, Республика Башкортостан, Земли населенных пунктов;02:66
Зианчуринский, Республика Башкортостан, Земли населенных пунктов;02:67
Зилаирский, Республика Башкортостан, Земли населенных пунктов;02:68
Иглинский, Республика Башкортостан, Земли населенных пунктов;02:69
Белебеевское, Республика Башкортостан, Земли лесного фонда;02:7
Илишевский, Республика Башкортостан, Земли населенных пунктов;02:70
Ишимбайский, Республика Башкортостан, Земли населенных пунктов;02:71
Калтасинский, Республика Башкортостан, Земли населенных пунктов;02:72
Караидельский, Республика Башкортостан, Земли населенных пунктов;02:73
Кармаскалинский, Республика Башкортостан, Земли населенных пунктов;02:74
Кигинский, Республика Башкортостан, Земли населенных пунктов;02:75
Краснокамский, Республика Башкортостан, Земли населенных пунктов;02:76
Кугарчинский, Республика Башкортостан, Земли населенных пунктов;02:77
Кушнаренковский, Республика Башкортостан, Земли населенных пунктов;02:78
Куюргазинский, Республика Башкортостан, Земли населенных пунктов;02:79
Белокатайское, Республика Башкортостан, Земли лесного фонда;02:8
Мелеузовский, Республика Башкортостан, Земли населенных пунктов;02:80
Мечетлинский, Республика Башкортостан, Земли населенных пунктов;02:81
Мишкинский, Республика Башкортостан, Земли населенных пунктов;02:82
Миякинский, Республика Башкортостан, Земли населенных пунктов;02:83
Нуримановский, Республика Башкортостан, Земли населенных пунктов;02:84
Салаватский, Республика Башкортостан, Земли населенных пунктов;02:85
Стерлибашевский, Республика Башкортостан, Земли населенных пунктов;02:86
Стерлитамакский, Республика Башкортостан, Земли населенных пунктов;02:87
Татышлинский, Республика Башкортостан, Земли населенных пунктов;02:88
Туймазинский, Республика Башкортостан, Земли населенных пунктов;02:89
Белорецкое, Республика Башкортостан, Земли лесного фонда;02:9
Уфимский, Республика Башкортостан, Земли населенных пунктов;02:90
Учалинский, Республика Башкортостан, Земли населенных пунктов;02:91
Федоровский, Республика Башкортостан, Земли населенных пунктов;02:92
Хайбуллинский, Республика Башкортостан, Земли населенных пунктов;02:93
Чекмагушевский, Республика Башкортостан, Земли населенных пунктов;02:94
Чишминский, Республика Башкортостан, Земли населенных пунктов;02:95
Шаранский, Республика Башкортостан, Земли населенных пунктов;02:96
Янаульский, Республика Башкортостан, Земли населенных пунктов;02:97
Ангоянское, Республика Бурятия, Земли лесного фонда;03:1
Гусиноозерское, Республика Бурятия, Земли лесного фонда;03:10
Джидинское, Республика Бурятия, Земли лесного фонда;03:11
Еравнинское, Республика Бурятия, Земли лесного фонда;03:12
Заиграевское, Республика Бурятия, Земли лесного фонда;03:13
Закаменское, Республика Бурятия, Земли лесного фонда;03:14
Заудинское, Республика Бурятия, Земли лесного фонда;03:15
Иволгинское, Республика Бурятия, Земли лесного фонда;03:16
Кабанское, Республика Бурятия, Земли лесного фонда;03:17
Кижингинское, Республика Бурятия, Земли лесного фонда;03:18
Кикинское, Республика Бурятия, Земли лесного фонда;03:19
Бабушкинское, Республика Бурятия, Земли лесного фонда;03:2
Кондинское, Республика Бурятия, Земли лесного фонда;03:20
Кудунское, Республика Бурятия, Земли лесного фонда;03:21
Куйтунское, Республика Бурятия, Земли лесного фонда;03:22
Курбинское, Республика Бурятия, Земли лесного фонда;03:23
Курумканское, Республика Бурятия, Земли лесного фонда;03:24
Кяхтинское, Республика Бурятия, Земли лесного фонда;03:25
Муйское, Республика Бурятия, Земли лесного фонда;03:26
Мухоршибирское, Республика Бурятия, Земли лесного фонда;03:27
Окинское, Республика Бурятия, Земли лесного фонда;03:28
Прибайкальское, Республика Бурятия, Земли лесного фонда;03:29
Байкальское, Республика Бурятия, Земли лесного фонда;03:3
Романовское, Республика Бурятия, Земли лесного фонда;03:30
Северо-Байкальское, Республика Бурятия, Земли лесного фонда;03:31
Селенгинское, Республика Бурятия, Земли лесного фонда;03:32
Улан-Удэнское, Республика Бурятия, Земли лесного фонда;03:33
Уоянское, Республика Бурятия, Земли лесного фонда;03:34
Усть-Баргузинское, Республика Бурятия, Земли лесного фонда;03:35
Хандагатайское, Республика Бурятия, Земли лесного фонда;03:36
Хоринское, Республика Бурятия, Земли лесного фонда;03:37
ГПБЗ Байкальский, Республика Бурятия, Земли особо охраняемых природных территорий;03:38
ГПБЗ Баргузинский, Республика Бурятия, Земли особо охраняемых природных территорий;03:39
Баргузинское, Республика Бурятия, Земли лесного фонда;03:4
ГПЗ Джергинский, Республика Бурятия, Земли особо охраняемых природных территорий;03:40
Забайкальский национальный парк, Республика Бурятия, Земли особо охраняемых природных территорий;03:41
НП Тункинский, Республика Бурятия, Земли особо охраняемых природных территорий;03:42
Баргузинский, Республика Бурятия, Земли населенных пунктов;03:43
Баунтовский, Республика Бурятия, Земли населенных пунктов;03:44
Бичурский, Республика Бурятия, Земли населенных пунктов;03:45
Джидинский, Республика Бурятия, Земли населенных пунктов;03:46
Еравнинский, Республика Бурятия, Земли населенных пунктов;03:47
Заиграевский, Республика Бурятия, Земли населенных пунктов;03:48
Закаменский, Республика Бурятия, Земли населенных пунктов;03:49
Бичурское, Республика Бурятия, Земли лесного фонда;03:5
Иволгинский, Республика Бурятия, Земли населенных пунктов;03:50
Кабанский, Республика Бурятия, Земли населенных пунктов;03:51
Кижингинский, Республика Бурятия, Земли населенных пунктов;03:52
Курумканский, Республика Бурятия, Земли населенных пунктов;03:53
Кяхтинский, Республика Бурятия, Земли населенных пунктов;03:54
МАУ городское л-во г.Улан-Удэ, Республика Бурятия, Земли населенных пунктов;03:55
Муйский, Республика Бурятия, Земли населенных пунктов;03:56
Мухоршибирский, Республика Бурятия, Земли населенных пунктов;03:57
Окинский, Республика Бурятия, Земли населенных пунктов;03:58
Прибайкальский, Республика Бурятия, Земли населенных пунктов;03:59
Буйское, Республика Бурятия, Земли лесного фонда;03:6
Городское лесничество г. Северобайкальск, Республика Бурятия, Земли населенных пунктов;03:60
Селенгинский, Республика Бурятия, Земли населенных пунктов;03:61
Тарбагатайский, Республика Бурятия, Земли населенных пунктов;03:62
Тунгинский, Республика Бурятия, Земли населенных пунктов;03:63
Хоринский, Республика Бурятия, Земли населенных пунктов;03:64
Верхне-Баргузинское, Республика Бурятия, Земли лесного фонда;03:7
Верхне-Талецкое, Республика Бурятия, Земли лесного фонда;03:8
Витимское, Республика Бурятия, Земли лесного фонда;03:9
Кош-Агачское, Республика Алтай, Земли лесного фонда;04:1
Шебалинское, Республика Алтай, Земли лесного фонда;04:10
ГПБЗ Катунский, Республика Алтай, Земли особо охраняемых природных территорий;04:11
ГПЗ Алтайский, Республика Алтай, Земли особо охраняемых природных территорий;04:12
НП Сайлюгемский, Республика Алтай, Земли особо охраняемых природных территорий;04:13
г.Горно-Алтайск, Республика Алтай, Земли населенных пунктов;04:14
Кош-Агачское, Республика Алтай, Земли населенных пунктов;04:15
Майминское, Республика Алтай, Земли населенных пунктов;04:16
Онгудайское, Республика Алтай, Земли населенных пунктов;04:17
Турочакское, Республика Алтай, Земли населенных пунктов;04:18
Улаганское, Республика Алтай, Земли населенных пунктов;04:19
Майминское, Республика Алтай, Земли лесного фонда;04:2
Усть-Канское, Республика Алтай, Земли населенных пунктов;04:20
Усть-Коксинское, Республика Алтай, Земли населенных пунктов;04:21
Чемальское, Республика Алтай, Земли населенных пунктов;04:22
Чойское, Республика Алтай, Земли населенных пунктов;04:23
Шебалинское, Республика Алтай, Земли населенных пунктов;04:24
Онгудайское, Республика Алтай, Земли лесного фонда;04:3
Турочакское, Республика Алтай, Земли лесного фонда;04:4
Улаганское, Республика Алтай, Земли лесного фонда;04:5
Усть-Канское, Республика Алтай, Земли лесного фонда;04:6
Усть-Коксинское, Республика Алтай, Земли лесного фонда;04:7
Чемальское, Республика Алтай, Земли лесного фонда;04:8
Чойское, Республика Алтай, Земли лесного фонда;04:9
Ботлихское, Республика Дагестан, Земли лесного фонда;05:1
Кизлярское, Республика Дагестан, Земли лесного фонда;05:10
Магарамкентское, Республика Дагестан, Земли лесного фонда;05:11
Махачкалинское, Республика Дагестан, Земли лесного фонда;05:12
Ногайское, Республика Дагестан, Земли лесного фонда;05:13
Самурское, Республика Дагестан, Земли лесного фонда;05:14
Сергокалинское, Республика Дагестан, Земли лесного фонда;05:15
Советское, Республика Дагестан, Земли лесного фонда;05:16
Табасаранское, Республика Дагестан, Земли лесного фонда;05:17
Тляратинское, Республика Дагестан, Земли лесного фонда;05:18
Хасавюртовское, Республика Дагестан, Земли лесного фонда;05:19
Буйнакское, Республика Дагестан, Земли лесного фонда;05:2
Хивское, Республика Дагестан, Земли лесного фонда;05:20
Цумадинское, Республика Дагестан, Земли лесного фонда;05:21
Цунтинское, Республика Дагестан, Земли лесного фонда;05:22
ГПЗ Дагестанский, Республика Дагестан, Земли особо охраняемых природных территорий;05:23
Агульский  район, Республика Дагестан, Земли населенных пунктов;05:24
Акушинский  район, Республика Дагестан, Земли населенных пунктов;05:25
Ахвахский  район, Республика Дагестан, Земли населенных пунктов;05:26
Ахтынский  район, Республика Дагестан, Земли населенных пунктов;05:27
Бабаюртовский район, Республика Дагестан, Земли населенных пунктов;05:28
Ботлихский  район, Республика Дагестан, Земли населенных пунктов;05:29
Гунибское, Республика Дагестан, Земли лесного фонда;05:3
Буйнакский район, Республика Дагестан, Земли населенных пунктов;05:30
г. Буйнакск, Республика Дагестан, Земли населенных пунктов;05:31
г. Дербент, Республика Дагестан, Земли населенных пунктов;05:32
г. Избербаш, Республика Дагестан, Земли населенных пунктов;05:33
г. Каспийск, Республика Дагестан, Земли населенных пунктов;05:34
г. Кизилюрт, Республика Дагестан, Земли населенных пунктов;05:35
г. Кизляр, Республика Дагестан, Земли населенных пунктов;05:36
г. Махачкала, Республика Дагестан, Земли населенных пунктов;05:37
г. Хасавюрт, Республика Дагестан, Земли населенных пунктов;05:38
г. Южно-Сухокумск, Республика Дагестан, Земли населенных пунктов;05:39
Дербентское, Республика Дагестан, Земли лесного фонда;05:4
Гергебильский  район, Республика Дагестан, Земли населенных пунктов;05:40
Гумбетовский  район, Республика Дагестан, Земли населенных пунктов;05:41
Гунибский  район, Республика Дагестан, Земли населенных пунктов;05:42
Дахадаевский  район, Республика Дагестан, Земли населенных пунктов;05:43
Дербентский район, Республика Дагестан, Земли населенных пунктов;05:44
Докуспаринский  район, Республика Дагестан, Земли населенных пунктов;05:45
Казбековский район, Республика Дагестан, Земли населенных пунктов;05:46
Кайтагский район, Республика Дагестан, Земли населенных пунктов;05:47
Карабудахкентский район, Республика Дагестан, Земли населенных пунктов;05:48
Каякентский  район, Республика Дагестан, Земли населенных пунктов;05:49
Казбековское, Республика Дагестан, Земли лесного фонда;05:5
Кизилюртовский район, Республика Дагестан, Земли населенных пунктов;05:50
Кизлярский район, Республика Дагестан, Земли населенных пунктов;05:51
Кулинский  район, Республика Дагестан, Земли населенных пунктов;05:52
Кумторкалинский  район, Республика Дагестан, Земли населенных пунктов;05:53
Курахский  район, Республика Дагестан, Земли населенных пунктов;05:54
Лакский  район, Республика Дагестан, Земли населенных пунктов;05:55
Левашинский  район, Республика Дагестан, Земли населенных пунктов;05:56
Магарамкентский район, Республика Дагестан, Земли населенных пунктов;05:57
Новолакский район, Республика Дагестан, Земли населенных пунктов;05:58
Ногайский район, Республика Дагестан, Земли населенных пунктов;05:59
Кайтагское, Республика Дагестан, Земли лесного фонда;05:6
Рутульский  район, Республика Дагестан, Земли населенных пунктов;05:60
Сергокалинский район, Республика Дагестан, Земли населенных пунктов;05:61
Сулейман-Стальский район, Республика Дагестан, Земли населенных пунктов;05:62
Табасаранский район, Республика Дагестан, Земли населенных пунктов;05:63
Тарумовский район, Республика Дагестан, Земли населенных пунктов;05:64
Тляратинский  район, Республика Дагестан, Земли населенных пунктов;05:65
Унцукульский  район, Республика Дагестан, Земли населенных пунктов;05:66
Хасавюртовский район, Республика Дагестан, Земли населенных пунктов;05:67
Хивский район, Республика Дагестан, Земли населенных пунктов;05:68
Хунзахский  район, Республика Дагестан, Земли населенных пунктов;05:69
Карабудахкентское, Республика Дагестан, Земли лесного фонда;05:7
Цумадинский  район, Республика Дагестан, Земли населенных пунктов;05:70
Цунтинский  район, Республика Дагестан, Земли населенных пунктов;05:71
Чародинский  район, Республика Дагестан, Земли населенных пунктов;05:72
Шамильский  район, Республика Дагестан, Земли населенных пунктов;05:73
Касумкентское, Республика Дагестан, Земли лесного фонда;05:8
Каякентское, Республика Дагестан, Земли лесного фонда;05:9
Назрановское, Республика Ингушетия, Земли лесного фонда;06:1
Сунженский район, Республика Ингушетия, Земли населенных пунктов;06:10
Сунженское, Республика Ингушетия, Земли лесного фонда;06:2
ГПЗ Эрзи, Республика Ингушетия, Земли особо охраняемых природных территорий;06:3
г. Карабулак, Республика Ингушетия, Земли населенных пунктов;06:4
г. Магас, Республика Ингушетия, Земли населенных пунктов;06:5
г.Назрань, Республика Ингушетия, Земли населенных пунктов;06:6
Джейрахский район, Республика Ингушетия, Земли населенных пунктов;06:7
Малгобекский район, Республика Ингушетия, Земли населенных пунктов;06:8
Назрановский район, Республика Ингушетия, Земли населенных пунктов;06:9
Баксанское, Кабардино-Балкарская Республика, Земли лесного фонда;07:1
ГПВЗ Кабардино-Балкарский, Кабардино-Балкарская Республика, Земли особо охраняемых природных территорий;07:10
НП Приэльбрусье, Кабардино-Балкарская Республика, Земли особо охраняемых природных территорий;07:11
Баксанский, Кабардино-Балкарская республика, Земли населенных пунктов;07:12
Земли г.Нальчика, Кабардино-Балкарская республика, Земли населенных пунктов;07:13
Земли г.Прохладного, Кабардино-Балкарская республика, Земли населенных пунктов;07:14
Зольский, Кабардино-Балкарская республика, Земли населенных пунктов;07:15
Майский, Кабардино-Балкарская республика, Земли населенных пунктов;07:16
Прохладненский, Кабардино-Балкарская республика, Земли населенных пунктов;07:17
Терский, Кабардино-Балкарская республика, Земли населенных пунктов;07:18
Урванский, Кабардино-Балкарская республика, Земли населенных пунктов;07:19
Зольское, Кабардино-Балкарская Республика, Земли лесного фонда;07:2
Чегемский, Кабардино-Балкарская республика, Земли населенных пунктов;07:20
Черекский, Кабардино-Балкарская республика, Земли населенных пунктов;07:21
Эльбрусский, Кабардино-Балкарская республика, Земли населенных пунктов;07:22
Лескенское, Кабардино-Балкарская Республика, Земли лесного фонда;07:3
Майское, Кабардино-Балкарская Республика, Земли лесного фонда;07:4
Нальчикское, Кабардино-Балкарская Республика, Земли лесного фонда;07:5
Терское, Кабардино-Балкарская Республика, Земли лесного фонда;07:6
Чегемское, Кабардино-Балкарская Республика, Земли лесного фонда;07:7
Черекское, Кабардино-Балкарская Республика, Земли лесного фонда;07:8
Эльбрусское, Кабардино-Балкарская Республика, Земли лесного фонда;07:9
Башантинское, Республика Калмыкия, Земли лесного фонда;08:1
Кетченеровское АТО, Республика Калмыкия, Земли населенных пунктов;08:10
Лаганское АТО, Республика Калмыкия, Земли населенных пунктов;08:11
Малодербетовское АТО, Республика Калмыкия, Земли населенных пунктов;08:12
Октябрьское АТО, Республика Калмыкия, Земли населенных пунктов;08:13
Приютненское АТО, Республика Калмыкия, Земли населенных пунктов;08:14
Сарпинское АТО, Республика Калмыкия, Земли населенных пунктов;08:15
Целинное АТО, Республика Калмыкия, Земли населенных пунктов;08:16
Черноземельское АТО, Республика Калмыкия, Земли населенных пунктов;08:17
Юстинское АТО, Республика Калмыкия, Земли населенных пунктов;08:18
Яшалтинское АТО, Республика Калмыкия, Земли населенных пунктов;08:19
Ергенинское, Республика Калмыкия, Земли лесного фонда;08:2
Яшкульское АТО, Республика Калмыкия, Земли населенных пунктов;08:20
Каспийское, Республика Калмыкия, Земли лесного фонда;08:3
Октябрьское, Республика Калмыкия, Земли лесного фонда;08:4
Элистинское, Республика Калмыкия, Земли лесного фонда;08:5
ГПБЗ Черные Земли, Республика Калмыкия, Земли особо охраняемых природных территорий;08:6
г.Элиста, Республика Калмыкия, Земли населенных пунктов;08:7
Городовиковское АТО, Республика Калмыкия, Земли населенных пунктов;08:8
Ики-Бурульское АТО, Республика Калмыкия, Земли населенных пунктов;08:9
Бескесское, Карачаево-Черкесская Республика, Земли лесного фонда;09:1
Карачаевский, Карачаево-Черкесская республика, Земли населенных пунктов;09:10
Малокарачаевский, Карачаево-Черкесская республика, Земли населенных пунктов;09:11
Прикубанский, Карачаево-Черкесская республика, Земли населенных пунктов;09:12
Урупский, Карачаево-Черкесская республика, Земли населенных пунктов;09:13
Усть-Джегутинский, Карачаево-Черкесская республика, Земли населенных пунктов;09:14
Хабезский, Карачаево-Черкесская республика, Земли населенных пунктов;09:15
Зеленчукское, Карачаево-Черкесская Республика, Земли лесного фонда;09:2
Карачаевское, Карачаево-Черкесская Республика, Земли лесного фонда;09:3
Кубанское, Карачаево-Черкесская Республика, Земли лесного фонда;09:4
Урупское, Карачаево-Черкесская Республика, Земли лесного фонда;09:5
ФГБУ «Тебердинский национальный парк», Карачаево-Черкесская Республика, Земли особо охраняемых природных территорий;09:6
Адыге-Хабльский, Карачаево-Черкесская республика, Земли населенных пунктов;09:7
г.Черкесск, Карачаево-Черкесская республика, Земли населенных пунктов;09:8
Зеленчукский, Карачаево-Черкесская республика, Земли населенных пунктов;09:9
Беломорское, Республика Карелия, Земли лесного фонда;10:1
Олонецкое, Республика Карелия, Земли лесного фонда;10:10
Питкярантское, Республика Карелия, Земли лесного фонда;10:11
Прионежское, Республика Карелия, Земли лесного фонда;10:12
Пряжинское, Республика Карелия, Земли лесного фонда;10:13
Пудожское, Республика Карелия, Земли лесного фонда;10:14
Сегежское, Республика Карелия, Земли лесного фонда;10:15
Сортавальское, Республика Карелия, Земли лесного фонда;10:16
Суоярвское, Республика Карелия, Земли лесного фонда;10:17
ГПЗ Кивач, Республика Карелия, Земли особо охраняемых природных территорий;10:18
ГПЗ Костомукшский, Республика Карелия, Земли особо охраняемых природных территорий;10:19
Калевальское, Республика Карелия, Земли лесного фонда;10:2
НП Калевальский, Республика Карелия, Земли особо охраняемых природных территорий;10:20
НП Паанаярви, Республика Карелия, Земли особо охраняемых природных территорий;10:21
Беломорский, Республика Карелия, Земли населенных пунктов;10:22
Вепсская волость, Республика Карелия, Земли населенных пунктов;10:23
г.Костомукша, Республика Карелия, Земли населенных пунктов;10:24
Леса, расположенные на землях города Петрозаводск, Республика Карелия, Земли населенных пунктов;10:25
г.Питкяранта, Республика Карелия, Земли населенных пунктов;10:26
г.Сортавала, Республика Карелия, Земли населенных пунктов;10:27
Калевальский, Республика Карелия, Земли населенных пунктов;10:28
Кемский, Республика Карелия, Земли населенных пунктов;10:29
Кемское, Республика Карелия, Земли лесного фонда;10:3
Кондопожский, Республика Карелия, Земли населенных пунктов;10:30
Лахденпохский, Республика Карелия, Земли населенных пунктов;10:31
Лоухский, Республика Карелия, Земли населенных пунктов;10:32
Медвежьегорский, Республика Карелия, Земли населенных пунктов;10:33
Муезерский, Республика Карелия, Земли населенных пунктов;10:34
Олонецкий, Республика Карелия, Земли населенных пунктов;10:35
Прионежский, Республика Карелия, Земли населенных пунктов;10:36
Пряжинский, Республика Карелия, Земли населенных пунктов;10:37
Пудожский, Республика Карелия, Земли населенных пунктов;10:38
Сегежский, Республика Карелия, Земли населенных пунктов;10:39
Кондопожское, Республика Карелия, Земли лесного фонда;10:4
Суоярвский, Республика Карелия, Земли населенных пунктов;10:40
Петрозаводское городское, Республика Карелия, Земли населенных пунктов;10:41
Костомукшское, Республика Карелия, Земли лесного фонда;10:5
Лахденпохское, Республика Карелия, Земли лесного фонда;10:6
Лоухское, Республика Карелия, Земли лесного фонда;10:7
Медвежьегорское, Республика Карелия, Земли лесного фонда;10:8
Муезерское, Республика Карелия, Земли лесного фонда;10:9
Айкинское, Республика Коми, Земли лесного фонда;11:1
Корткеросское, Республика Коми, Земли лесного фонда;11:10
Летское, Республика Коми, Земли лесного фонда;11:11
Локчимское, Республика Коми, Земли лесного фонда;11:12
Междуреченское, Республика Коми, Земли лесного фонда;11:13
Мещурское, Республика Коми, Земли лесного фонда;11:14
Печоро-Илычское, Республика Коми, Земли лесного фонда;11:15
Печорское, Республика Коми, Земли лесного фонда;11:16
Помоздинское, Республика Коми, Земли лесного фонда;11:17
Прилузское, Республика Коми, Земли лесного фонда;11:18
Пруптское, Республика Коми, Земли лесного фонда;11:19
Вуктыльское, Республика Коми, Земли лесного фонда;11:2
Сосногорское, Республика Коми, Земли лесного фонда;11:20
Сторожевское, Республика Коми, Земли лесного фонда;11:21
Сыктывдинское, Республика Коми, Земли лесного фонда;11:22
Сыктывкарское, Республика Коми, Земли лесного фонда;11:23
Сысольское, Республика Коми, Земли лесного фонда;11:24
Троицко-Печорское, Республика Коми, Земли лесного фонда;11:25
Удорское, Республика Коми, Земли лесного фонда;11:26
Усинское, Республика Коми, Земли лесного фонда;11:27
Усть-Куломское, Республика Коми, Земли лесного фонда;11:28
Усть-Немское, Республика Коми, Земли лесного фонда;11:29
Ертомское, Республика Коми, Земли лесного фонда;11:3
Усть-Цилемское, Республика Коми, Земли лесного фонда;11:30
Ухтинское, Республика Коми, Земли лесного фонда;11:31
Чернамское, Республика Коми, Земли лесного фонда;11:32
ГПБЗ Печоро-Илычский, Республика Коми, Земли особо охраняемых природных территорий;11:33
НП Югыд Ва, Республика Коми, Земли особо охраняемых природных территорий;11:34
"МО го  ""Сыктывкар"", Республика Коми, Земли населенных пунктов";11:35
"МО го  ""Усинск"", Республика Коми, Земли населенных пунктов";11:36
"МО го ""Воркута"", Республика Коми, Земли населенных пунктов";11:37
"МО го ""Инта"", Республика Коми, Земли населенных пунктов";11:38
"МО го ""Ухта"", Республика Коми, Земли населенных пунктов";11:39
Железнодорожное, Республика Коми, Земли лесного фонда;11:4
"МО мун.р-н ""Усть-Цилемск."" с.Усть-Цильма, Республика Коми, Земли населенных пунктов";11:40
"МО мун.р-на  ""Сысольский"", Республика Коми, Земли населенных пунктов";11:41
"МО мун.р-на ""Вуктыл"", Республика Коми, Земли населенных пунктов";11:42
"МО мун.р-на ""Ижемский"", Республика Коми, Земли населенных пунктов";11:43
"МО мун.р-на ""Княжпогостский"" г.Емва, Республика Коми, Земли населенных пунктов";11:44
"МО мун.р-на ""Койгородский"", Республика Коми, Земли населенных пунктов";11:45
"МО мун.р-на ""Кортеросский"" с.Корткерос, Республика Коми, Земли населенных пунктов";11:46
Печорский городской, Республика Коми, Земли населенных пунктов;11:47
"МО мун.р-на ""Прилузский"" с.Объячево, Республика Коми, Земли населенных пунктов";11:48
"МО мун.р-на ""Сосногорск"", Республика Коми, Земли населенных пунктов";11:49
Ижемское, Республика Коми, Земли лесного фонда;11:5
"МО мун.р-на ""Сыктывдинский"", Республика Коми, Земли населенных пунктов";11:50
"МО мун.р-на ""Троицко-Печорский"", Республика Коми, Земли населенных пунктов";11:51
"МО мун.р-на ""Удорский"", Республика Коми, Земли населенных пунктов";11:52
"МО мун.р-на ""Усть-Вымский"", Республика Коми, Земли населенных пунктов";11:53
"МО мун.р-на ""Усть-Куломский"", Республика Коми, Земли населенных пунктов";11:54
Сыктывкарское городское лесничество, Республика Коми, Земли населенных пунктов;11:55
Каджеромское, Республика Коми, Земли лесного фонда;11:6
Кажимское, Республика Коми, Земли лесного фонда;11:7
Койгородское, Республика Коми, Земли лесного фонда;11:8
Комсомольское, Республика Коми, Земли лесного фонда;11:9
Алексеевское, Республика Марий Эл, Земли лесного фонда;12:1
Моркинское, Республика Марий Эл, Земли лесного фонда;12:10
Новоторъяльское, Республика Марий Эл, Земли лесного фонда;12:11
Оршанское, Республика Марий Эл, Земли лесного фонда;12:12
Параньгинское, Республика Марий Эл, Земли лесного фонда;12:13
Пригородное, Республика Марий Эл, Земли лесного фонда;12:14
Руткинское, Республика Марий Эл, Земли лесного фонда;12:15
Сернурское, Республика Марий Эл, Земли лесного фонда;12:16
Советское, Республика Марий Эл, Земли лесного фонда;12:17
Юринское, Республика Марий Эл, Земли лесного фонда;12:18
ГПЗ Большая Кокшага, Республика Марий Эл, Земли особо охраняемых природных территорий;12:19
Волжское, Республика Марий Эл, Земли лесного фонда;12:2
НП Марий Чодра, Республика Марий Эл, Земли особо охраняемых природных территорий;12:20
Волжский район, Республика Марий Эл, Земли населенных пунктов;12:21
г.Волжск, Республика Марий Эл, Земли населенных пунктов;12:22
г.Йошкар-Ола, Республика Марий Эл, Земли населенных пунктов;12:23
г.Козьмодемьянск, Республика Марий Эл, Земли населенных пунктов;12:24
Горномарийский район, Республика Марий Эл, Земли населенных пунктов;12:25
Звениговский район, Республика Марий Эл, Земли населенных пунктов;12:26
Килемарский район, Республика Марий Эл, Земли населенных пунктов;12:27
Куженерский район, Республика Марий Эл, Земли населенных пунктов;12:28
Мари-Турекский район, Республика Марий Эл, Земли населенных пунктов;12:29
Звениговское, Республика Марий Эл, Земли лесного фонда;12:3
Медведевский район, Республика Марий Эл, Земли населенных пунктов;12:30
Моркийнский район, Республика Марий Эл, Земли населенных пунктов;12:31
Новоторъяльский район, Республика Марий Эл, Земли населенных пунктов;12:32
Оршанский район, Республика Марий Эл, Земли населенных пунктов;12:33
Параньгинский район, Республика Марий Эл, Земли населенных пунктов;12:34
Сернурский район, Республика Марий Эл, Земли населенных пунктов;12:35
Советский район, Республика Марий Эл, Земли населенных пунктов;12:36
Юринский район, Республика Марий Эл, Земли населенных пунктов;12:37
Килемарское, Республика Марий Эл, Земли лесного фонда;12:4
Кокшайское, Республика Марий Эл, Земли лесного фонда;12:5
Куженерское, Республика Марий Эл, Земли лесного фонда;12:6
Кужерское, Республика Марий Эл, Земли лесного фонда;12:7
Куярское, Республика Марий Эл, Земли лесного фонда;12:8
Мари-Турекское, Республика Марий Эл, Земли лесного фонда;12:9
Ардатовское территориальное, Республика Мордовия, Земли лесного фонда;13:1
ГПЗ Мордовский им. П.Г. Смидовича, Республика Мордовия, Земли особо охраняемых природных территорий;13:10
НП Смольный, Республика Мордовия, Земли особо охраняемых природных территорий;13:11
Ардатовское, Республика Мордовия, Земли населенных пунктов;13:12
Атюрьевское, Республика Мордовия, Земли населенных пунктов;13:13
Атяшевское, Республика Мордовия, Земли населенных пунктов;13:14
Б.-Березниковское, Республика Мордовия, Земли населенных пунктов;13:15
Большеигнатовское, Республика Мордовия, Земли населенных пунктов;13:16
ГО г.Саранск, Республика Мордовия, Земли населенных пунктов;13:17
Дубенское, Республика Мордовия, Земли населенных пунктов;13:18
Ельниковское, Республика Мордовия, Земли населенных пунктов;13:19
Березниковское территориальное, Республика Мордовия, Земли лесного фонда;13:2
Зубово-Полянское, Республика Мордовия, Земли населенных пунктов;13:20
Инсарское, Республика Мордовия, Земли населенных пунктов;13:21
Ичалковское, Республика Мордовия, Земли населенных пунктов;13:22
Кадошкинское, Республика Мордовия, Земли населенных пунктов;13:23
Кочкуровское, Республика Мордовия, Земли населенных пунктов;13:24
Краснослободское, Республика Мордовия, Земли населенных пунктов;13:25
Лямбирское, Республика Мордовия, Земли населенных пунктов;13:26
МО г. Ковылкино, Республика Мордовия, Земли населенных пунктов;13:27
МО г. Рузаевка, Республика Мордовия, Земли населенных пунктов;13:28
Ромодановское, Республика Мордовия, Земли населенных пунктов;13:29
Виндрейское территориальное, Республика Мордовия, Земли лесного фонда;13:3
Старошайговское, Республика Мордовия, Земли населенных пунктов;13:30
Темниковское, Республика Мордовия, Земли населенных пунктов;13:31
Теньгушевское, Республика Мордовия, Земли населенных пунктов;13:32
Торбеевское, Республика Мордовия, Земли населенных пунктов;13:33
Чамзинское, Республика Мордовия, Земли населенных пунктов;13:34
Вышинское территориальное, Республика Мордовия, Земли лесного фонда;13:4
Зубовское территориальное, Республика Мордовия, Земли лесного фонда;13:5
Ковылкинское территориальное, Республика Мордовия, Земли лесного фонда;13:6
Краснослободское территориальное, Республика Мордовия, Земли лесного фонда;13:7
Саранское территориальное, Республика Мордовия, Земли лесного фонда;13:8
Темниковское территориальное, Республика Мордовия, Земли лесного фонда;13:9
Алданское, Республика Саха (Якутия), Земли лесного фонда;14:1
Ленское, Республика Саха (Якутия), Земли лесного фонда;14:10
Мегино-Кангаласское, Республика Саха (Якутия), Земли лесного фонда;14:11
Мирнинское, Республика Саха (Якутия), Земли лесного фонда;14:12
Намское, Республика Саха (Якутия), Земли лесного фонда;14:13
Нерюнгринское, Республика Саха (Якутия), Земли лесного фонда;14:14
Нюрбинское, Республика Саха (Якутия), Земли лесного фонда;14:15
Олекминское, Республика Саха (Якутия), Земли лесного фонда;14:16
Сангарское, Республика Саха (Якутия), Земли лесного фонда;14:17
Сунтарское, Республика Саха (Якутия), Земли лесного фонда;14:18
Таттинское, Республика Саха (Якутия), Земли лесного фонда;14:19
Амгинское, Республика Саха (Якутия), Земли лесного фонда;14:2
Томпонское, Республика Саха (Якутия), Земли лесного фонда;14:20
Усть-Алданское, Республика Саха (Якутия), Земли лесного фонда;14:21
Усть-Майское, Республика Саха (Якутия), Земли лесного фонда;14:22
Хангаласское, Республика Саха (Якутия), Земли лесного фонда;14:23
Чурапчинское, Республика Саха (Якутия), Земли лесного фонда;14:24
Якутское, Республика Саха (Якутия), Земли лесного фонда;14:25
ГПЗ Олекминский, Республика Саха (Якутия), Земли особо охраняемых природных территорий;14:26
ГПЗ Усть-Ленский, Республика Саха (Якутия), Земли особо охраняемых природных территорий;14:27
Абыйское, Республика Саха (Якутия), Земли населенных пунктов;14:28
Алданское, Республика Саха (Якутия), Земли населенных пунктов;14:29
Верхневилюйское, Республика Саха (Якутия), Земли лесного фонда;14:3
Аллайховское, Республика Саха (Якутия), Земли населенных пунктов;14:30
Амгинское, Республика Саха (Якутия), Земли населенных пунктов;14:31
Анабарское, Республика Саха (Якутия), Земли населенных пунктов;14:32
Булунское, Республика Саха (Якутия), Земли населенных пунктов;14:33
Верхне-Вилюйское, Республика Саха (Якутия), Земли населенных пунктов;14:34
Верхне-Колымское, Республика Саха (Якутия), Земли населенных пунктов;14:35
Верхоянское, Республика Саха (Якутия), Земли населенных пунктов;14:36
Вилюйское, Республика Саха (Якутия), Земли населенных пунктов;14:37
Горный, Республика Саха (Якутия), Земли населенных пунктов;14:38
Жиганское, Республика Саха (Якутия), Земли населенных пунктов;14:39
Верхоянское, Республика Саха (Якутия), Земли лесного фонда;14:4
Кобяйское, Республика Саха (Якутия), Земли населенных пунктов;14:40
Ленское, Республика Саха (Якутия), Земли населенных пунктов;14:41
Мегино-Кангаласское, Республика Саха (Якутия), Земли населенных пунктов;14:42
Мирнинское, Республика Саха (Якутия), Земли населенных пунктов;14:43
Момское, Республика Саха (Якутия), Земли населенных пунктов;14:44
Намское, Республика Саха (Якутия), Земли населенных пунктов;14:45
Нерюнгринское, Республика Саха (Якутия), Земли населенных пунктов;14:46
Нижне-Колымское, Республика Саха (Якутия), Земли населенных пунктов;14:47
Нюрбинский, Республика Саха (Якутия), Земли населенных пунктов;14:48
Оймяконское, Республика Саха (Якутия), Земли населенных пунктов;14:49
Вилюйское, Республика Саха (Якутия), Земли лесного фонда;14:5
Олекминское, Республика Саха (Якутия), Земли населенных пунктов;14:50
Оленекское, Республика Саха (Якутия), Земли населенных пунктов;14:51
Средне-Колымское, Республика Саха (Якутия), Земли населенных пунктов;14:52
Сунтарское, Республика Саха (Якутия), Земли населенных пунктов;14:53
Томпонское, Республика Саха (Якутия), Земли населенных пунктов;14:55
Усть-Алданское, Республика Саха (Якутия), Земли населенных пунктов;14:56
Усть-Майское, Республика Саха (Якутия), Земли населенных пунктов;14:57
Усть-Янское, Республика Саха (Якутия), Земли населенных пунктов;14:58
Хангаласское, Республика Саха (Якутия), Земли населенных пунктов;14:59
Горное, Республика Саха (Якутия), Земли лесного фонда;14:6
Чурапчинское, Республика Саха (Якутия), Земли населенных пунктов;14:60
Эвено-Бытантайское, Республика Саха (Якутия), Земли населенных пунктов;14:61
Якутское, Республика Саха (Якутия), Земли населенных пунктов;14:62
Жиганское, Республика Саха (Якутия), Земли лесного фонда;14:7
Индигирское, Республика Саха (Якутия), Земли лесного фонда;14:8
Колымское, Республика Саха (Якутия), Земли лесного фонда;14:9
Алагирское, Республика Северная Осетия - Алания, Земли лесного фонда;15:1
Алагирское, Республика Северная Осетия - Алания, Земли населенных пунктов;15:10
Ардонское, Республика Северная Осетия - Алания, Земли населенных пунктов;15:11
г. Владикавказ, Республика Северная Осетия - Алания, Земли населенных пунктов;15:12
Дигорское, Республика Северная Осетия - Алания, Земли населенных пунктов;15:13
Ирафское, Республика Северная Осетия - Алания, Земли населенных пунктов;15:14
Кировское, Республика Северная Осетия - Алания, Земли населенных пунктов;15:15
Моздокское, Республика Северная Осетия - Алания, Земли населенных пунктов;15:16
Правобережное, Республика Северная Осетия - Алания, Земли населенных пунктов;15:17
Пригородное, Республика Северная Осетия - Алания, Земли населенных пунктов;15:18
Владикавказское, Республика Северная Осетия - Алания, Земли лесного фонда;15:2
Дигорское, Республика Северная Осетия - Алания, Земли лесного фонда;15:3
Ирафское, Республика Северная Осетия - Алания, Земли лесного фонда;15:4
Кировское, Республика Северная Осетия - Алания, Земли лесного фонда;15:5
Моздокское, Республика Северная Осетия - Алания, Земли лесного фонда;15:6
Пригородное, Республика Северная Осетия - Алания, Земли лесного фонда;15:7
ГПЗ Северо-Осетинский, Республика Северная Осетия - Алания, Земли особо охраняемых природных территорий;15:8
Национальный парк Алания, Республика Северная Осетия - Алания, Земли особо охраняемых природных территорий;15:9
Агрызское, Республика Татарстан (Татарстан), Земли лесного фонда;16:1
Бугульминское, Республика Татарстан (Татарстан), Земли лесного фонда;16:10
Буинское, Республика Татарстан (Татарстан), Земли лесного фонда;16:11
Елабужское, Республика Татарстан (Татарстан), Земли лесного фонда;16:12
Заинское, Республика Татарстан (Татарстан), Земли лесного фонда;16:13
Зеленодольское, Республика Татарстан (Татарстан), Земли лесного фонда;16:14
Ислейтарское, Республика Татарстан (Татарстан), Земли лесного фонда;16:15
Кайбицкое, Республика Татарстан (Татарстан), Земли лесного фонда;16:16
Калейкинское, Республика Татарстан (Татарстан), Земли лесного фонда;16:17
Камское, Республика Татарстан (Татарстан), Земли лесного фонда;16:18
Кзыл-Юлдузское, Республика Татарстан (Татарстан), Земли лесного фонда;16:19
Азнакаевское, Республика Татарстан (Татарстан), Земли лесного фонда;16:2
Лаишевское, Республика Татарстан (Татарстан), Земли лесного фонда;16:20
Лениногорское, Республика Татарстан (Татарстан), Земли лесного фонда;16:21
Лубянское, Республика Татарстан (Татарстан), Земли лесного фонда;16:22
Мамадышское, Республика Татарстан (Татарстан), Земли лесного фонда;16:23
Мензелинское, Республика Татарстан (Татарстан), Земли лесного фонда;16:24
Нижнекамское, Республика Татарстан (Татарстан), Земли лесного фонда;16:25
Нурлатское, Республика Татарстан (Татарстан), Земли лесного фонда;16:26
Приволжское, Республика Татарстан (Татарстан), Земли лесного фонда;16:27
Пригородное, Республика Татарстан (Татарстан), Земли лесного фонда;16:28
Сабинское, Республика Татарстан (Татарстан), Земли лесного фонда;16:29
Аксубаевское, Республика Татарстан (Татарстан), Земли лесного фонда;16:3
Тетюшское, Республика Татарстан (Татарстан), Земли лесного фонда;16:30
Черемшанское, Республика Татарстан (Татарстан), Земли лесного фонда;16:31
ГПБЗ Волжско-Камский, Республика Татарстан (Татарстан), Земли особо охраняемых природных территорий;16:32
НП Нижняя Кама, Республика Татарстан (Татарстан), Земли особо охраняемых природных территорий;16:33
Агрызский муницип. р-он, Республика Татарстан (Татарстан), Земли населенных пунктов;16:34
Азнакаевский муницип. р-он, Республика Татарстан (Татарстан), Земли населенных пунктов;16:35
Аксубаевский муницип. р-он, Республика Татарстан (Татарстан), Земли населенных пунктов;16:36
Актанышский муницип. р-он, Республика Татарстан (Татарстан), Земли населенных пунктов;16:37
Алексеевский муницип. р-он, Республика Татарстан (Татарстан), Земли населенных пунктов;16:38
Алькеевский муницип. р-он, Республика Татарстан (Татарстан), Земли населенных пунктов;16:39
Алькеевское, Республика Татарстан (Татарстан), Земли лесного фонда;16:4
Альметьевский муницип. р-он, Республика Татарстан (Татарстан), Земли населенных пунктов;16:40
Апастовский муницип. р-он, Республика Татарстан (Татарстан), Земли населенных пунктов;16:41
Арский муницип. р-он, Республика Татарстан (Татарстан), Земли населенных пунктов;16:42
Атнинский муницип. р-он, Республика Татарстан (Татарстан), Земли населенных пунктов;16:43
Бавлинский муницип. р-он, Республика Татарстан (Татарстан), Земли населенных пунктов;16:44
Балтасинский муницип. р-он, Республика Татарстан (Татарстан), Земли населенных пунктов;16:45
Бугульминский муницип. р-он, Республика Татарстан (Татарстан), Земли населенных пунктов;16:46
Буинский муницип. р-он, Республика Татарстан (Татарстан), Земли населенных пунктов;16:47
Верхнеуслонский муницип. р-он, Республика Татарстан (Татарстан), Земли населенных пунктов;16:48
Высокогорский муницип. р-он, Республика Татарстан (Татарстан), Земли населенных пунктов;16:49
Альметьевское, Республика Татарстан (Татарстан), Земли лесного фонда;16:5
г.Азнакаево, Республика Татарстан (Татарстан), Земли населенных пунктов;16:50
г.Альметьевск, Республика Татарстан (Татарстан), Земли населенных пунктов;16:51
г.Бавлы, Республика Татарстан (Татарстан), Земли населенных пунктов;16:52
г.Бугульма, Республика Татарстан (Татарстан), Земли населенных пунктов;16:53
г.Буинск, Республика Татарстан (Татарстан), Земли населенных пунктов;16:54
г.Елабуга, Республика Татарстан (Татарстан), Земли населенных пунктов;16:55
г.Заинск, Республика Татарстан (Татарстан), Земли населенных пунктов;16:56
г.Зеленодольск, Республика Татарстан (Татарстан), Земли населенных пунктов;16:57
г.Казань, Республика Татарстан (Татарстан), Земли населенных пунктов;16:58
г.Лениногорск, Республика Татарстан (Татарстан), Земли населенных пунктов;16:59
Арское, Республика Татарстан (Татарстан), Земли лесного фонда;16:6
г.Набережные Челны, Республика Татарстан (Татарстан), Земли населенных пунктов;16:60
г.Нижнекамск, Республика Татарстан (Татарстан), Земли населенных пунктов;16:61
г.Нурлат, Республика Татарстан (Татарстан), Земли населенных пунктов;16:62
г.Чистополь, Республика Татарстан (Татарстан), Земли населенных пунктов;16:63
Дрожжановский муницип. р-он, Республика Татарстан (Татарстан), Земли населенных пунктов;16:64
Елабужский муницип. р-он, Республика Татарстан (Татарстан), Земли населенных пунктов;16:65
Заинский муницип. р-он, Республика Татарстан (Татарстан), Земли населенных пунктов;16:66
Зеленодольский муницип. р-он, Республика Татарстан (Татарстан), Земли населенных пунктов;16:67
Кайбицкий муницип. р-он, Республика Татарстан (Татарстан), Земли населенных пунктов;16:68
Камско-Устьинский муницип. р-он, Республика Татарстан (Татарстан), Земли населенных пунктов;16:69
Бавлинское, Республика Татарстан (Татарстан), Земли лесного фонда;16:7
Кукморский муницип. р-он, Республика Татарстан (Татарстан), Земли населенных пунктов;16:70
Лаишевский муницип. р-он, Республика Татарстан (Татарстан), Земли населенных пунктов;16:71
Лениногорский муницип. р-он, Республика Татарстан (Татарстан), Земли населенных пунктов;16:72
Мамадышский муницип. р-он, Республика Татарстан (Татарстан), Земли населенных пунктов;16:73
Менделеевский муницип. р-он, Республика Татарстан (Татарстан), Земли населенных пунктов;16:74
Мензелинский муницип. р-он, Республика Татарстан (Татарстан), Земли населенных пунктов;16:75
Муслюмовский муницип. р-он, Республика Татарстан (Татарстан), Земли населенных пунктов;16:76
Нижнекамский муницип. р-он, Республика Татарстан (Татарстан), Земли населенных пунктов;16:77
Новошешминский муницип. р-он, Республика Татарстан (Татарстан), Земли населенных пунктов;16:78
Нурлатский муницип. р-он, Республика Татарстан (Татарстан), Земли населенных пунктов;16:79
Билярское, Республика Татарстан (Татарстан), Земли лесного фонда;16:8
Пестречинский муницип. р-он, Республика Татарстан (Татарстан), Земли населенных пунктов;16:80
Рыбно-Слободский муницип. р-он, Республика Татарстан (Татарстан), Земли населенных пунктов;16:81
Сабинский муницип. р-он, Республика Татарстан (Татарстан), Земли населенных пунктов;16:82
Сармановский муницип. р-он, Республика Татарстан (Татарстан), Земли населенных пунктов;16:83
Спасский муницип. р-он, Республика Татарстан (Татарстан), Земли населенных пунктов;16:84
Тетюшский муницип. р-он, Республика Татарстан (Татарстан), Земли населенных пунктов;16:85
Тукаевский муницип. р-он, Республика Татарстан (Татарстан), Земли населенных пунктов;16:86
Тюлячинский муницип. р-он, Республика Татарстан (Татарстан), Земли населенных пунктов;16:87
Черемшанский муницип. р-он, Республика Татарстан (Татарстан), Земли населенных пунктов;16:88
Чистопольский муницип. р-он, Республика Татарстан (Татарстан), Земли населенных пунктов;16:89
Болгарское, Республика Татарстан (Татарстан), Земли лесного фонда;16:9
Ютазинский муницип. р-он, Республика Татарстан (Татарстан), Земли населенных пунктов;16:90
Балгазынское, Республика Тыва, Земли лесного фонда;17:1
Шагонарское, Республика Тыва, Земли лесного фонда;17:10
ГПБЗ Убсунурская котловина, Республика Тыва, Земли особо охраняемых природных территорий;17:11
ГПЗ Азас, Республика Тыва, Земли особо охраняемых природных территорий;17:12
Бай-Тайгинский, Республика Тыва, Земли населенных пунктов;17:13
Барун-Хемчикский, Республика Тыва, Земли населенных пунктов;17:14
г.Ак-Довурак, Республика Тыва, Земли населенных пунктов;17:15
г.Кызыл, Республика Тыва, Земли населенных пунктов;17:16
Дзун-Хемчикский, Республика Тыва, Земли населенных пунктов;17:17
Каа-Хемский, Республика Тыва, Земли населенных пунктов;17:18
Кызылский, Республика Тыва, Земли населенных пунктов;17:19
Барун-Хемчикское, Республика Тыва, Земли лесного фонда;17:2
Монгун-Тайгинский, Республика Тыва, Земли населенных пунктов;17:20
Овюрский, Республика Тыва, Земли населенных пунктов;17:21
Пий-Хемский, Республика Тыва, Земли населенных пунктов;17:22
Сут-Хольский, Республика Тыва, Земли населенных пунктов;17:23
Тандинский, Республика Тыва, Земли населенных пунктов;17:24
Тере-Хольский, Республика Тыва, Земли населенных пунктов;17:25
Тес-Хемский, Республика Тыва, Земли населенных пунктов;17:26
Тоджинский, Республика Тыва, Земли населенных пунктов;17:27
Улуг-Хемский, Республика Тыва, Земли населенных пунктов;17:28
Чаа-Хольский, Республика Тыва, Земли населенных пунктов;17:29
Каа-Хемское, Республика Тыва, Земли лесного фонда;17:3
Чеди-Хольский, Республика Тыва, Земли населенных пунктов;17:30
Эрзинский, Республика Тыва, Земли населенных пунктов;17:31
Кызылское, Республика Тыва, Земли лесного фонда;17:4
Тандынское, Республика Тыва, Земли лесного фонда;17:5
Тес-Хемское, Республика Тыва, Земли лесного фонда;17:6
Тоджинское, Республика Тыва, Земли лесного фонда;17:7
Туранское, Республика Тыва, Земли лесного фонда;17:8
Чаданское, Республика Тыва, Земли лесного фонда;17:9
Алнашское, Удмуртская Республика, Земли лесного фонда;18:1
Камбарское, Удмуртская Республика, Земли лесного фонда;18:10
Каракулинское, Удмуртская Республика, Земли лесного фонда;18:11
Кезское, Удмуртская Республика, Земли лесного фонда;18:12
Кизнерское, Удмуртская Республика, Земли лесного фонда;18:13
Киясовское, Удмуртская Республика, Земли лесного фонда;18:14
Красногорское, Удмуртская Республика, Земли лесного фонда;18:15
Можгинское, Удмуртская Республика, Земли лесного фонда;18:16
Сарапульское, Удмуртская Республика, Земли лесного фонда;18:17
Селтинское, Удмуртская Республика, Земли лесного фонда;18:18
Сюмсинское, Удмуртская Республика, Земли лесного фонда;18:19
Балезинское, Удмуртская Республика, Земли лесного фонда;18:2
Увинское, Удмуртская Республика, Земли лесного фонда;18:20
Шарканское, Удмуртская Республика, Земли лесного фонда;18:21
Юкаменское, Удмуртская Республика, Земли лесного фонда;18:22
Яганское, Удмуртская Республика, Земли лесного фонда;18:23
Якшур-Бодьинское, Удмуртская Республика, Земли лесного фонда;18:24
Ярское, Удмуртская Республика, Земли лесного фонда;18:25
НП Нечкинский, Удмуртская Республика, Земли особо охраняемых природных территорий;18:26
Алнашский  р-он, Удмуртская республика, Земли населенных пунктов;18:27
Балезинский  р-он, Удмуртская республика, Земли населенных пунктов;18:28
Вавожский  р-он, Удмуртская республика, Земли населенных пунктов;18:29
Вавожское, Удмуртская Республика, Земли лесного фонда;18:3
Воткинский  р-он, Удмуртская республика, Земли населенных пунктов;18:30
г. Воткинск, Удмуртская республика, Земли населенных пунктов;18:31
г. Глазов, Удмуртская республика, Земли населенных пунктов;18:32
Ижевское городское лесничество, Удмуртская республика, Земли населенных пунктов;18:33
г. Можга, Удмуртская республика, Земли населенных пунктов;18:34
г. Сарапул, Удмуртская республика, Земли населенных пунктов;18:35
Глазовский  р-он, Удмуртская республика, Земли населенных пунктов;18:36
Граховский  р-он, Удмуртская республика, Земли населенных пунктов;18:37
Дебесский  р-он, Удмуртская республика, Земли населенных пунктов;18:38
Завьяловский  р-он, Удмуртская республика, Земли населенных пунктов;18:39
Воткинское, Удмуртская Республика, Земли лесного фонда;18:4
Игринский  р-он, Удмуртская республика, Земли населенных пунктов;18:40
Камбарский  р-он, Удмуртская республика, Земли населенных пунктов;18:41
Каракулинский  р-он, Удмуртская республика, Земли населенных пунктов;18:42
Кезский  р-он, Удмуртская республика, Земли населенных пунктов;18:43
Кизнерский  р-он, Удмуртская республика, Земли населенных пунктов;18:44
Киясовский  р-он, Удмуртская республика, Земли населенных пунктов;18:45
Красногорский  р-он, Удмуртская республика, Земли населенных пунктов;18:46
Малопургинский  р-он, Удмуртская республика, Земли населенных пунктов;18:47
Можгинский  р-он, Удмуртская республика, Земли населенных пунктов;18:48
Сарапульский  р-он, Удмуртская республика, Земли населенных пунктов;18:49
Глазовское, Удмуртская Республика, Земли лесного фонда;18:5
Селтинский  р-он, Удмуртская республика, Земли населенных пунктов;18:50
Сюмсинский  р-он, Удмуртская республика, Земли населенных пунктов;18:51
Увинский  р-он, Удмуртская республика, Земли населенных пунктов;18:52
Шарканский  р-он, Удмуртская республика, Земли населенных пунктов;18:53
Юкаменский  р-он, Удмуртская республика, Земли населенных пунктов;18:54
Якшур-Бодьинский  р-он, Удмуртская республика, Земли населенных пунктов;18:55
Ярский  р-он, Удмуртская республика, Земли населенных пунктов;18:56
Граховское, Удмуртская Республика, Земли лесного фонда;18:6
Дебесское, Удмуртская Республика, Земли лесного фонда;18:7
Завьяловское, Удмуртская Республика, Земли лесного фонда;18:8
Игринское, Удмуртская Республика, Земли лесного фонда;18:9
Абазинское, Республика Хакасия, Земли лесного фонда;19:1
Саяногорское, Республика Хакасия, Земли лесного фонда;19:10
Таштыпское, Республика Хакасия, Земли лесного фонда;19:11
Туимское, Республика Хакасия, Земли лесного фонда;19:12
Усть-Бюрское, Республика Хакасия, Земли лесного фонда;19:13
ГПЗ Хакасский, Республика Хакасия, Земли особо охраняемых природных территорий;19:14
Алтайский район, Республика Хакасия, Земли населенных пунктов;19:15
Аскизский район, Республика Хакасия, Земли населенных пунктов;19:16
Бейский район, Республика Хакасия, Земли населенных пунктов;19:17
Боградский район, Республика Хакасия, Земли населенных пунктов;19:18
г. Абакан, Республика Хакасия, Земли населенных пунктов;19:19
Абаканское, Республика Хакасия, Земли лесного фонда;19:2
г.Саяногорск, Республика Хакасия, Земли населенных пунктов;19:20
г.Черногорск, Республика Хакасия, Земли населенных пунктов;19:21
Орджоникидзевский район, Республика Хакасия, Земли населенных пунктов;19:22
Таштыпский район, Республика Хакасия, Земли населенных пунктов;19:23
Усть-Абаканский район, Республика Хакасия, Земли населенных пунктов;19:24
Ширинский район, Республика Хакасия, Земли населенных пунктов;19:25
Балыксинское, Республика Хакасия, Земли лесного фонда;19:3
Бейское, Республика Хакасия, Земли лесного фонда;19:4
Бирикчульское, Республика Хакасия, Земли лесного фонда;19:5
Боградское, Республика Хакасия, Земли лесного фонда;19:6
Горячегорское, Республика Хакасия, Земли лесного фонда;19:7
Копьевское, Республика Хакасия, Земли лесного фонда;19:8
Саралинское, Республика Хакасия, Земли лесного фонда;19:9
Ассиновское, Чеченская Республика, Земли лесного фонда;20:1
Предгорное, Чеченская Республика, Земли лесного фонда;20:10
Урус-Мартановское, Чеченская Республика, Земли лесного фонда;20:11
Шалинское, Чеченская Республика, Земли лесного фонда;20:12
Шаройское, Чеченская Республика, Земли лесного фонда;20:13
Шатойское, Чеченская Республика, Земли лесного фонда;20:14
Шелковское, Чеченская Республика, Земли лесного фонда;20:15
Ачхой-Мартановский район, Чеченская республика, Земли населенных пунктов;20:16
Веденский район, Чеченская республика, Земли населенных пунктов;20:17
Город Аргун, Чеченская республика, Земли населенных пунктов;20:18
Город Грозный, Чеченская республика, Земли населенных пунктов;20:19
Ачхой-Мартановское, Чеченская Республика, Земли лесного фонда;20:2
Город Гудермес, Чеченская республика, Земли населенных пунктов;20:20
Грозненский район, Чеченская республика, Земли населенных пунктов;20:21
Гудермесский район, Чеченская республика, Земли населенных пунктов;20:22
Итум-Калинский район, Чеченская республика, Земли населенных пунктов;20:23
Курчалойский район, Чеченская республика, Земли населенных пунктов;20:24
Надтеречный район, Чеченская республика, Земли населенных пунктов;20:25
Наурский район, Чеченская республика, Земли населенных пунктов;20:26
Ножай-Юртовский район, Чеченская республика, Земли населенных пунктов;20:27
Сунженский район, Чеченская республика, Земли населенных пунктов;20:28
Урус-Мартановский район, Чеченская республика, Земли населенных пунктов;20:29
Веденское, Чеченская Республика, Земли лесного фонда;20:3
Шалинский район, Чеченская республика, Земли населенных пунктов;20:30
Шаройский район, Чеченская республика, Земли населенных пунктов;20:31
Шатойский район, Чеченская республика, Земли населенных пунктов;20:32
Шелковской район, Чеченская республика, Земли населенных пунктов;20:33
Грозненское, Чеченская Республика, Земли лесного фонда;20:4
Гудермесское, Чеченская Республика, Земли лесного фонда;20:5
Итум-Калинское, Чеченская Республика, Земли лесного фонда;20:6
Курчалойское, Чеченская Республика, Земли лесного фонда;20:7
Наурское, Чеченская Республика, Земли лесного фонда;20:8
Ножай-Юртовское, Чеченская Республика, Земли лесного фонда;20:9
Алатырское, Чувашская Республика - Чувашия, Земли лесного фонда;21:1
Шумерлинское, Чувашская Республика - Чувашия, Земли лесного фонда;21:10
Ядринское, Чувашская Республика - Чувашия, Земли лесного фонда;21:11
ГПЗ Присурский, Чувашская Республика - Чувашия, Земли особо охраняемых природных территорий;21:12
НП Чаваш вармане, Чувашская Республика - Чувашия, Земли особо охраняемых природных территорий;21:13
Алатырский  р-он, Чувашская Республика - Чувашия, Земли населенных пунктов;21:14
Аликовский  р-он, Чувашская Республика - Чувашия, Земли населенных пунктов;21:15
Батыревский  р-он, Чувашская Республика - Чувашия, Земли населенных пунктов;21:16
Вурнарский  р-он, Чувашская Республика - Чувашия, Земли населенных пунктов;21:17
г. Алатырь, Чувашская Республика - Чувашия, Земли населенных пунктов;21:18
г. Канаш, Чувашская Республика - Чувашия, Земли населенных пунктов;21:19
Вурнарское, Чувашская Республика - Чувашия, Земли лесного фонда;21:2
г. Новочебоксарск, Чувашская Республика - Чувашия, Земли населенных пунктов;21:20
Чебоксарское городское лесничество, Чувашская Республика - Чувашия, Земли населенных пунктов;21:21
г. Шумерля, Чувашская Республика - Чувашия, Земли населенных пунктов;21:22
Ибресинский  р-он, Чувашская Республика - Чувашия, Земли населенных пунктов;21:23
Канашский  р-он, Чувашская Республика - Чувашия, Земли населенных пунктов;21:24
Козловский  р-он, Чувашская Республика - Чувашия, Земли населенных пунктов;21:25
Комсомольский  р-он, Чувашская Республика - Чувашия, Земли населенных пунктов;21:26
Красноармейский  р-он, Чувашская Республика - Чувашия, Земли населенных пунктов;21:27
Красночетайский   р-он, Чувашская Республика - Чувашия, Земли населенных пунктов;21:28
Мариинско-Посадский  р-он, Чувашская Республика - Чувашия, Земли населенных пунктов;21:29
Ибресинское, Чувашская Республика - Чувашия, Земли лесного фонда;21:3
Моргаушский  р-он, Чувашская Республика - Чувашия, Земли населенных пунктов;21:30
Порецкий  р-он, Чувашская Республика - Чувашия, Земли населенных пунктов;21:31
Урмарский  р-он, Чувашская Республика - Чувашия, Земли населенных пунктов;21:32
Цивильский  р-он, Чувашская Республика - Чувашия, Земли населенных пунктов;21:33
Чебоксарский  р-он, Чувашская Республика - Чувашия, Земли населенных пунктов;21:34
Шемуршинский  р-он, Чувашская Республика - Чувашия, Земли населенных пунктов;21:35
Шумерлинский  р-он, Чувашская Республика - Чувашия, Земли населенных пунктов;21:36
Ядринский  р-он, Чувашская Республика - Чувашия, Земли населенных пунктов;21:37
Яльчикский  р-он, Чувашская Республика - Чувашия, Земли населенных пунктов;21:38
Янтиковский  р-он, Чувашская Республика - Чувашия, Земли населенных пунктов;21:39
Канашское, Чувашская Республика - Чувашия, Земли лесного фонда;21:4
Кирское, Чувашская Республика - Чувашия, Земли лесного фонда;21:5
Мариинско-Посадское, Чувашская Республика - Чувашия, Земли лесного фонда;21:6
Опытное, Чувашская Республика - Чувашия, Земли лесного фонда;21:7
Чебоксарское, Чувашская Республика - Чувашия, Земли лесного фонда;21:8
Шемуршинское, Чувашская Республика - Чувашия, Земли лесного фонда;21:9
Алтайское, Алтайский край, Земли лесного фонда;22:1
Залесовское, Алтайский край, Земли лесного фонда;22:10
Целинний район, Алтайский край, Земли населенных пунктов;22:100
Чарышский район, Алтайский край, Земли населенных пунктов;22:101
Шелаболихинский район, Алтайский край, Земли населенных пунктов;22:102
Шипуновский район, Алтайский край, Земли населенных пунктов;22:103
Знаменское, Алтайский край, Земли лесного фонда;22:11
Каменское, Алтайский край, Земли лесного фонда;22:12
Ключевское, Алтайский край, Земли лесного фонда;22:13
Кулундинское, Алтайский край, Земли лесного фонда;22:14
Ларичихинское, Алтайский край, Земли лесного фонда;22:15
Лебяжинское, Алтайский край, Земли лесного фонда;22:16
Новичихинское, Алтайский край, Земли лесного фонда;22:17
Озеро-Кузнецовское, Алтайский край, Земли лесного фонда;22:18
Озерское, Алтайский край, Земли лесного фонда;22:19
Баевское, Алтайский край, Земли лесного фонда;22:2
Павловское, Алтайский край, Земли лесного фонда;22:20
Панкрушихинское, Алтайский край, Земли лесного фонда;22:21
Петровское, Алтайский край, Земли лесного фонда;22:22
Ракитовское, Алтайский край, Земли лесного фонда;22:23
Ребрихинское, Алтайский край, Земли лесного фонда;22:24
Солтонское, Алтайский край, Земли лесного фонда;22:25
Степно-Михайловское, Алтайский край, Земли лесного фонда;22:26
Тогульское, Алтайский край, Земли лесного фонда;22:27
Тягунское, Алтайский край, Земли лесного фонда;22:28
Фрунзенское, Алтайский край, Земли лесного фонда;22:29
Барнаульское, Алтайский край, Земли лесного фонда;22:3
Чарышское, Алтайский край, Земли лесного фонда;22:30
Шипуновское, Алтайский край, Земли лесного фонда;22:31
ГПЗ Тигирекский, Алтайский край, Земли особо охраняемых природных территорий;22:32
Алейский район, Алтайский край, Земли населенных пунктов;22:33
Алтайский район, Алтайский край, Земли населенных пунктов;22:34
Баевское АТО, Алтайский край, Земли населенных пунктов;22:35
Бийский район, Алтайский край, Земли населенных пунктов;22:36
Благовещенский район, Алтайский край, Земли населенных пунктов;22:37
Бурлинский район, Алтайский край, Земли населенных пунктов;22:38
Быстроистокский район, Алтайский край, Земли населенных пунктов;22:39
Белокурихинское, Алтайский край, Земли лесного фонда;22:4
Волчихинский район, Алтайский край, Земли населенных пунктов;22:40
г.Алейск, Алтайский край, Земли населенных пунктов;22:41
Городские леса города Барнаула, Алтайский край, Земли населенных пунктов;22:42
г.Барнаул (сельск.), Алтайский край, Земли населенных пунктов;22:43
Городские леса города Белокуриха, Алтайский край, Земли населенных пунктов;22:44
Городские леса города Бийска, Алтайский край, Земли населенных пунктов;22:45
г.Заринск, Алтайский край, Земли населенных пунктов;22:46
г.Новоалтайск, Алтайский край, Земли населенных пунктов;22:47
г.Рубцовск, Алтайский край, Земли населенных пунктов;22:48
г.Славгород, Алтайский край, Земли населенных пунктов;22:49
Бийское, Алтайский край, Земли лесного фонда;22:5
г.Яровое, Алтайский край, Земли населенных пунктов;22:50
Егорьевский район, Алтайский край, Земли населенных пунктов;22:51
Ельцовский район, Алтайский край, Земли населенных пунктов;22:52
Завьяловский район, Алтайский край, Земли населенных пунктов;22:53
Залесовский район, Алтайский край, Земли населенных пунктов;22:54
Заринский район, Алтайский край, Земли населенных пунктов;22:55
ЗАТО Сибирский, Алтайский край, Земли населенных пунктов;22:56
Змеиногорский район, Алтайский край, Земли населенных пунктов;22:57
Зональный район, Алтайский край, Земли населенных пунктов;22:58
Калманский район, Алтайский край, Земли населенных пунктов;22:59
Бобровское, Алтайский край, Земли лесного фонда;22:6
Каменский район, Алтайский край, Земли населенных пунктов;22:60
Ключевский район, Алтайский край, Земли населенных пунктов;22:61
Косихинский район, Алтайский край, Земли населенных пунктов;22:62
Красногорский район, Алтайский край, Земли населенных пунктов;22:63
Краснощековский район, Алтайский край, Земли населенных пунктов;22:64
Крутихинский район, Алтайский край, Земли населенных пунктов;22:65
Кулундинский район, Алтайский край, Земли населенных пунктов;22:66
Курьинский район, Алтайский край, Земли населенных пунктов;22:67
Кытмановское АТО, Алтайский край, Земли населенных пунктов;22:68
Локтевский район, Алтайский край, Земли населенных пунктов;22:69
Боровлянское, Алтайский край, Земли лесного фонда;22:7
Мамонтовский район, Алтайский край, Земли населенных пунктов;22:70
Михайловский район, Алтайский край, Земли населенных пунктов;22:71
Немецкое национальный район, Алтайский край, Земли населенных пунктов;22:72
Новичихинский район, Алтайский край, Земли населенных пунктов;22:73
Павловский район, Алтайский край, Земли населенных пунктов;22:74
Панкрушихинский район, Алтайский край, Земли населенных пунктов;22:75
Первомайский район, Алтайский край, Земли населенных пунктов;22:76
Петропавловский район, Алтайский край, Земли населенных пунктов;22:77
Поспелихинский район, Алтайский край, Земли населенных пунктов;22:78
Ребрихинский район, Алтайский край, Земли населенных пунктов;22:79
Волчихинское, Алтайский край, Земли лесного фонда;22:8
Родинский район, Алтайский край, Земли населенных пунктов;22:80
Романовский район, Алтайский край, Земли населенных пунктов;22:81
Рубцовский район, Алтайский край, Земли населенных пунктов;22:82
Славгородский район, Алтайский край, Земли населенных пунктов;22:83
Смоленский район, Алтайский край, Земли населенных пунктов;22:84
Советский район, Алтайский край, Земли населенных пунктов;22:85
Солонешенский район, Алтайский край, Земли населенных пунктов;22:86
Солтонский район, Алтайский край, Земли населенных пунктов;22:87
Суетский район, Алтайский край, Земли населенных пунктов;22:88
Табунский район, Алтайский край, Земли населенных пунктов;22:89
Горно-Колыванское, Алтайский край, Земли лесного фонда;22:9
Тальменский район, Алтайский край, Земли населенных пунктов;22:90
Тогульский район, Алтайский край, Земли населенных пунктов;22:91
Топчихинский район, Алтайский край, Земли населенных пунктов;22:92
Третьяковский район, Алтайский край, Земли населенных пунктов;22:93
Троицкий район, Алтайский край, Земли населенных пунктов;22:94
Тюменцевский район, Алтайский край, Земли населенных пунктов;22:95
Угловский район, Алтайский край, Земли населенных пунктов;22:96
Усть-Калманский район, Алтайский край, Земли населенных пунктов;22:97
Усть-Пристанский район, Алтайский край, Земли населенных пунктов;22:98
Хабарский район, Алтайский край, Земли населенных пунктов;22:99
Абинское, Краснодарский край, Земли лесного фонда;23:1
Крымское, Краснодарский край, Земли лесного фонда;23:10
Лабинское, Краснодарский край, Земли лесного фонда;23:11
Мостовское, Краснодарский край, Земли лесного фонда;23:12
Новороссийское, Краснодарский край, Земли лесного фонда;23:13
Пшишское, Краснодарский край, Земли лесного фонда;23:14
Туапсинское, Краснодарский край, Земли лесного фонда;23:15
ГПЗ Утриш, Краснодарский край, Земли особо охраняемых природных территорий;23:16
НП Сочинский, Краснодарский край, Земли особо охраняемых природных территорий;23:17
Саратовское, Краснодарский край, Земли обороны и безопасности;23:18
Абинский муницип. р-он, Краснодарский край, Земли населенных пунктов;23:19
Апшеронское, Краснодарский край, Земли лесного фонда;23:2
Анапский район, Краснодарский край, Земли населенных пунктов;23:20
Апшеронский муницип. р-он, Краснодарский край, Земли населенных пунктов;23:21
Белоглинский муницип. р-он, Краснодарский край, Земли населенных пунктов;23:22
Белореченский район, Краснодарский край, Земли населенных пунктов;23:23
Брюховецкий муницип. р-он, Краснодарский край, Земли населенных пунктов;23:24
Выселковский муницип. р-он, Краснодарский край, Земли населенных пунктов;23:25
Город Армавир, Краснодарский край, Земли населенных пунктов;23:26
Город Горячий Ключ, Краснодарский край, Земли населенных пунктов;23:27
Город Краснодар, Краснодарский край, Земли населенных пунктов;23:28
Город Кропоткин, Краснодарский край, Земли населенных пунктов;23:29
Афипское, Краснодарский край, Земли лесного фонда;23:3
Город Новороссийск, Краснодарский край, Земли населенных пунктов;23:30
Город-курорт Геленджик, Краснодарский край, Земли населенных пунктов;23:31
Город-курорт Сочи, Краснодарский край, Земли населенных пунктов;23:32
Гулькевичский муницип. р-он, Краснодарский край, Земли населенных пунктов;23:33
Динской муницип. р-он, Краснодарский край, Земли населенных пунктов;23:34
Ейский муницип. р-он, Краснодарский край, Земли населенных пунктов;23:35
Кавказский муницип. р-он, Краснодарский край, Земли населенных пунктов;23:36
Калининский муницип. р-он, Краснодарский край, Земли населенных пунктов;23:37
Каневский муницип. р-он, Краснодарский край, Земли населенных пунктов;23:38
Кореновский муницип. р-он, Краснодарский край, Земли населенных пунктов;23:39
Белореченское, Краснодарский край, Земли лесного фонда;23:4
Красноармейский муницип. р-он, Краснодарский край, Земли населенных пунктов;23:40
Крыловский муницип. р-он, Краснодарский край, Земли населенных пунктов;23:41
Крымский муницип. р-он, Краснодарский край, Земли населенных пунктов;23:42
Курганинский муницип. р-он, Краснодарский край, Земли населенных пунктов;23:43
Кущевский муницип. р-он, Краснодарский край, Земли населенных пунктов;23:44
Лабинский  район, Краснодарский край, Земли населенных пунктов;23:45
Ленинградский муницип. р-он, Краснодарский край, Земли населенных пунктов;23:46
Мостовский муницип. р-он, Краснодарский край, Земли населенных пунктов;23:47
Новокубанский муницип. р-он, Краснодарский край, Земли населенных пунктов;23:48
Новопокровский муницип. р-он, Краснодарский край, Земли населенных пунктов;23:49
Геленджикское, Краснодарский край, Земли лесного фонда;23:5
Отрадненский муницип. р-он, Краснодарский край, Земли населенных пунктов;23:50
Павловский муницип. р-он, Краснодарский край, Земли населенных пунктов;23:51
Приморско-Ахтарский муниц. р-он, Краснодарский край, Земли населенных пунктов;23:52
Северский муницип. р-он, Краснодарский край, Земли населенных пунктов;23:53
Славянский муницип. р-он, Краснодарский край, Земли населенных пунктов;23:54
Староминский муницип. р-он, Краснодарский край, Земли населенных пунктов;23:55
Тбилисский муницип. р-он, Краснодарский край, Земли населенных пунктов;23:56
Темрюкский муницип. р-он, Краснодарский край, Земли населенных пунктов;23:57
Тимашевский муницип. р-он, Краснодарский край, Земли населенных пунктов;23:58
Тихорецкий муницип. р-он, Краснодарский край, Земли населенных пунктов;23:59
Горячеключевское, Краснодарский край, Земли лесного фонда;23:6
Туапсинский муницип. р-он, Краснодарский край, Земли населенных пунктов;23:60
Успенский муницип. р-он, Краснодарский край, Земли населенных пунктов;23:61
Усть-Лабинский муницип. р-он, Краснодарский край, Земли населенных пунктов;23:62
Щербиновский муницип. р-он, Краснодарский край, Земли населенных пунктов;23:63
Джубгское, Краснодарский край, Земли лесного фонда;23:7
Кавказское, Краснодарский край, Земли лесного фонда;23:8
Краснодарское, Краснодарский край, Земли лесного фонда;23:9
Абанское, Красноярский край, Земли лесного фонда;24:1
Верхнеманское, Красноярский край, Земли лесного фонда;24:10
Ермаковский, Красноярский край, Земли населенных пунктов;24:100
ЗАТО п. Кедровый, Красноярский край, Земли населенных пунктов;24:101
ЗАТО п. Солнечный, Красноярский край, Земли населенных пунктов;24:102
Идринский, Красноярский край, Земли населенных пунктов;24:103
Иланский, Красноярский край, Земли населенных пунктов;24:104
Ирбейский, Красноярский край, Земли населенных пунктов;24:105
Казачинский, Красноярский край, Земли населенных пунктов;24:106
Канский, Красноярский край, Земли населенных пунктов;24:107
Каратузский, Красноярский край, Земли населенных пунктов;24:108
Кежемский, Красноярский край, Земли населенных пунктов;24:109
Гремучинское, Красноярский край, Земли лесного фонда;24:11
Козульский, Красноярский край, Земли населенных пунктов;24:110
Краснотуранский, Красноярский край, Земли населенных пунктов;24:111
Курагинский, Красноярский край, Земли населенных пунктов;24:112
Манский, Красноярский край, Земли населенных пунктов;24:113
Минусинский, Красноярский край, Земли населенных пунктов;24:114
Мотыгинский, Красноярский край, Земли населенных пунктов;24:115
Назаровский, Красноярский край, Земли населенных пунктов;24:116
Нижнеингашский, Красноярский край, Земли населенных пунктов;24:117
Новоселовский, Красноярский край, Земли населенных пунктов;24:118
Партизанский, Красноярский край, Земли населенных пунктов;24:119
Даурское, Красноярский край, Земли лесного фонда;24:12
Пировский, Красноярский край, Земли населенных пунктов;24:120
Рыбинский, Красноярский край, Земли населенных пунктов;24:121
Саянский, Красноярский край, Земли населенных пунктов;24:122
Северо-Енисейский, Красноярский край, Земли населенных пунктов;24:123
Сухобузимский, Красноярский край, Земли населенных пунктов;24:124
Таймырский, Красноярский край, Земли населенных пунктов;24:125
Тасеевский, Красноярский край, Земли населенных пунктов;24:126
Туруханский, Красноярский край, Земли населенных пунктов;24:127
Тюхтетский, Красноярский край, Земли населенных пунктов;24:128
Ужурский, Красноярский край, Земли населенных пунктов;24:129
Дзержинское, Красноярский край, Земли лесного фонда;24:13
Уярский, Красноярский край, Земли населенных пунктов;24:130
Шарыповский, Красноярский край, Земли населенных пунктов;24:131
Шушенский, Красноярский край, Земли населенных пунктов;24:132
Эвенкийский, Красноярский край, Земли населенных пунктов;24:133
Национальный парк Красноярские Столбы, Красноярский край, Земли особо охраняемых природных территорий;24:134
Долгомостовское, Красноярский край, Земли лесного фонда;24:14
Емельяновское, Красноярский край, Земли лесного фонда;24:15
Енисейское, Красноярский край, Земли лесного фонда;24:16
Ермаковское, Красноярский край, Земли лесного фонда;24:17
Идринское, Красноярский край, Земли лесного фонда;24:18
Иланское, Красноярский край, Земли лесного фонда;24:19
Ачинское, Красноярский край, Земли лесного фонда;24:2
Ирбейское, Красноярский край, Земли лесного фонда;24:20
Казачинское, Красноярский край, Земли лесного фонда;24:21
Канское, Красноярский край, Земли лесного фонда;24:22
Каратузское, Красноярский край, Земли лесного фонда;24:23
Кизирское, Красноярский край, Земли лесного фонда;24:24
Кодинское, Красноярский край, Земли лесного фонда;24:25
Козульское, Красноярский край, Земли лесного фонда;24:26
Краснотуранское, Красноярский край, Земли лесного фонда;24:27
Красноярское, Красноярский край, Земли лесного фонда;24:28
Курагинское, Красноярский край, Земли лесного фонда;24:29
Байкитское, Красноярский край, Земли лесного фонда;24:3
Маганское, Красноярский край, Земли лесного фонда;24:30
Манзенское, Красноярский край, Земли лесного фонда;24:31
Манское, Красноярский край, Земли лесного фонда;24:32
Мининское, Красноярский край, Земли лесного фонда;24:33
Минусинское, Красноярский край, Земли лесного фонда;24:34
Мотыгинское, Красноярский край, Земли лесного фонда;24:35
Назаровское, Красноярский край, Земли лесного фонда;24:36
Невонское, Красноярский край, Земли лесного фонда;24:37
Нижне-Енисейское, Красноярский край, Земли лесного фонда;24:38
Новоселовское, Красноярский край, Земли лесного фонда;24:39
Балахтинское, Красноярский край, Земли лесного фонда;24:4
Пировское, Красноярский край, Земли лесного фонда;24:40
Пойменское, Красноярский край, Земли лесного фонда;24:41
Рыбинское, Красноярский край, Земли лесного фонда;24:42
Саяно-Шушенское, Красноярский край, Земли лесного фонда;24:43
Саянское, Красноярский край, Земли лесного фонда;24:44
Северо-Енисейское, Красноярский край, Земли лесного фонда;24:45
Сухобузимское, Красноярский край, Земли лесного фонда;24:46
Таежинское, Красноярский край, Земли лесного фонда;24:47
Таймырское, Красноярский край, Земли лесного фонда;24:48
Терянское, Красноярский край, Земли лесного фонда;24:49
Боготольское, Красноярский край, Земли лесного фонда;24:5
Тинское, Красноярский край, Земли лесного фонда;24:50
Тунгусско-Чунское, Красноярский край, Земли лесного фонда;24:51
Туруханское, Красноярский край, Земли лесного фонда;24:52
Тюхтетское, Красноярский край, Земли лесного фонда;24:53
Ужурское, Красноярский край, Земли лесного фонда;24:54
Усинское, Красноярский край, Земли лесного фонда;24:55
Усольское, Красноярский край, Земли лесного фонда;24:56
Уярское, Красноярский край, Земли лесного фонда;24:57
Хребтовское, Красноярский край, Земли лесного фонда;24:58
Чунское, Красноярский край, Земли лесного фонда;24:59
Богучанское, Красноярский край, Земли лесного фонда;24:6
Шарыповское, Красноярский край, Земли лесного фонда;24:60
Эвенкийское, Красноярский край, Земли лесного фонда;24:61
ГПБЗ Саяно-Шушенский, Красноярский край, Земли особо охраняемых природных территорий;24:62
ГПБЗ Таймырский, Красноярский край, Земли особо охраняемых природных территорий;24:63
ГПБЗ Центральносибирский, Красноярский край, Земли особо охраняемых природных территорий;24:64
ГПЗ Большой Арктический, Красноярский край, Земли особо охраняемых природных территорий;24:65
ГПЗ Путоранский, Красноярский край, Земли особо охраняемых природных территорий;24:66
ГПЗ Столбы, Красноярский край, Земли особо охраняемых природных территорий;24:67
ГПЗ Тунгусский, Красноярский край, Земли особо охраняемых природных территорий;24:68
НП Шушенский бор, Красноярский край, Земли особо охраняемых природных территорий;24:69
Большемуртинское, Красноярский край, Земли лесного фонда;24:7
Красноярское, Красноярский край, Земли обороны и безопасности;24:70
Абанский, Красноярский край, Земли населенных пунктов;24:71
Ачинский, Красноярский край, Земли населенных пунктов;24:72
Балахтинский, Красноярский край, Земли населенных пунктов;24:73
Березовский, Красноярский край, Земли населенных пунктов;24:74
Бирилюсский, Красноярский край, Земли населенных пунктов;24:75
Боготольский, Красноярский край, Земли населенных пунктов;24:76
Богучанский, Красноярский край, Земли населенных пунктов;24:77
Большемуртинский, Красноярский край, Земли населенных пунктов;24:78
Большеулуйский, Красноярский край, Земли населенных пунктов;24:79
Большеулуйское, Красноярский край, Земли лесного фонда;24:8
г.Ачинск, Красноярский край, Земли населенных пунктов;24:80
г.Боготол, Красноярский край, Земли населенных пунктов;24:81
г.Бородино, Красноярский край, Земли населенных пунктов;24:82
г.Дивногорск, Красноярский край, Земли населенных пунктов;24:83
г.Енисейск, Красноярский край, Земли населенных пунктов;24:84
Таежное, Красноярский край, Земли населенных пунктов;24:85
г.Заозерный, Красноярский край, Земли населенных пунктов;24:86
г.Зеленогорск, Красноярский край, Земли населенных пунктов;24:87
г.Игарка, Красноярский край, Земли населенных пунктов;24:88
Канское, Красноярский край, Земли населенных пунктов;24:89
Борское, Красноярский край, Земли лесного фонда;24:9
Городское лесничество, Красноярский край, Земли населенных пунктов;24:90
г.Лесосибирск, Красноярский край, Земли населенных пунктов;24:91
г.Минусинск, Красноярский край, Земли населенных пунктов;24:92
г.Назарово, Красноярский край, Земли населенных пунктов;24:93
г.Норильск, Красноярский край, Земли населенных пунктов;24:94
г.Сосновоборск, Красноярский край, Земли населенных пунктов;24:95
г.Шарыпово, Красноярский край, Земли населенных пунктов;24:96
Дзержинский, Красноярский край, Земли населенных пунктов;24:97
Емельяновский, Красноярский край, Земли населенных пунктов;24:98
Енисейский, Красноярский край, Земли населенных пунктов;24:99
Арсеньевское, Приморский край, Земли лесного фонда;25:1
Уссурийское, Приморский край, Земли лесного фонда;25:10
Чугуевское, Приморский край, Земли лесного фонда;25:11
ГПБЗ Кедровая падь, Приморский край, Земли особо охраняемых природных территорий;25:12
ГПБЗ Сихотэ-Алинский, Приморский край, Земли особо охраняемых природных территорий;25:13
ГПБЗ Ханкайский, Приморский край, Земли особо охраняемых природных территорий;25:14
ГПЗ Лазовский, Приморский край, Земли особо охраняемых природных территорий;25:15
ГПЗ Уссурийский, Приморский край, Земли особо охраняемых природных территорий;25:16
Дальневосточный морской биосферный заповедник «ДВГМЗ», Приморский край, Земли особо охраняемых природных территорий;25:17
НП Земля леопарда, Приморский край, Земли особо охраняемых природных территорий;25:18
НП Зов тигра, Приморский край, Земли особо охраняемых природных территорий;25:19
Верхне-Перевальнинское, Приморский край, Земли лесного фонда;25:2
НП Удэгейская легенда, Приморский край, Земли особо охраняемых природных территорий;25:20
Владивостокское, Приморский край, Земли обороны и безопасности;25:21
Партизанское, Приморский край, Земли обороны и безопасности;25:22
Уссурийское, Приморский край, Земли обороны и безопасности;25:23
Анучинский муниципальный район, Приморский край, Земли населенных пунктов;25:24
Аресеньевский городской округ, Приморский край, Земли населенных пунктов;25:25
Артемовский городской округ, Приморский край, Земли населенных пунктов;25:26
Владивостокский городской округ, Приморский край, Земли населенных пунктов;25:27
Городской округ ЗАТО Большой Камень, Приморский край, Земли населенных пунктов;25:28
Городской округ ЗАТО Фокино, Приморский край, Земли населенных пунктов;25:29
Владивостокское, Приморский край, Земли лесного фонда;25:3
Городской округ Спасск - Дальний, Приморский край, Земли населенных пунктов;25:30
Дальнегорский городской окург, Приморский край, Земли населенных пунктов;25:31
Дальнереченский городской округ, Приморский край, Земли населенных пунктов;25:32
Дальнереченский муниципальный район, Приморский край, Земли населенных пунктов;25:33
Кавалеровский муниципальный район, Приморский край, Земли населенных пунктов;25:34
Кировский муниципальный район, Приморский край, Земли населенных пунктов;25:35
Красноармейский муниципальный район, Приморский край, Земли населенных пунктов;25:36
Лазовский муниципальный район, Приморский край, Земли населенных пунктов;25:37
Лесозаводский городской округ, Приморский край, Земли населенных пунктов;25:38
Михайловский муниципальный район, Приморский край, Земли населенных пунктов;25:39
Дальнереченское, Приморский край, Земли лесного фонда;25:4
Надеждинский  муниципальный район, Приморский край, Земли населенных пунктов;25:40
Находкинский городской округ, Приморский край, Земли населенных пунктов;25:41
Октябрьский муниципальный район, Приморский край, Земли населенных пунктов;25:42
Ольгинский муниципальный район, Приморский край, Земли населенных пунктов;25:43
Партизанский городской округ, Приморский край, Земли населенных пунктов;25:44
Партизанский муниципальный район, Приморский край, Земли населенных пунктов;25:45
Пограничный муниципальный район, Приморский край, Земли населенных пунктов;25:46
Пожарский муниципальный район, Приморский край, Земли населенных пунктов;25:47
Спасский муниципальный район, Приморский край, Земли населенных пунктов;25:48
Тернейский муниципальный район, Приморский край, Земли населенных пунктов;25:49
Кавалеровское, Приморский край, Земли лесного фонда;25:5
Уссурийский городской округ, Приморский край, Земли населенных пунктов;25:50
Ханкайский муниципальный район, Приморский край, Земли населенных пунктов;25:51
Хасанский муниципальный район, Приморский край, Земли населенных пунктов;25:52
Хорольский муниципальный район, Приморский край, Земли населенных пунктов;25:53
Черниговский муниципальный район, Приморский край, Земли населенных пунктов;25:54
Чугуевский муниципальный район, Приморский край, Земли населенных пунктов;25:55
Шкотовский муниципальный район, Приморский край, Земли населенных пунктов;25:56
Яковлевский муниципальный район, Приморский край, Земли населенных пунктов;25:57
Артемовское городское, Приморский край, Земли населенных пунктов;25:58
Рощинское, Приморский край, Земли лесного фонда;25:6
Сергеевское, Приморский край, Земли лесного фонда;25:7
Спасское, Приморский край, Земли лесного фонда;25:8
Тернейское, Приморский край, Земли лесного фонда;25:9
Бештаугорское, Ставропольский край, Земли лесного фонда;26:1
Невинномысское, Ставропольский край, Земли лесного фонда;26:10
Нижне-Кумское, Ставропольский край, Земли лесного фонда;26:11
Ставропольское, Ставропольский край, Земли лесного фонда;26:12
Александровское, Ставропольский край, Земли населенных пунктов;26:13
Андроповское, Ставропольский край, Земли населенных пунктов;26:14
Апанасенковское, Ставропольский край, Земли населенных пунктов;26:15
Арзгирское, Ставропольский край, Земли населенных пунктов;26:16
Благодарненское, Ставропольский край, Земли населенных пунктов;26:17
Будённовское, Ставропольский край, Земли населенных пунктов;26:18
г. Буденновск, Ставропольский край, Земли населенных пунктов;26:19
Георгиевское, Ставропольский край, Земли лесного фонда;26:2
г. Георгиевск, Ставропольский край, Земли населенных пунктов;26:20
Георгиевское, Ставропольский край, Земли населенных пунктов;26:21
Грачёвское, Ставропольский край, Земли населенных пунктов;26:22
Ессентукскское городское лесничество, Ставропольский край, Земли населенных пунктов;26:23
Железноводское городское лесничество, Ставропольский край, Земли населенных пунктов;26:24
Изобильненское, Ставропольский край, Земли населенных пунктов;26:25
Ипатовское, Ставропольский край, Земли населенных пунктов;26:26
Кировское, Ставропольский край, Земли населенных пунктов;26:27
Кисловодское городское лесничество, Ставропольский край, Земли населенных пунктов;26:28
Кочубеевское, Ставропольский край, Земли населенных пунктов;26:29
Дивенское, Ставропольский край, Земли лесного фонда;26:3
Красногвардейское, Ставропольский край, Земли населенных пунктов;26:30
Курское, Ставропольский край, Земли населенных пунктов;26:31
Левокумское, Ставропольский край, Земли населенных пунктов;26:32
Лермонтовское городское лесничество, Ставропольский край, Земли населенных пунктов;26:33
Минераловодское, Ставропольский край, Земли населенных пунктов;26:34
Минераловодское городское лесничество, Ставропольский край, Земли населенных пунктов;26:35
Невинномысское городское лесничество, Ставропольский край, Земли населенных пунктов;26:36
Нефтекумское, Ставропольский край, Земли населенных пунктов;26:37
Новоалександровское, Ставропольский край, Земли населенных пунктов;26:38
Новоселицкое, Ставропольский край, Земли населенных пунктов;26:39
Ессентукское, Ставропольский край, Земли лесного фонда;26:4
Петровское, Ставропольский край, Земли населенных пунктов;26:40
Предгорный, Ставропольский край, Земли населенных пунктов;26:41
Пятигорское городское лесничество, Ставропольский край, Земли населенных пунктов;26:42
Советское, Ставропольский край, Земли населенных пунктов;26:43
Ставропольское городское лесничество, Ставропольский край, Земли населенных пунктов;26:44
Степновское, Ставропольский край, Земли населенных пунктов;26:45
Труновское, Ставропольский край, Земли населенных пунктов;26:46
Туркменское, Ставропольский край, Земли населенных пунктов;26:47
Шпаковское, Ставропольский край, Земли населенных пунктов;26:48
"Национальный парк ""Кисловодский"", Ставропольский край, Земли особо охраняемых природных территорий";26:49
Изобильненское, Ставропольский край, Земли лесного фонда;26:5
Калаусское, Ставропольский край, Земли лесного фонда;26:6
Кисловодское, Ставропольский край, Земли лесного фонда;26:7
Курское, Ставропольский край, Земли лесного фонда;26:8
Левокумское, Ставропольский край, Земли лесного фонда;26:9
Аванское, Хабаровский край, Земли лесного фонда;27:1
Гурское, Хабаровский край, Земли лесного фонда;27:10
Де-Кастринское, Хабаровский край, Земли лесного фонда;27:11
Иннокентьевское, Хабаровский край, Земли лесного фонда;27:12
Кербинское, Хабаровский край, Земли лесного фонда;27:13
Кизинское, Хабаровский край, Земли лесного фонда;27:14
Комсомольское, Хабаровский край, Земли лесного фонда;27:15
Кур-Урмийское, Хабаровский край, Земли лесного фонда;27:16
Лазаревское, Хабаровский край, Земли лесного фонда;27:17
Литовское, Хабаровский край, Земли лесного фонда;27:18
Мухенское, Хабаровский край, Земли лесного фонда;27:19
Амгуньское, Хабаровский край, Земли лесного фонда;27:2
Нанайское, Хабаровский край, Земли лесного фонда;27:20
Нижнетамбовское, Хабаровский край, Земли лесного фонда;27:21
Николаевское, Хабаровский край, Земли лесного фонда;27:22
Оборское, Хабаровский край, Земли лесного фонда;27:23
Охотское, Хабаровский край, Земли лесного фонда;27:24
Падалинское, Хабаровский край, Земли лесного фонда;27:25
Северное, Хабаровский край, Земли лесного фонда;27:26
Советское, Хабаровский край, Земли лесного фонда;27:27
Солнечное, Хабаровский край, Земли лесного фонда;27:28
Сукпайское, Хабаровский край, Земли лесного фонда;27:29
Аянское, Хабаровский край, Земли лесного фонда;27:3
Тумнинское, Хабаровский край, Земли лесного фонда;27:30
Тырминское, Хабаровский край, Земли лесного фонда;27:31
Уктурское, Хабаровский край, Земли лесного фонда;27:32
Уликанское, Хабаровский край, Земли лесного фонда;27:33
Ульчское, Хабаровский край, Земли лесного фонда;27:34
Ургальское, Хабаровский край, Земли лесного фонда;27:35
Хабаровское, Хабаровский край, Земли лесного фонда;27:36
Хехцирское, Хабаровский край, Земли лесного фонда;27:37
Хорское, Хабаровский край, Земли лесного фонда;27:38
Чумиканское, Хабаровский край, Земли лесного фонда;27:39
Баджальское, Хабаровский край, Земли лесного фонда;27:4
Эворонское, Хабаровский край, Земли лесного фонда;27:40
ГПЗ Болоньский, Хабаровский край, Земли особо охраняемых природных территорий;27:41
ГПЗ Большехехцирский, Хабаровский край, Земли особо охраняемых природных территорий;27:42
ГПЗ Ботчинский, Хабаровский край, Земли особо охраняемых природных территорий;27:43
ГПЗ Буреинский, Хабаровский край, Земли особо охраняемых природных территорий;27:44
ГПЗ Джугджурский, Хабаровский край, Земли особо охраняемых природных территорий;27:45
ГПЗ Комсомольский, Хабаровский край, Земли особо охраняемых природных территорий;27:46
НП Анюйский, Хабаровский край, Земли особо охраняемых природных территорий;27:47
НП Шантарские острова, Хабаровский край, Земли особо охраняемых природных территорий;27:48
Хабаровское, Хабаровский край, Земли обороны и безопасности;27:49
Бикинское, Хабаровский край, Земли лесного фонда;27:5
Амурский район, Хабаровский край, Земли населенных пунктов;27:50
Аяно- Майский район, Хабаровский край, Земли населенных пунктов;27:51
Бикинский район, Хабаровский край, Земли населенных пунктов;27:52
Ванинский район, Хабаровский край, Земли населенных пунктов;27:53
Верхнебуреинский район, Хабаровский край, Земли населенных пунктов;27:54
Вяземский район, Хабаровский край, Земли населенных пунктов;27:55
Комсомольский район, Хабаровский край, Земли населенных пунктов;27:56
Нанайский район, Хабаровский край, Земли населенных пунктов;27:57
Николаевский район, Хабаровский край, Земли населенных пунктов;27:58
Охотский район, Хабаровский край, Земли населенных пунктов;27:59
Болоньское, Хабаровский край, Земли лесного фонда;27:6
район им. Лазо, Хабаровский край, Земли населенных пунктов;27:60
р-он им. Полины Осипенко, Хабаровский край, Земли населенных пунктов;27:61
Советскогаванский район, Хабаровский край, Земли населенных пунктов;27:62
Солнечный район, Хабаровский край, Земли населенных пунктов;27:63
Тугуро-Чумиканский р-он, Хабаровский край, Земли населенных пунктов;27:64
Ульчский район, Хабаровский край, Земли населенных пунктов;27:65
Хабаровский район, Хабаровский край, Земли населенных пунктов;27:66
Быстринское, Хабаровский край, Земли лесного фонда;27:7
Высокогорное, Хабаровский край, Земли лесного фонда;27:8
Горинское, Хабаровский край, Земли лесного фонда;27:9
Архаринское, Амурская область, Земли лесного фонда;28:1
Свободненское, Амурская область, Земли лесного фонда;28:10
Тындинское, Амурская область, Земли лесного фонда;28:11
Урушинское, Амурская область, Земли лесного фонда;28:12
Шимановское, Амурская область, Земли лесного фонда;28:13
ГПЗ Зейский, Амурская область, Земли особо охраняемых природных территорий;28:14
ГПЗ Норский, Амурская область, Земли особо охраняемых природных территорий;28:15
ГПЗ Хинганский, Амурская область, Земли особо охраняемых природных территорий;28:16
Амурское, Амурская область, Земли обороны и безопасности;28:17
Архаринский, Амурская область, Земли населенных пунктов;28:18
Белогорский, Амурская область, Земли населенных пунктов;28:19
Белогорское, Амурская область, Земли лесного фонда;28:2
Благовещенский, Амурская область, Земли населенных пунктов;28:20
Бурейский, Амурская область, Земли населенных пунктов;28:21
г.Благовещенск, Амурская область, Земли населенных пунктов;28:22
г.Райчихинск, Амурская область, Земли населенных пунктов;28:23
Завитинский, Амурская область, Земли населенных пунктов;28:24
Зейский, Амурская область, Земли населенных пунктов;28:25
Ивановский, Амурская область, Земли населенных пунктов;28:26
Константиновский, Амурская область, Земли населенных пунктов;28:27
Магдагачмнский, Амурская область, Земли населенных пунктов;28:28
Мазановский, Амурская область, Земли населенных пунктов;28:29
Благовещенское, Амурская область, Земли лесного фонда;28:3
Михайловский, Амурская область, Земли населенных пунктов;28:30
новый, Амурская область, Земли населенных пунктов;28:31
Октябрьский, Амурская область, Земли населенных пунктов;28:32
Ромненский, Амурская область, Земли населенных пунктов;28:33
Свободненский, Амурская область, Земли населенных пунктов;28:34
Селемджинский, Амурская область, Земли населенных пунктов;28:35
Серышевский, Амурская область, Земли населенных пунктов;28:36
Сковородинский, Амурская область, Земли населенных пунктов;28:37
Тамбовский, Амурская область, Земли населенных пунктов;28:38
Тындинский, Амурская область, Земли населенных пунктов;28:39
Бурейское, Амурская область, Земли лесного фонда;28:4
Шимановский, Амурская область, Земли населенных пунктов;28:40
Завитинское, Амурская область, Земли обороны и безопасности;28:41
Завитинское, Амурская область, Земли лесного фонда;28:5
Зейское, Амурская область, Земли лесного фонда;28:6
Магдагачинское, Амурская область, Земли лесного фонда;28:7
Мазановское, Амурская область, Земли лесного фонда;28:8
Норское, Амурская область, Земли лесного фонда;28:9
Архангельское, Архангельская область, Земли лесного фонда;29:1
Коношское, Архангельская область, Земли лесного фонда;29:10
Котласское, Архангельская область, Земли лесного фонда;29:11
Красноборское, Архангельская область, Земли лесного фонда;29:12
Лешуконское, Архангельская область, Земли лесного фонда;29:13
Мезенское, Архангельская область, Земли лесного фонда;29:14
Няндомское, Архангельская область, Земли лесного фонда;29:15
Обозерское, Архангельская область, Земли лесного фонда;29:16
Онежское, Архангельская область, Земли лесного фонда;29:17
Пинежское, Архангельская область, Земли лесного фонда;29:18
Плесецкое, Архангельская область, Земли лесного фонда;29:19
Березниковское, Архангельская область, Земли лесного фонда;29:2
Приозерное, Архангельская область, Земли лесного фонда;29:20
Пуксоозерское, Архангельская область, Земли лесного фонда;29:21
Северодвинское, Архангельская область, Земли лесного фонда;29:22
Сийское, Архангельская область, Земли лесного фонда;29:23
Соловецкое, Архангельская область, Земли лесного фонда;29:24
Сурское, Архангельская область, Земли лесного фонда;29:25
Устьянское, Архангельская область, Земли лесного фонда;29:26
Холмогорское, Архангельская область, Земли лесного фонда;29:27
Шенкурское, Архангельская область, Земли лесного фонда;29:28
Яренское, Архангельская область, Земли лесного фонда;29:29
Вельское, Архангельская область, Земли лесного фонда;29:3
ГПЗ Пинежский, Архангельская область, Земли особо охраняемых природных территорий;29:30
НП Кенозерский, Архангельская область, Земли особо охраняемых природных территорий;29:31
НП Онежское Поморье, Архангельская область, Земли особо охраняемых природных территорий;29:32
НП Русская Арктика, Архангельская область, Земли особо охраняемых природных территорий;29:33
Вельский, Архангельская область, Земли населенных пунктов;29:34
Верхнетоемский, Архангельская область, Земли населенных пунктов;29:35
Вилегодский, Архангельская область, Земли населенных пунктов;29:36
Виноградовский, Архангельская область, Земли населенных пунктов;29:37
г.Архангельск, Архангельская область, Земли населенных пунктов;29:38
Новодвинское городское лесничество, Архангельская область, Земли населенных пунктов;29:39
Верхнетоемское, Архангельская область, Земли лесного фонда;29:4
Леса города Северодвинска, Архангельская область, Земли населенных пунктов;29:40
Каргопольский, Архангельская область, Земли населенных пунктов;29:41
Коношский, Архангельская область, Земли населенных пунктов;29:42
Котласский, Архангельская область, Земли населенных пунктов;29:43
Красноберский, Архангельская область, Земли населенных пунктов;29:44
Ленский, Архангельская область, Земли населенных пунктов;29:45
Лешуконский, Архангельская область, Земли населенных пунктов;29:46
Мезенский, Архангельская область, Земли населенных пунктов;29:47
Няндомский, Архангельская область, Земли населенных пунктов;29:48
Онежский, Архангельская область, Земли населенных пунктов;29:49
Вилегодское, Архангельская область, Земли лесного фонда;29:5
Пинежский, Архангельская область, Земли населенных пунктов;29:50
Плесецкий, Архангельская область, Земли населенных пунктов;29:51
Приморский, Архангельская область, Земли населенных пунктов;29:52
Соловецкий, Архангельская область, Земли населенных пунктов;29:53
Устьянское муниципальное лесничество, Архангельская область, Земли населенных пунктов;29:54
Холмогорский, Архангельская область, Земли населенных пунктов;29:55
Шенкурское городское лесничество, Архангельская область, Земли населенных пунктов;29:56
Выйское, Архангельская область, Земли лесного фонда;29:6
Емецкое, Архангельская область, Земли лесного фонда;29:7
Каргопольское, Архангельская область, Земли лесного фонда;29:8
Карпогорское, Архангельская область, Земли лесного фонда;29:9
Восточнодельтовое, Астраханская область, Земли лесного фонда;30:1
Енотаевское АТО, Астраханская область, Земли населенных пунктов;30:10
Икрянинское АТО, Астраханская область, Земли населенных пунктов;30:11
Камызякское АТО, Астраханская область, Земли населенных пунктов;30:12
Красноярское АТО, Астраханская область, Земли населенных пунктов;30:13
Лиманское АТО, Астраханская область, Земли населенных пунктов;30:14
Наримановское АТО, Астраханская область, Земли населенных пунктов;30:15
Приволжское АТО, Астраханская область, Земли населенных пунктов;30:16
Харабалинское АТО, Астраханская область, Земли населенных пунктов;30:17
Черноярское АТО, Астраханская область, Земли населенных пунктов;30:18
Западнодельтовое, Астраханская область, Земли лесного фонда;30:2
Левобережное, Астраханская область, Земли лесного фонда;30:3
Правобережное, Астраханская область, Земли лесного фонда;30:4
ГПБЗ Астраханский, Астраханская область, Земли особо охраняемых природных территорий;30:5
ГПЗ Богдинско-Баскунчакский, Астраханская область, Земли особо охраняемых природных территорий;30:6
Ахтубинское АТО, Астраханская область, Земли населенных пунктов;30:7
Володарское АТО, Астраханская область, Земли населенных пунктов;30:8
г.Астрахань, Астраханская область, Земли населенных пунктов;30:9
Алексеевское, Белгородская область, Земли лесного фонда;31:1
Корочанское, Белгородская область, Земли лесного фонда;31:10
Красненское, Белгородская область, Земли лесного фонда;31:11
Красногвардейское, Белгородская область, Земли лесного фонда;31:12
Краснояружское, Белгородская область, Земли лесного фонда;31:13
Новооскольское, Белгородская область, Земли лесного фонда;31:14
Прохоровское, Белгородская область, Земли лесного фонда;31:15
Ракитянское, Белгородская область, Земли лесного фонда;31:16
Ровеньское, Белгородская область, Земли лесного фонда;31:17
Старооскольское, Белгородская область, Земли лесного фонда;31:18
Чернянское, Белгородская область, Земли лесного фонда;31:19
Белгородское, Белгородская область, Земли лесного фонда;31:2
Шебекинское, Белгородская область, Земли лесного фонда;31:20
Яковлевское, Белгородская область, Земли лесного фонда;31:21
ГПЗ Белогорье, Белгородская область, Земли особо охраняемых природных территорий;31:22
Алексеевский, Белгородская область, Земли населенных пунктов;31:23
Белгородский, Белгородская область, Земли населенных пунктов;31:24
Борисовский, Белгородская область, Земли населенных пунктов;31:25
Городские леса г. Валуйки, Белгородская область, Земли населенных пунктов;31:26
Вейделевский, Белгородская область, Земли населенных пунктов;31:27
Волоконовский, Белгородская область, Земли населенных пунктов;31:28
Грайворонский, Белгородская область, Земли населенных пунктов;31:29
Борисовское, Белгородская область, Земли лесного фонда;31:3
Городские леса г. Губкин, Белгородская область, Земли населенных пунктов;31:30
Ивнянский, Белгородская область, Земли населенных пунктов;31:31
"Леса, расположенные на землях муниципального района ""Корочанский район"", Белгородская область, Земли населенных пунктов";31:32
Красненский, Белгородская область, Земли населенных пунктов;31:33
Красногвардейский, Белгородская область, Земли населенных пунктов;31:34
Краснояружский, Белгородская область, Земли населенных пунктов;31:35
Новооскольский, Белгородская область, Земли населенных пунктов;31:36
Прохоровское городское лесничество, Белгородская область, Земли населенных пунктов;31:37
Ракитянский, Белгородская область, Земли населенных пунктов;31:38
Ровеньский, Белгородская область, Земли населенных пунктов;31:39
Валуйское, Белгородская область, Земли лесного фонда;31:4
Старооскольский, Белгородская область, Земли населенных пунктов;31:40
Чернянский, Белгородская область, Земли населенных пунктов;31:41
Муниципальные городские леса Шебекинского городского округа, Белгородская область, Земли населенных пунктов;31:42
Яковлевский, Белгородская область, Земли населенных пунктов;31:43
Белгородское городское, Белгородская область, Земли населенных пунктов;31:44
Вейделевское, Белгородская область, Земли лесного фонда;31:5
Волоконовское, Белгородская область, Земли лесного фонда;31:6
Грайворонское, Белгородская область, Земли лесного фонда;31:7
Губкинское, Белгородская область, Земли лесного фонда;31:8
Ивнянское, Белгородская область, Земли лесного фонда;31:9
Брасовское, Брянская область, Земли лесного фонда;32:1
Клинцовское, Брянская область, Земли лесного фонда;32:10
Мглинское, Брянская область, Земли лесного фонда;32:11
Навлинское, Брянская область, Земли лесного фонда;32:12
Почепское, Брянская область, Земли лесного фонда;32:13
Севское, Брянская область, Земли лесного фонда;32:14
Суземское, Брянская область, Земли лесного фонда;32:15
Трубчевское, Брянская область, Земли лесного фонда;32:16
Унечское, Брянская область, Земли лесного фонда;32:17
Учебно-опытное, Брянская область, Земли лесного фонда;32:18
ГПБЗ Брянский лес, Брянская область, Земли особо охраняемых природных территорий;32:19
Брянское, Брянская область, Земли лесного фонда;32:2
Брасовский, Брянская область, Земли населенных пунктов;32:20
Брянский, Брянская область, Земли населенных пунктов;32:21
Выгоничский, Брянская область, Земли населенных пунктов;32:22
г.Брянск, Брянская область, Земли населенных пунктов;32:23
г.Дятьково, Брянская область, Земли населенных пунктов;32:24
г.Клинцы, Брянская область, Земли населенных пунктов;32:25
г.Новозыбков, Брянская область, Земли населенных пунктов;32:26
г.Сельцо, Брянская область, Земли населенных пунктов;32:27
Гордеевский, Брянская область, Земли населенных пунктов;32:28
Дубровский, Брянская область, Земли населенных пунктов;32:29
Выгоничское, Брянская область, Земли лесного фонда;32:3
Дятьковский, Брянская область, Земли населенных пунктов;32:30
Жирятинский, Брянская область, Земли населенных пунктов;32:31
Жуковский, Брянская область, Земли населенных пунктов;32:32
Злынковский, Брянская область, Земли населенных пунктов;32:33
Карачевский, Брянская область, Земли населенных пунктов;32:34
Клетнянский, Брянская область, Земли населенных пунктов;32:35
Климовский, Брянская область, Земли населенных пунктов;32:36
Клинцовский, Брянская область, Земли населенных пунктов;32:37
Комаричский, Брянская область, Земли населенных пунктов;32:38
Красногорский, Брянская область, Земли населенных пунктов;32:39
Дубровское, Брянская область, Земли лесного фонда;32:4
Мглинский, Брянская область, Земли населенных пунктов;32:40
Навлинский, Брянская область, Земли населенных пунктов;32:41
Новозыбковский, Брянская область, Земли населенных пунктов;32:42
Погарский, Брянская область, Земли населенных пунктов;32:43
Почепский, Брянская область, Земли населенных пунктов;32:44
Рогнединский, Брянская область, Земли населенных пунктов;32:45
Севский, Брянская область, Земли населенных пунктов;32:46
Стародубский, Брянская область, Земли населенных пунктов;32:47
Суземский, Брянская область, Земли населенных пунктов;32:48
Суражский, Брянская область, Земли населенных пунктов;32:49
Дятьковское, Брянская область, Земли лесного фонда;32:5
Трубчевский, Брянская область, Земли населенных пунктов;32:50
Унечский, Брянская область, Земли населенных пунктов;32:51
Жуковское, Брянская область, Земли лесного фонда;32:6
Злынковское, Брянская область, Земли лесного фонда;32:7
Карачевское, Брянская область, Земли лесного фонда;32:8
Клетнянское, Брянская область, Земли лесного фонда;32:9
Александровское, Владимирская область, Земли лесного фонда;33:1
Ковровское, Владимирская область, Земли лесного фонда;33:10
Кольчугинское, Владимирская область, Земли лесного фонда;33:11
Курловское, Владимирская область, Земли лесного фонда;33:12
Меленковское, Владимирская область, Земли лесного фонда;33:13
Селивановское, Владимирская область, Земли лесного фонда;33:14
Собинское, Владимирская область, Земли лесного фонда;33:15
Суздальское, Владимирская область, Земли лесного фонда;33:16
Юрьев-Польское, Владимирская область, Земли лесного фонда;33:17
НП Мещера, Владимирская область, Земли особо охраняемых природных территорий;33:18
Александровский, Владимирская область, Земли населенных пунктов;33:19
Андреевское, Владимирская область, Земли лесного фонда;33:2
Вязниковский, Владимирская область, Земли населенных пунктов;33:20
Гороховецкий, Владимирская область, Земли населенных пунктов;33:21
Гусь-Хрустальный, Владимирская область, Земли населенных пунктов;33:22
Камешковский, Владимирская область, Земли населенных пунктов;33:23
Киржачский, Владимирская область, Земли населенных пунктов;33:24
Ковровский, Владимирская область, Земли населенных пунктов;33:25
Кольчугинский, Владимирская область, Земли населенных пунктов;33:26
Меленковский, Владимирская область, Земли населенных пунктов;33:27
Муромский, Владимирская область, Земли населенных пунктов;33:28
Петушинский, Владимирская область, Земли населенных пунктов;33:29
Владимирское, Владимирская область, Земли лесного фонда;33:3
Селивановский, Владимирская область, Земли населенных пунктов;33:30
Собинский, Владимирская область, Земли населенных пунктов;33:31
Судогодский, Владимирская область, Земли населенных пунктов;33:32
Суздальский, Владимирская область, Земли населенных пунктов;33:33
Юрьев-Польский, Владимирская область, Земли населенных пунктов;33:34
ЗАТО г. Радужный, Владимирская область, Земли населенных пунктов;33:35
Вязниковское, Владимирская область, Земли лесного фонда;33:4
Гороховецкое, Владимирская область, Земли лесного фонда;33:5
Гусевское, Владимирская область, Земли лесного фонда;33:6
Заречное, Владимирская область, Земли лесного фонда;33:7
Камешковское, Владимирская область, Земли лесного фонда;33:8
Киржачское, Владимирская область, Земли лесного фонда;33:9
Алексеевское, Волгоградская область, Земли лесного фонда;34:1
Котовское, Волгоградская область, Земли лесного фонда;34:10
Лещевское, Волгоградская область, Земли лесного фонда;34:11
Михайловское, Волгоградская область, Земли лесного фонда;34:12
Нижнечирское, Волгоградская область, Земли лесного фонда;34:13
Новоаннинское, Волгоградская область, Земли лесного фонда;34:14
Ольховское, Волгоградская область, Земли лесного фонда;34:15
Подтелковское, Волгоградская область, Земли лесного фонда;34:16
Руднянское, Волгоградская область, Земли лесного фонда;34:17
Светлоярское, Волгоградская область, Земли лесного фонда;34:18
Серафимовичское, Волгоградская область, Земли лесного фонда;34:19
Арчединское, Волгоградская область, Земли лесного фонда;34:2
Среднеахтубинское, Волгоградская область, Земли лесного фонда;34:20
Старополтавское, Волгоградская область, Земли лесного фонда;34:21
Урюпинское, Волгоградская область, Земли лесного фонда;34:22
Алексеевский, Волгоградская область, Земли населенных пунктов;34:23
Быковский, Волгоградская область, Земли населенных пунктов;34:24
Городское лесничество Волгограда, Волгоградская область, Земли населенных пунктов;34:25
Городищенский, Волгоградская область, Земли населенных пунктов;34:26
Даниловский, Волгоградская область, Земли населенных пунктов;34:27
Дубовский, Волгоградская область, Земли населенных пунктов;34:28
Еланский, Волгоградская область, Земли населенных пунктов;34:29
Быковское, Волгоградская область, Земли лесного фонда;34:3
Жирновский, Волгоградская область, Земли населенных пунктов;34:30
Иловлинский, Волгоградская область, Земли населенных пунктов;34:31
Калачевский, Волгоградская область, Земли населенных пунктов;34:32
Камышинский, Волгоградская область, Земли населенных пунктов;34:33
Киквидзенский, Волгоградская область, Земли населенных пунктов;34:34
Клетский, Волгоградская область, Земли населенных пунктов;34:35
Котельниковский, Волгоградская область, Земли населенных пунктов;34:36
Котовский, Волгоградская область, Земли населенных пунктов;34:37
Кумылженский, Волгоградская область, Земли населенных пунктов;34:38
Ленинский, Волгоградская область, Земли населенных пунктов;34:39
Волгоградское, Волгоградская область, Земли лесного фонда;34:4
Михайловский, Волгоградская область, Земли населенных пунктов;34:40
Нехаевский, Волгоградская область, Земли населенных пунктов;34:41
Николаевский, Волгоградская область, Земли населенных пунктов;34:42
Новоаннинский, Волгоградская область, Земли населенных пунктов;34:43
Новониколаевский, Волгоградская область, Земли населенных пунктов;34:44
Октябрьский, Волгоградская область, Земли населенных пунктов;34:45
Ольховский, Волгоградская область, Земли населенных пунктов;34:46
Палласовский, Волгоградская область, Земли населенных пунктов;34:47
Руднянский, Волгоградская область, Земли населенных пунктов;34:48
Светлоярский, Волгоградская область, Земли населенных пунктов;34:49
Даниловское, Волгоградская область, Земли лесного фонда;34:5
Серафимовичский, Волгоградская область, Земли населенных пунктов;34:50
Среднеахтубинский, Волгоградская область, Земли населенных пунктов;34:51
Старополтавский, Волгоградская область, Земли населенных пунктов;34:52
Суровикинский, Волгоградская область, Земли населенных пунктов;34:53
Урюпинский, Волгоградская область, Земли населенных пунктов;34:54
Фроловский, Волгоградская область, Земли населенных пунктов;34:55
Чернышковский, Волгоградская область, Земли населенных пунктов;34:56
Жирновское, Волгоградская область, Земли лесного фонда;34:6
Иловлинское, Волгоградская область, Земли лесного фонда;34:7
Калачевское, Волгоградская область, Земли лесного фонда;34:8
Камышинское, Волгоградская область, Земли лесного фонда;34:9
Бабаевское, Вологодская область, Земли лесного фонда;35:1
Грязовецкое, Вологодская область, Земли лесного фонда;35:10
Кадуйское, Вологодская область, Земли лесного фонда;35:11
Кирилловское, Вологодская область, Земли лесного фонда;35:12
Кичменгско-Городецкое, Вологодская область, Земли лесного фонда;35:13
Междуреченское, Вологодская область, Земли лесного фонда;35:14
Никольское, Вологодская область, Земли лесного фонда;35:15
Нюксенское, Вологодская область, Земли лесного фонда;35:16
Сокольское, Вологодская область, Земли лесного фонда;35:17
Сямженское, Вологодская область, Земли лесного фонда;35:18
Тарногское, Вологодская область, Земли лесного фонда;35:19
Бабушкинское, Вологодская область, Земли лесного фонда;35:2
Тотемское, Вологодская область, Земли лесного фонда;35:20
Усть-Кубинское, Вологодская область, Земли лесного фонда;35:21
Устюженское, Вологодская область, Земли лесного фонда;35:22
Харовское, Вологодская область, Земли лесного фонда;35:23
Чагодощенское, Вологодская область, Земли лесного фонда;35:24
Череповецкое, Вологодская область, Земли лесного фонда;35:25
Шекснинское, Вологодская область, Земли лесного фонда;35:26
НП Русский Север, Вологодская область, Земли особо охраняемых природных территорий;35:27
Бабаевский район, Вологодская область, Земли населенных пунктов;35:28
Бабушкинский район, Вологодская область, Земли населенных пунктов;35:29
Белозерское, Вологодская область, Земли лесного фонда;35:3
Белозерский район, Вологодская область, Земли населенных пунктов;35:30
Вашкинский район, Вологодская область, Земли населенных пунктов;35:31
Великоустюгский район, Вологодская область, Земли населенных пунктов;35:32
Верховажский район, Вологодская область, Земли населенных пунктов;35:33
Вожегодский район, Вологодская область, Земли населенных пунктов;35:34
Вологодский район, Вологодская область, Земли населенных пунктов;35:35
Вытегорский район, Вологодская область, Земли населенных пунктов;35:36
г.Вологда, Вологодская область, Земли населенных пунктов;35:37
г.Череповец, Вологодская область, Земли населенных пунктов;35:38
Грязовецкий район, Вологодская область, Земли населенных пунктов;35:39
Вашкинское, Вологодская область, Земли лесного фонда;35:4
Кадуйский район, Вологодская область, Земли населенных пунктов;35:40
Кирилловский район, Вологодская область, Земли населенных пунктов;35:41
Кичменгско-Городецкий район, Вологодская область, Земли населенных пунктов;35:42
Междуреченский район, Вологодская область, Земли населенных пунктов;35:43
Никольский район, Вологодская область, Земли населенных пунктов;35:44
Нюксенский район, Вологодская область, Земли населенных пунктов;35:45
Сокольский район, Вологодская область, Земли населенных пунктов;35:46
Сямженский район, Вологодская область, Земли населенных пунктов;35:47
Тарногский район, Вологодская область, Земли населенных пунктов;35:48
Тотемский район, Вологодская область, Земли населенных пунктов;35:49
Великоустюгское, Вологодская область, Земли лесного фонда;35:5
Усть-Кубинский район, Вологодская область, Земли населенных пунктов;35:50
Устюженский район, Вологодская область, Земли населенных пунктов;35:51
Харовский район, Вологодская область, Земли населенных пунктов;35:52
Чагодощенский район, Вологодская область, Земли населенных пунктов;35:53
Череповецкий район, Вологодская область, Земли населенных пунктов;35:54
Шекснинский район, Вологодская область, Земли населенных пунктов;35:55
Верховажское, Вологодская область, Земли лесного фонда;35:6
Вожегодское, Вологодская область, Земли лесного фонда;35:7
Вологодское, Вологодская область, Земли лесного фонда;35:8
Вытегорское, Вологодская область, Земли лесного фонда;35:9
Аннинское, Воронежская область, Земли лесного фонда;36:1
Кантемировское, Воронежская область, Земли лесного фонда;36:10
Новоусманское, Воронежская область, Земли лесного фонда;36:11
Новохоперское, Воронежская область, Земли лесного фонда;36:12
Острогожское, Воронежская область, Земли лесного фонда;36:13
Павловское, Воронежская область, Земли лесного фонда;36:14
Песковское, Воронежская область, Земли лесного фонда;36:15
Пригородное, Воронежская область, Земли лесного фонда;36:16
Россошанское, Воронежская область, Земли лесного фонда;36:17
Савальское, Воронежская область, Земли лесного фонда;36:18
Семилукское, Воронежская область, Земли лесного фонда;36:19
Бобровское, Воронежская область, Земли лесного фонда;36:2
Сомовское, Воронежская область, Земли лесного фонда;36:20
Теллермановское, Воронежская область, Земли лесного фонда;36:21
Хреновское, Воронежская область, Земли лесного фонда;36:22
Эртильское, Воронежская область, Земли лесного фонда;36:23
ГПЗ Хоперский, Воронежская область, Земли особо охраняемых природных территорий;36:24
Аннинский муниципальный р-он, Воронежская область, Земли населенных пунктов;36:25
Бобровский муниципальный р-он, Воронежская область, Земли населенных пунктов;36:26
Богучарский муниципальный райоy, Воронежская область, Земли населенных пунктов;36:27
Борисоглебский городской округ, Воронежская область, Земли населенных пунктов;36:28
Бутурлиновский муниципальный р-он, Воронежская область, Земли населенных пунктов;36:29
Богучарское, Воронежская область, Земли лесного фонда;36:3
Верхнемамонский муниципальный р-он, Воронежская область, Земли населенных пунктов;36:30
Верхнехавский муниципальный р-он, Воронежская область, Земли населенных пунктов;36:31
Воробьевский муниципальный р-он, Воронежская область, Земли населенных пунктов;36:32
Гор.округ - город Нововоронеж, Воронежская область, Земли населенных пунктов;36:33
Городской округ - город Воронеж, Воронежская область, Земли населенных пунктов;36:34
Грибановский муниципальный р-он, Воронежская область, Земли населенных пунктов;36:35
Калачеевский муниципальный р-он, Воронежская область, Земли населенных пунктов;36:36
Каменский муниципальный р-он, Воронежская область, Земли населенных пунктов;36:37
Кантемировский муниципальный р-он, Воронежская область, Земли населенных пунктов;36:38
Каширский муниципальный р-он, Воронежская область, Земли населенных пунктов;36:39
Бутурлиновское, Воронежская область, Земли лесного фонда;36:4
Лискинский муниципальный р-он, Воронежская область, Земли населенных пунктов;36:40
Нижнедевицкий муниципальный р-он, Воронежская область, Земли населенных пунктов;36:41
Новоусманский муниципальный р-он, Воронежская область, Земли населенных пунктов;36:42
Новохоперский муниципальный р-он, Воронежская область, Земли населенных пунктов;36:43
Ольховатский муниципальный р-он, Воронежская область, Земли населенных пунктов;36:44
Острогожский муниципальный р-он, Воронежская область, Земли населенных пунктов;36:45
Павловский муниципальный р-он, Воронежская область, Земли населенных пунктов;36:46
Панинский муниципальный р-он, Воронежская область, Земли населенных пунктов;36:47
Петропавловский муниц. р-он, Воронежская область, Земли населенных пунктов;36:48
Поворинский муниципальный р-он, Воронежская область, Земли населенных пунктов;36:49
Воронежское, Воронежская область, Земли лесного фонда;36:5
Подгоренский муниципальный р-он, Воронежская область, Земли населенных пунктов;36:50
Рамонский муниципальный р-он, Воронежская область, Земли населенных пунктов;36:51
Репьевский муниципальный р-он, Воронежская область, Земли населенных пунктов;36:52
Россошанский муниципальный р-он, Воронежская область, Земли населенных пунктов;36:53
Семилукский муниципальный р-он, Воронежская область, Земли населенных пунктов;36:54
Таловский муниципальный р-он, Воронежская область, Земли населенных пунктов;36:55
Терновский муниципальный р-он, Воронежская область, Земли населенных пунктов;36:56
Хохольский муниципальный р-он, Воронежская область, Земли населенных пунктов;36:57
Эртильский муниципальный р-он, Воронежская область, Земли населенных пунктов;36:58
Воронцовское, Воронежская область, Земли лесного фонда;36:6
Давыдовское, Воронежская область, Земли лесного фонда;36:7
Донское, Воронежская область, Земли лесного фонда;36:8
Калачеевское, Воронежская область, Земли лесного фонда;36:9
Вичугское, Ивановская область, Земли лесного фонда;37:1
Южское, Ивановская область, Земли лесного фонда;37:10
Верхнеландеховский, Ивановская область, Земли населенных пунктов;37:11
Вичугский, Ивановская область, Земли населенных пунктов;37:12
Гав-Посадский, Ивановская область, Земли населенных пунктов;37:13
Заволжский, Ивановская область, Земли населенных пунктов;37:14
Ивановский, Ивановская область, Земли населенных пунктов;37:15
Ильинский, Ивановская область, Земли населенных пунктов;37:16
Кинешемский, Ивановская область, Земли населенных пунктов;37:17
Комсомольский, Ивановская область, Земли населенных пунктов;37:18
Лежневский, Ивановская область, Земли населенных пунктов;37:19
Заволжское, Ивановская область, Земли лесного фонда;37:2
Лухский, Ивановская область, Земли населенных пунктов;37:20
Палехский, Ивановская область, Земли населенных пунктов;37:21
Пестяковский, Ивановская область, Земли населенных пунктов;37:22
Приволжский, Ивановская область, Земли населенных пунктов;37:23
Пучежский, Ивановская область, Земли населенных пунктов;37:24
Родниковский., Ивановская область, Земли населенных пунктов;37:25
Савинский, Ивановская область, Земли населенных пунктов;37:26
Тейковский, Ивановская область, Земли населенных пунктов;37:27
Фурмановский, Ивановская область, Земли населенных пунктов;37:28
Шуйский, Ивановская область, Земли населенных пунктов;37:29
Ивановское, Ивановская область, Земли лесного фонда;37:3
Южский, Ивановская область, Земли населенных пунктов;37:30
Юрьевецкий, Ивановская область, Земли населенных пунктов;37:31
Ильинское, Ивановская область, Земли лесного фонда;37:4
Кинешемское, Ивановская область, Земли лесного фонда;37:5
Пучежское, Ивановская область, Земли лесного фонда;37:6
Тейковское, Ивановская область, Земли лесного фонда;37:7
Фурмановское, Ивановская область, Земли лесного фонда;37:8
Шуйское, Ивановская область, Земли лесного фонда;37:9
Аларское, Иркутская область, Земли лесного фонда;38:1
Заларинское, Иркутская область, Земли лесного фонда;38:10
Зиминское, Иркутская область, Земли лесного фонда;38:11
Илимское, Иркутская область, Земли лесного фонда;38:12
Иркутское, Иркутская область, Земли лесного фонда;38:13
Казачинско-Ленское, Иркутская область, Земли лесного фонда;38:14
Катангское, Иркутская область, Земли лесного фонда;38:15
Качугское, Иркутская область, Земли лесного фонда;38:16
Киренское, Иркутская область, Земли лесного фонда;38:17
Кировское, Иркутская область, Земли лесного фонда;38:18
Куйтунское, Иркутская область, Земли лесного фонда;38:19
Ангарское, Иркутская область, Земли лесного фонда;38:2
Мамское, Иркутская область, Земли лесного фонда;38:20
Нижнеилимское, Иркутская область, Земли лесного фонда;38:21
Нижнеудинское, Иркутская область, Земли лесного фонда;38:22
Нукутское, Иркутская область, Земли лесного фонда;38:23
Ольхонское, Иркутская область, Земли лесного фонда;38:24
Осинское, Иркутская область, Земли лесного фонда;38:25
Падунское, Иркутская область, Земли лесного фонда;38:26
Северное, Иркутская область, Земли лесного фонда;38:27
Слюдянское, Иркутская область, Земли лесного фонда;38:28
Тайшетское, Иркутская область, Земли лесного фонда;38:29
Балаганское, Иркутская область, Земли лесного фонда;38:3
Тулунское, Иркутская область, Земли лесного фонда;38:30
Усольское, Иркутская область, Земли лесного фонда;38:31
Усть-Кутское, Иркутская область, Земли лесного фонда;38:32
Усть-Ордынское, Иркутская область, Земли лесного фонда;38:33
Усть-Удинское, Иркутская область, Земли лесного фонда;38:34
Черемховское, Иркутская область, Земли лесного фонда;38:35
Чунское, Иркутская область, Земли лесного фонда;38:36
Шелеховское, Иркутская область, Земли лесного фонда;38:37
ГПЗ Байкало-Ленский, Иркутская область, Земли особо охраняемых природных территорий;38:38
ГПЗ Витимский, Иркутская область, Земли особо охраняемых природных территорий;38:39
Баяндаевское, Иркутская область, Земли лесного фонда;38:4
НП Прибайкальский, Иркутская область, Земли особо охраняемых природных территорий;38:40
Нижнеудинское, Иркутская область, Земли обороны и безопасности;38:41
Шелеховское, Иркутская область, Земли обороны и безопасности;38:42
Ангарское МО, Иркутская область, Земли населенных пунктов;38:43
Зиминское городское МО, Иркутская область, Земли населенных пунктов;38:44
Зиминское районное МО, Иркутская область, Земли населенных пунктов;38:45
Иркутское городское лесничество, Иркутская область, Земли населенных пунктов;38:46
"МО ""Аларский район"", Иркутская область, Земли населенных пунктов";38:47
"МО ""Баяндаевский район"", Иркутская область, Земли населенных пунктов";38:48
"МО ""Боханский район"", Иркутская область, Земли населенных пунктов";38:49
Бирюсинское, Иркутская область, Земли лесного фонда;38:5
"МО ""Нукутский район"", Иркутская область, Земли населенных пунктов";38:50
"МО ""Осинский район"", Иркутская область, Земли населенных пунктов";38:51
"МО ""Эхирит-Булагатский р-он"", Иркутская область, Земли населенных пунктов";38:52
МО Балаганский район, Иркутская область, Земли населенных пунктов;38:53
МО Братский район, Иркутская область, Земли населенных пунктов;38:54
МО город  Усть-Илимск, Иркутская область, Земли населенных пунктов;38:55
МО город Иркутск, Иркутская область, Земли населенных пунктов;38:56
МО город Саянск, Иркутская область, Земли населенных пунктов;38:57
МО город Тулун, Иркутская область, Земли населенных пунктов;38:58
МО города Бодайбо и района, Иркутская область, Земли населенных пунктов;38:59
Бодайбинское, Иркутская область, Земли лесного фонда;38:6
МО города Братска, Иркутская область, Земли населенных пунктов;38:60
МО города Усолье-Сибирское, Иркутская область, Земли населенных пунктов;38:61
МО Жигаловский район, Иркутская область, Земли населенных пунктов;38:62
МО Заларинский район, Иркутская область, Земли населенных пунктов;38:63
МО Казачинско-Ленский район, Иркутская область, Земли населенных пунктов;38:64
МО Катангский район, Иркутская область, Земли населенных пунктов;38:65
МО Качугский район, Иркутская область, Земли населенных пунктов;38:66
МО Киренский район, Иркутская область, Земли населенных пунктов;38:67
МО Куйтунский район, Иркутская область, Земли населенных пунктов;38:68
МО Мамско-Чуйского района, Иркутская область, Земли населенных пунктов;38:69
Братское, Иркутская область, Земли лесного фонда;38:7
МО Нижнеилимский район, Иркутская область, Земли населенных пунктов;38:70
МО Нижнеудинский район, Иркутская область, Земли населенных пунктов;38:71
МО Слюдянский район, Иркутская область, Земли населенных пунктов;38:72
МО Тайшетский район, Иркутская область, Земли населенных пунктов;38:73
МО Тулунский район, Иркутская область, Земли населенных пунктов;38:74
МО Усть-Удинскиий район, Иркутская область, Земли населенных пунктов;38:75
Ольхонское районное МО, Иркутская область, Земли населенных пунктов;38:76
Свирское МО, Иркутская область, Земли населенных пунктов;38:77
Усольское районное МО, Иркутская область, Земли населенных пунктов;38:78
Усть-Илимское городское лесничество, Иркутская область, Земли населенных пунктов;38:79
Голоустненское, Иркутская область, Земли лесного фонда;38:8
Усть-Кутское МО, Иркутская область, Земли населенных пунктов;38:80
Черемховское МО, Иркутская область, Земли населенных пунктов;38:81
Черемховское районное МО, Иркутская область, Земли населенных пунктов;38:82
Чунское районное МО, Иркутская область, Земли населенных пунктов;38:83
Шелеховское МО, Иркутская область, Земли населенных пунктов;38:84
Иркутское районное муниципальное, Иркутская область, Земли населенных пунктов;38:85
Жигаловское, Иркутская область, Земли лесного фонда;38:9
Багратионовское, Калининградская область, Земли лесного фонда;39:1
Национальный парк «Куршская коса», Калининградская область, Земли особо охраняемых природных территорий;39:10
Багратионовское АТО, Калининградская область, Земли населенных пунктов;39:11
Балтийский гор.округ, Калининградская область, Земли населенных пунктов;39:12
Калининградское городское лесничество, Калининградская область, Земли населенных пунктов;39:13
Гвардейское АТО, Калининградская область, Земли населенных пунктов;39:14
Гурьевское АТО, Калининградская область, Земли населенных пунктов;39:15
Гусевское АТО, Калининградская область, Земли населенных пунктов;39:16
Зеленоградское АТО, Калининградская область, Земли населенных пунктов;39:17
Краснознаменское АТО, Калининградская область, Земли населенных пунктов;39:18
Неманское АТО, Калининградская область, Земли населенных пунктов;39:19
Гвардейское, Калининградская область, Земли лесного фонда;39:2
Нестеровское АТО, Калининградская область, Земли населенных пунктов;39:20
Озерское АТО, Калининградская область, Земли населенных пунктов;39:21
Полесское АТО, Калининградская область, Земли населенных пунктов;39:22
Правдинское АТО, Калининградская область, Земли населенных пунктов;39:23
Светловский гор.округ, Калининградская область, Земли населенных пунктов;39:24
Светлогорское городское лесничество, Калининградская область, Земли населенных пунктов;39:25
Славское АТО, Калининградская область, Земли населенных пунктов;39:26
Черняховское АТО, Калининградская область, Земли населенных пунктов;39:27
Пионерское городское лесничество, Калининградская область, Земли населенных пунктов;39:28
Железнодорожное, Калининградская область, Земли лесного фонда;39:3
Калининградское, Калининградская область, Земли лесного фонда;39:4
Краснознаменское, Калининградская область, Земли лесного фонда;39:5
Нестеровское, Калининградская область, Земли лесного фонда;39:6
Полесское, Калининградская область, Земли лесного фонда;39:7
Славское, Калининградская область, Земли лесного фонда;39:8
Черняховское, Калининградская область, Земли лесного фонда;39:9
Боровское, Калужская область, Земли лесного фонда;40:1
Куйбышевское, Калужская область, Земли лесного фонда;40:10
Людиновское, Калужская область, Земли лесного фонда;40:11
Малоярославецкое, Калужская область, Земли лесного фонда;40:12
Медынское, Калужская область, Земли лесного фонда;40:13
Мещовское, Калужская область, Земли лесного фонда;40:14
Спас-Деменское, Калужская область, Земли лесного фонда;40:15
Ульяновское, Калужская область, Земли лесного фонда;40:16
Ферзиковское, Калужская область, Земли лесного фонда;40:17
Юхновское, Калужская область, Земли лесного фонда;40:18
ГПЗ Калужские Засеки, Калужская область, Земли особо охраняемых природных территорий;40:19
Дзержинское, Калужская область, Земли лесного фонда;40:2
НП Угра, Калужская область, Земли особо охраняемых природных территорий;40:20
Бабынинский, Калужская область, Земли населенных пунктов;40:22
Барятинский, Калужская область, Земли населенных пунктов;40:23
Боровский, Калужская область, Земли населенных пунктов;40:24
г. Калуга, Калужская область, Земли населенных пунктов;40:25
Городской бор, Калужская область, Земли населенных пунктов;40:26
Леса городского поселения «Город Киров», Калужская область, Земли населенных пунктов;40:27
г. Людиново, Калужская область, Земли населенных пунктов;40:28
г. Обнинск, Калужская область, Земли населенных пунктов;40:29
Думиничское, Калужская область, Земли лесного фонда;40:3
Дзержинский, Калужская область, Земли населенных пунктов;40:30
Думиничский, Калужская область, Земли населенных пунктов;40:31
Жиздринский, Калужская область, Земли населенных пунктов;40:32
Жуковский, Калужская область, Земли населенных пунктов;40:33
Износковский, Калужская область, Земли населенных пунктов;40:34
Кировский, Калужская область, Земли населенных пунктов;40:35
Козельский, Калужская область, Земли населенных пунктов;40:36
Куйбышевский, Калужская область, Земли населенных пунктов;40:37
Людиновский, Калужская область, Земли населенных пунктов;40:38
Малоярославецкий, Калужская область, Земли населенных пунктов;40:39
Еленское, Калужская область, Земли лесного фонда;40:4
Медынский, Калужская область, Земли населенных пунктов;40:40
Мещовский, Калужская область, Земли населенных пунктов;40:41
Мосальский, Калужская область, Земли населенных пунктов;40:42
Перемышльский, Калужская область, Земли населенных пунктов;40:43
Пригородная зона г.Калуга, Калужская область, Земли населенных пунктов;40:44
Спас-Деменский, Калужская область, Земли населенных пунктов;40:45
Сухиничский, Калужская область, Земли населенных пунктов;40:46
"Государственный комплекс ""Таруса"", Калужская область, Земли населенных пунктов";40:47
Ульяновский, Калужская область, Земли населенных пунктов;40:48
Ферзиковский, Калужская область, Земли населенных пунктов;40:49
Жиздринское, Калужская область, Земли лесного фонда;40:5
Хвастовичский, Калужская область, Земли населенных пунктов;40:50
Юхновский, Калужская область, Земли населенных пунктов;40:51
Барсуковское лесничество ФСО России, Калужская область, Земли особо охраняемых природных территорий;40:52
Жуковское, Калужская область, Земли лесного фонда;40:6
Износковское, Калужская область, Земли лесного фонда;40:7
Калужское, Калужская область, Земли лесного фонда;40:8
Козельское, Калужская область, Земли лесного фонда;40:9
Атласовское, Камчатский край, Земли лесного фонда;41:1
ГПЗ Корякский, Камчатский край, Земли особо охраняемых природных территорий;41:10
Камчатское, Камчатский край, Земли обороны и безопасности;41:11
Алеутский район, Камчатский край, Земли населенных пунктов;41:12
Быстринский район, Камчатский край, Земли населенных пунктов;41:13
г. Петропавловск-Камчатский, Камчатский край, Земли населенных пунктов;41:14
Елизовский район, Камчатский край, Земли населенных пунктов;41:15
ЗАТО г. Вилючинск, Камчатский край, Земли населенных пунктов;41:16
Карагинский район, Камчатский край, Земли населенных пунктов;41:17
Мильковский район, Камчатский край, Земли населенных пунктов;41:18
Олюторский район, Камчатский край, Земли населенных пунктов;41:19
Быстринское, Камчатский край, Земли лесного фонда;41:2
Пенжинский район, Камчатский край, Земли населенных пунктов;41:20
Соболевский район, Камчатский край, Земли населенных пунктов;41:21
Тигильский район, Камчатский край, Земли населенных пунктов;41:22
Усть-Большерецкий район, Камчатский край, Земли населенных пунктов;41:23
Усть-Камчатский район, Камчатский край, Земли населенных пунктов;41:24
Елизовское, Камчатский край, Земли лесного фонда;41:3
Ключевское, Камчатский край, Земли лесного фонда;41:4
Корякское, Камчатский край, Земли лесного фонда;41:5
Мильковское, Камчатский край, Земли лесного фонда;41:6
Усть-Большерецкое, Камчатский край, Земли лесного фонда;41:7
ГПБЗ Командорский, Камчатский край, Земли особо охраняемых природных территорий;41:8
ГПБЗ Кроноцкий, Камчатский край, Земли особо охраняемых природных территорий;41:9
Беловское, Кемеровская область, Земли лесного фонда;42:1
Новокузнецкое, Кемеровская область, Земли лесного фонда;42:10
Прокопьевское, Кемеровская область, Земли лесного фонда;42:11
Промышленновское, Кемеровская область, Земли лесного фонда;42:12
Таштагольское, Кемеровская область, Земли лесного фонда;42:13
Тисульское, Кемеровская область, Земли лесного фонда;42:14
Тяжинское, Кемеровская область, Земли лесного фонда;42:15
Чебулинское, Кемеровская область, Земли лесного фонда;42:16
Юргинское, Кемеровская область, Земли лесного фонда;42:17
Яйское, Кемеровская область, Земли лесного фонда;42:18
Яшкинское, Кемеровская область, Земли лесного фонда;42:19
Гурьевское, Кемеровская область, Земли лесного фонда;42:2
ГПЗ Кузнецкий Алатау, Кемеровская область, Земли особо охраняемых природных территорий;42:20
НП Шорский, Кемеровская область, Земли особо охраняемых природных территорий;42:21
"""Городские леса г. Междуреченска"", Кемеровская область, Земли населенных пунктов";42:22
Беловский, Кемеровская область, Земли населенных пунктов;42:23
г. Мариинск, Кемеровская область, Земли населенных пунктов;42:24
г. Салаир, Кемеровская область, Земли населенных пунктов;42:25
Городские леса Тайгинского городского округа, Кемеровская область, Земли населенных пунктов;42:26
г.Анжеро-Суджинск, Кемеровская область, Земли населенных пунктов;42:27
г.Белово, Кемеровская область, Земли населенных пунктов;42:28
г.Березовский, Кемеровская область, Земли населенных пунктов;42:29
Ижморское, Кемеровская область, Земли лесного фонда;42:3
г.Гурьевск, Кемеровская область, Земли населенных пунктов;42:30
г.Кемерово, Кемеровская область, Земли населенных пунктов;42:31
г.Киселевск, Кемеровская область, Земли населенных пунктов;42:32
г.Ленинск-Кузнецкий, Кемеровская область, Земли населенных пунктов;42:33
г.Новокузнецк, Кемеровская область, Земли населенных пунктов;42:34
г.Осинники, Кемеровская область, Земли населенных пунктов;42:35
г.Прокопьевск, Кемеровская область, Земли населенных пунктов;42:36
г.Топки, Кемеровская область, Земли населенных пунктов;42:37
г.Юрга, Кемеровская область, Земли населенных пунктов;42:38
Гурьевский, Кемеровская область, Земли населенных пунктов;42:39
Кемеровское, Кемеровская область, Земли лесного фонда;42:4
Ижморский, Кемеровская область, Земли населенных пунктов;42:40
Кемеровский, Кемеровская область, Земли населенных пунктов;42:41
Крапивинский, Кемеровская область, Земли населенных пунктов;42:42
Ленинск-Кузнецкий, Кемеровская область, Земли населенных пунктов;42:43
Мариинский, Кемеровская область, Земли населенных пунктов;42:44
Новокузнецкий, Кемеровская область, Земли населенных пунктов;42:45
пгт. Яйский, Кемеровская область, Земли населенных пунктов;42:46
пгт. Яшкино, Кемеровская область, Земли населенных пунктов;42:47
Прокопьевский, Кемеровская область, Земли населенных пунктов;42:48
Промышленновский, Кемеровская область, Земли населенных пунктов;42:49
Крапивинское, Кемеровская область, Земли лесного фонда;42:5
Таштагольский, Кемеровская область, Земли населенных пунктов;42:50
Тисульский, Кемеровская область, Земли населенных пунктов;42:51
Топкинский, Кемеровская область, Земли населенных пунктов;42:52
Тяжинский, Кемеровская область, Земли населенных пунктов;42:53
Чебулинский, Кемеровская область, Земли населенных пунктов;42:54
Юргинский, Кемеровская область, Земли населенных пунктов;42:55
Яйский, Кемеровская область, Земли населенных пунктов;42:56
Яшкинский, Кемеровская область, Земли населенных пунктов;42:57
Кузедеевское, Кемеровская область, Земли лесного фонда;42:6
Мариинское, Кемеровская область, Земли лесного фонда;42:7
Междуреченское, Кемеровская область, Земли лесного фонда;42:8
Мысковское, Кемеровская область, Земли лесного фонда;42:9
Афанасьевское, Кировская область, Земли лесного фонда;43:1
Кильмезское, Кировская область, Земли лесного фонда;43:10
Кирово-Чепецкое, Кировская область, Земли лесного фонда;43:11
Кирсинское, Кировская область, Земли лесного фонда;43:12
Котельничское, Кировская область, Земли лесного фонда;43:13
Куменское, Кировская область, Земли лесного фонда;43:14
Лузское, Кировская область, Земли лесного фонда;43:15
Малмыжское, Кировская область, Земли лесного фонда;43:16
Мурашинское, Кировская область, Земли лесного фонда;43:17
Нагорское, Кировская область, Земли лесного фонда;43:18
Немское, Кировская область, Земли лесного фонда;43:19
Белохолуницкое, Кировская область, Земли лесного фонда;43:2
Нолинское, Кировская область, Земли лесного фонда;43:20
Омутнинское, Кировская область, Земли лесного фонда;43:21
Опаринское, Кировская область, Земли лесного фонда;43:22
Оричевское, Кировская область, Земли лесного фонда;43:23
Орловское, Кировская область, Земли лесного фонда;43:24
Парковое, Кировская область, Земли лесного фонда;43:25
Пинюгское, Кировская область, Земли лесного фонда;43:26
Рудниковское, Кировская область, Земли лесного фонда;43:27
Санчурское, Кировская область, Земли лесного фонда;43:28
Свечинское, Кировская область, Земли лесного фонда;43:29
Верхошижемское, Кировская область, Земли лесного фонда;43:3
Синегорское, Кировская область, Земли лесного фонда;43:30
Слободское, Кировская область, Земли лесного фонда;43:31
Сорвижское, Кировская область, Земли лесного фонда;43:32
Суводское, Кировская область, Земли лесного фонда;43:33
Унинское, Кировская область, Земли лесного фонда;43:34
Уржумское, Кировская область, Земли лесного фонда;43:35
Фаленское, Кировская область, Земли лесного фонда;43:36
Шабалинское, Кировская область, Земли лесного фонда;43:37
Юрьянское, Кировская область, Земли лесного фонда;43:38
Яранское, Кировская область, Земли лесного фонда;43:39
Вятско-Полянское, Кировская область, Земли лесного фонда;43:4
ГПЗ Нургуш, Кировская область, Земли особо охраняемых природных территорий;43:40
Арбажский район, Кировская область, Земли населенных пунктов;43:41
Афанасьевский район, Кировская область, Земли населенных пунктов;43:42
Белохолуницкий район, Кировская область, Земли населенных пунктов;43:43
Богородский район, Кировская область, Земли населенных пунктов;43:44
Верхнекамский район, Кировская область, Земли населенных пунктов;43:45
Верхошижемский район, Кировская область, Земли населенных пунктов;43:46
Вятскополянский район, Кировская область, Земли населенных пунктов;43:47
г.Киров, Кировская область, Земли населенных пунктов;43:48
Даровской район, Кировская область, Земли населенных пунктов;43:49
Даровское, Кировская область, Земли лесного фонда;43:5
Зуевский район, Кировская область, Земли населенных пунктов;43:50
Кикнурский район, Кировская область, Земли населенных пунктов;43:51
Кильмезский район, Кировская область, Земли населенных пунктов;43:52
Кирово-Чепецкий район, Кировская область, Земли населенных пунктов;43:53
Котельничский район, Кировская область, Земли населенных пунктов;43:54
Куменский район, Кировская область, Земли населенных пунктов;43:55
Лебяжский район, Кировская область, Земли населенных пунктов;43:56
Лузский район, Кировская область, Земли населенных пунктов;43:57
Малмыжский район, Кировская область, Земли населенных пунктов;43:58
Мурашинский район, Кировская область, Земли населенных пунктов;43:59
Дубровское, Кировская область, Земли лесного фонда;43:6
Нагорский район, Кировская область, Земли населенных пунктов;43:60
Немский район, Кировская область, Земли населенных пунктов;43:61
Нолинский район, Кировская область, Земли населенных пунктов;43:62
Омутнинский район, Кировская область, Земли населенных пунктов;43:63
Опаринский район, Кировская область, Земли населенных пунктов;43:64
Оричевский район, Кировская область, Земли населенных пунктов;43:65
Орловский район, Кировская область, Земли населенных пунктов;43:66
Пижанский район, Кировская область, Земли населенных пунктов;43:67
Подосиновский район, Кировская область, Земли населенных пунктов;43:68
Санчурский район, Кировская область, Земли населенных пунктов;43:69
Зуевское, Кировская область, Земли лесного фонда;43:7
Свечинский район, Кировская область, Земли населенных пунктов;43:70
Слободской район, Кировская область, Земли населенных пунктов;43:71
Советский район, Кировская область, Земли населенных пунктов;43:72
Сунский район, Кировская область, Земли населенных пунктов;43:73
Тужинский район, Кировская область, Земли населенных пунктов;43:74
Унинский район, Кировская область, Земли населенных пунктов;43:75
Уржумский район, Кировская область, Земли населенных пунктов;43:76
Фаленский район, Кировская область, Земли населенных пунктов;43:77
Шабалинский район, Кировская область, Земли населенных пунктов;43:78
Юрьянский район, Кировская область, Земли населенных пунктов;43:79
Кайское, Кировская область, Земли лесного фонда;43:8
Яранский район, Кировская область, Земли населенных пунктов;43:80
Кикнурское, Кировская область, Земли лесного фонда;43:9
Антроповское, Костромская область, Земли лесного фонда;44:1
Межевское, Костромская область, Земли лесного фонда;44:10
Нейское, Костромская область, Земли лесного фонда;44:11
Октябрьское, Костромская область, Земли лесного фонда;44:12
Островское, Костромская область, Земли лесного фонда;44:13
Павинское, Костромская область, Земли лесного фонда;44:14
Парфеньевское, Костромская область, Земли лесного фонда;44:15
Поназыревское, Костромская область, Земли лесного фонда;44:16
Пыщугское, Костромская область, Земли лесного фонда;44:17
Солигаличское, Костромская область, Земли лесного фонда;44:18
Судиславское, Костромская область, Земли лесного фонда;44:19
Буйское, Костромская область, Земли лесного фонда;44:2
Чухломское, Костромская область, Земли лесного фонда;44:20
Шарьинское, Костромская область, Земли лесного фонда;44:21
ГПЗ Кологривский лес, Костромская область, Земли особо охраняемых природных территорий;44:22
Антроповское АТО, Костромская область, Земли населенных пунктов;44:23
Буйское АТО, Костромская область, Земли населенных пунктов;44:24
Вохомское АТО, Костромская область, Земли населенных пунктов;44:25
г.Буй, Костромская область, Земли населенных пунктов;44:26
г.Волглреченск, Костромская область, Земли населенных пунктов;44:27
г.Галич, Костромская область, Земли населенных пунктов;44:28
г.Кострома, Костромская область, Земли населенных пунктов;44:29
Вохомское, Костромская область, Земли лесного фонда;44:3
г.Мантурово, Костромская область, Земли населенных пунктов;44:30
г.Шарья, Костромская область, Земли населенных пунктов;44:31
Галичское АТО, Костромская область, Земли населенных пунктов;44:32
Кадыйское АТО, Костромская область, Земли населенных пунктов;44:33
Кологривское АТО, Костромская область, Земли населенных пунктов;44:34
Костромское АТО, Костромская область, Земли населенных пунктов;44:35
Красносельское АТО, Костромская область, Земли населенных пунктов;44:36
Макарьевское АТО, Костромская область, Земли населенных пунктов;44:37
Мантуровское АТО, Костромская область, Земли населенных пунктов;44:38
Межевское АТО, Костромская область, Земли населенных пунктов;44:39
Галичское, Костромская область, Земли лесного фонда;44:4
Нейское АТО, Костромская область, Земли населенных пунктов;44:40
Нерехтское АТО, Костромская область, Земли населенных пунктов;44:41
Октябрьское АТО, Костромская область, Земли населенных пунктов;44:42
Островское АТО, Костромская область, Земли населенных пунктов;44:43
Павинское АТО, Костромская область, Земли населенных пунктов;44:44
Парфеньевское АТО, Костромская область, Земли населенных пунктов;44:45
Поназыревское АТО, Костромская область, Земли населенных пунктов;44:46
Пыщугское АТО, Костромская область, Земли населенных пунктов;44:47
Солигаличское АТО, Костромская область, Земли населенных пунктов;44:48
Судиславское АТО, Костромская область, Земли населенных пунктов;44:49
Кадыйское, Костромская область, Земли лесного фонда;44:5
Сусанинское АТО, Костромская область, Земли населенных пунктов;44:50
Чухломское АТО, Костромская область, Земли населенных пунктов;44:51
Шарьинское АТО, Костромская область, Земли населенных пунктов;44:52
Кологривское, Костромская область, Земли лесного фонда;44:6
Костромское, Костромская область, Земли лесного фонда;44:7
Макарьевское, Костромская область, Земли лесного фонда;44:8
Мантуровское, Костромская область, Земли лесного фонда;44:9
Белозерское, Курганская область, Земли лесного фонда;45:1
Шатровское, Курганская область, Земли лесного фонда;45:10
Шумихинское, Курганская область, Земли лесного фонда;45:11
Юргамышское, Курганская область, Земли лесного фонда;45:12
Альменевский, Курганская область, Земли населенных пунктов;45:13
Белозерский, Курганская область, Земли населенных пунктов;45:14
Варгашинский, Курганская область, Земли населенных пунктов;45:15
г.Далматово, Курганская область, Земли населенных пунктов;45:16
г.Катайск, Курганская область, Земли населенных пунктов;45:17
г.Курган, Курганская область, Земли населенных пунктов;45:18
г.Куртамыш, Курганская область, Земли населенных пунктов;45:19
Варгашинское, Курганская область, Земли лесного фонда;45:2
г.Шадринск, Курганская область, Земли населенных пунктов;45:20
г.Шумиха, Курганская область, Земли населенных пунктов;45:21
г.Щучье, Курганская область, Земли населенных пунктов;45:22
Далматовский, Курганская область, Земли населенных пунктов;45:23
Звериноголовский, Курганская область, Земли населенных пунктов;45:24
Каргапольский, Курганская область, Земли населенных пунктов;45:25
Катайский, Курганская область, Земли населенных пунктов;45:26
Кетовский, Курганская область, Земли населенных пунктов;45:27
Куртамышский, Курганская область, Земли населенных пунктов;45:28
Лебяжьевский, Курганская область, Земли населенных пунктов;45:29
Глядянское, Курганская область, Земли лесного фонда;45:3
Макушинский, Курганская область, Земли населенных пунктов;45:30
Мишкинский, Курганская область, Земли населенных пунктов;45:31
Мокроусовский, Курганская область, Земли населенных пунктов;45:32
Петуховский, Курганская область, Земли населенных пунктов;45:33
Половинский, Курганская область, Земли населенных пунктов;45:34
Притобольный, Курганская область, Земли населенных пунктов;45:35
Сафакулевский, Курганская область, Земли населенных пунктов;45:36
Целинный, Курганская область, Земли населенных пунктов;45:37
Частоозерский, Курганская область, Земли населенных пунктов;45:38
Шадринский, Курганская область, Земли населенных пунктов;45:39
Далматовское, Курганская область, Земли лесного фонда;45:4
Шатровский, Курганская область, Земли населенных пунктов;45:40
Шумихинский, Курганская область, Земли населенных пунктов;45:41
Щучанский, Курганская область, Земли населенных пунктов;45:42
Юргамышский, Курганская область, Земли населенных пунктов;45:43
Каргапольское, Курганская область, Земли лесного фонда;45:5
Курганское, Курганская область, Земли лесного фонда;45:6
Куртамышское, Курганская область, Земли лесного фонда;45:7
Петуховское, Курганская область, Земли лесного фонда;45:8
Шадринское, Курганская область, Земли лесного фонда;45:9
Горшеченское, Курская область, Земли лесного фонда;46:1
Солнцевское, Курская область, Земли лесного фонда;46:10
Суджанское, Курская область, Земли лесного фонда;46:11
Хомутовское, Курская область, Земли лесного фонда;46:12
Щигровское, Курская область, Земли лесного фонда;46:13
Центрально-черноземный ГПБЗ им. В.В. Алехина, Курская область, Земли особо охраняемых природных территорий;46:14
Беловский р-он, Курская область, Земли населенных пунктов;46:15
Большесолдатский р-он, Курская область, Земли населенных пунктов;46:16
г. Железногорск, Курская область, Земли населенных пунктов;46:17
г. Курск, Курская область, Земли населенных пунктов;46:18
г. Курчатов, Курская область, Земли населенных пунктов;46:19
Дмитриевское, Курская область, Земли лесного фонда;46:2
г. Льгов, Курская область, Земли населенных пунктов;46:20
г. Щигры, Курская область, Земли населенных пунктов;46:21
Глушковский р-он, Курская область, Земли населенных пунктов;46:22
Горшеченский р-он, Курская область, Земли населенных пунктов;46:23
Дмитриевский р-он, Курская область, Земли населенных пунктов;46:24
Железногорский р-он, Курская область, Земли населенных пунктов;46:25
Золотухинский р-он, Курская область, Земли населенных пунктов;46:26
Касторенский р-он, Курская область, Земли населенных пунктов;46:27
Конышевский р-он, Курская область, Земли населенных пунктов;46:28
Кореневский р-он, Курская область, Земли населенных пунктов;46:29
Железногорское, Курская область, Земли лесного фонда;46:3
Курский р-он, Курская область, Земли населенных пунктов;46:30
Курчатовский р-он, Курская область, Земли населенных пунктов;46:31
Льговский р-он, Курская область, Земли населенных пунктов;46:32
Мантуровский р-он, Курская область, Земли населенных пунктов;46:33
Медвенский р-он, Курская область, Земли населенных пунктов;46:34
Обоянский р-он, Курская область, Земли населенных пунктов;46:35
Октябрьский р-он, Курская область, Земли населенных пунктов;46:36
Поныровский р-он, Курская область, Земли населенных пунктов;46:37
Пристенский р-он, Курская область, Земли населенных пунктов;46:38
Рыльский р-он, Курская область, Земли населенных пунктов;46:39
Золотухинское, Курская область, Земли лесного фонда;46:4
Советский р-он, Курская область, Земли населенных пунктов;46:40
Солнцевский р-он, Курская область, Земли населенных пунктов;46:41
Суджанский р-он, Курская область, Земли населенных пунктов;46:42
Тимский р-он, Курская область, Земли населенных пунктов;46:43
Фатежский р-он, Курская область, Земли населенных пунктов;46:44
Хомутовский р-он, Курская область, Земли населенных пунктов;46:45
Черемисиновский р-он, Курская область, Земли населенных пунктов;46:46
Щигровский р-он, Курская область, Земли населенных пунктов;46:47
Курское, Курская область, Земли лесного фонда;46:5
Льговское, Курская область, Земли лесного фонда;46:6
Обоянское, Курская область, Земли лесного фонда;46:7
Рыльское, Курская область, Земли лесного фонда;46:8
Советское, Курская область, Земли лесного фонда;46:9
Бокситогорское, Ленинградская область, Земли лесного фонда;47:1
Ломоносовское, Ленинградская область, Земли лесного фонда;47:10
Лужское, Ленинградская область, Земли лесного фонда;47:11
Любанское, Ленинградская область, Земли лесного фонда;47:12
Подпорожское, Ленинградская область, Земли лесного фонда;47:13
Приозерское, Ленинградская область, Земли лесного фонда;47:14
Рощинское, Ленинградская область, Земли лесного фонда;47:15
Северо-Западное, Ленинградская область, Земли лесного фонда;47:16
Сланцевское, Ленинградская область, Земли лесного фонда;47:17
Тихвинское, Ленинградская область, Земли лесного фонда;47:18
Учебно-опытное, Ленинградская область, Земли лесного фонда;47:19
Волосовское, Ленинградская область, Земли лесного фонда;47:2
ГПЗ Нижне-Свирский, Ленинградская область, Земли особо охраняемых природных территорий;47:20
Бокситогорский муницип. р-он, Ленинградская область, Земли населенных пунктов;47:22
Волосовский муницип. р-он, Ленинградская область, Земли населенных пунктов;47:23
Волховский муницип. р-он, Ленинградская область, Земли населенных пунктов;47:24
Всеволожский муницип. р-он, Ленинградская область, Земли населенных пунктов;47:25
Выборгский муницип. р-он, Ленинградская область, Земли населенных пунктов;47:26
г. Санкт-петербург, Ленинградская область, Земли населенных пунктов;47:27
Гатчинский муницип. р-он, Ленинградская область, Земли населенных пунктов;47:28
Кингисеппский муницип. р-он, Ленинградская область, Земли населенных пунктов;47:29
Волховское , Ленинградская область, Земли лесного фонда;47:3
Киришский муницип. р-он, Ленинградская область, Земли населенных пунктов;47:30
Кировский муницип. р-он, Ленинградская область, Земли населенных пунктов;47:31
Ладожское и Онежское озера, Ленинградская область, Земли населенных пунктов;47:32
Лодейнопольский муницип. р-он, Ленинградская область, Земли населенных пунктов;47:33
Ломоносовский муницип. р-он, Ленинградская область, Земли населенных пунктов;47:34
Лужский муницип. р-он, Ленинградская область, Земли населенных пунктов;47:35
Подпорожский муницип. р-он, Ленинградская область, Земли населенных пунктов;47:36
Приозерский муницип. р-он, Ленинградская область, Земли населенных пунктов;47:37
Сланцевский муницип. р-он, Ленинградская область, Земли населенных пунктов;47:38
Сосновогорский гор.округ, Ленинградская область, Земли населенных пунктов;47:39
Всеволожское, Ленинградская область, Земли лесного фонда;47:4
Тихвинский муницип. р-он, Ленинградская область, Земли населенных пунктов;47:40
Тосненский муницип. р-он, Ленинградская область, Земли населенных пунктов;47:41
Гатчинское, Ленинградская область, Земли лесного фонда;47:5
Кингисеппское, Ленинградская область, Земли лесного фонда;47:6
Киришское, Ленинградская область, Земли лесного фонда;47:7
Кировское, Ленинградская область, Земли лесного фонда;47:8
Лодейнопольское, Ленинградская область, Земли лесного фонда;47:9
Грязинское, Липецкая область, Земли лесного фонда;48:1
ГПЗ Галичья гора, Липецкая область, Земли особо охраняемых природных территорий;48:10
Воловский район, Липецкая область, Земли населенных пунктов;48:11
Елецкие леса, Липецкая область, Земли населенных пунктов;48:12
Липецкое, Липецкая область, Земли населенных пунктов;48:13
Дубовая роща, Липецкая область, Земли населенных пунктов;48:14
Данковский район, Липецкая область, Земли населенных пунктов;48:15
Добринский район, Липецкая область, Земли населенных пунктов;48:16
Хомяки, Липецкая область, Земли населенных пунктов;48:17
Долгоруковский район, Липецкая область, Земли населенных пунктов;48:18
Елецкий район, Липецкая область, Земли населенных пунктов;48:19
Данковское, Липецкая область, Земли лесного фонда;48:2
Задонский район, Липецкая область, Земли населенных пунктов;48:20
Измалковский район, Липецкая область, Земли населенных пунктов;48:21
Краснинский район, Липецкая область, Земли населенных пунктов;48:22
Лебедянский район, Липецкая область, Земли населенных пунктов;48:23
Лев-Толстовский район, Липецкая область, Земли населенных пунктов;48:24
Липецкий район, Липецкая область, Земли населенных пунктов;48:25
Становлянский район, Липецкая область, Земли населенных пунктов;48:27
Тербунский район, Липецкая область, Земли населенных пунктов;48:28
Усманский район, Липецкая область, Земли населенных пунктов;48:29
Добровское, Липецкая область, Земли лесного фонда;48:3
Хлевенский район, Липецкая область, Земли населенных пунктов;48:30
Раненбургская роща, Липецкая область, Земли населенных пунктов;48:31
Донское, Липецкая область, Земли лесного фонда;48:4
Елецкое, Липецкая область, Земли лесного фонда;48:5
Задонское, Липецкая область, Земли лесного фонда;48:6
Тербунское, Липецкая область, Земли лесного фонда;48:7
Усманское, Липецкая область, Земли лесного фонда;48:8
Чаплыгинское, Липецкая область, Земли лесного фонда;48:9
Берелехское, Магаданская область, Земли лесного фонда;49:1
Ольский район, Магаданская область, Земли населенных пунктов;49:10
Омсукчанский район, Магаданская область, Земли населенных пунктов;49:11
Северо-Эвенский район, Магаданская область, Земли населенных пунктов;49:12
Среднеканский район, Магаданская область, Земли населенных пунктов;49:13
Сусуманский район, Магаданская область, Земли населенных пунктов;49:14
Тенькинский район, Магаданская область, Земли населенных пунктов;49:15
Хасынский район, Магаданская область, Земли населенных пунктов;49:16
Ягоднинский район, Магаданская область, Земли населенных пунктов;49:17
Магаданское, Магаданская область, Земли лесного фонда;49:2
Омсукчанское, Магаданская область, Земли лесного фонда;49:3
Оротуканское, Магаданская область, Земли лесного фонда;49:4
Палаткинское, Магаданская область, Земли лесного фонда;49:5
Сеймчанское, Магаданская область, Земли лесного фонда;49:6
Тенькинское, Магаданская область, Земли лесного фонда;49:7
ГПЗ Магаданский, Магаданская область, Земли особо охраняемых природных территорий;49:8
"МО городской округ ""Г.Магадан"", Магаданская область, Земли населенных пунктов";49:9
"""Русский лес"", Московская область, Земли лесного фонда";50:1
Луховицкое, Московская область, Земли лесного фонда;50:10
Московское учебно-опытное, Московская область, Земли лесного фонда;50:11
Наро-Фоминское, Московская область, Земли лесного фонда;50:12
Ногинское, Московская область, Земли лесного фонда;50:13
Орехово-Зуевское, Московская область, Земли лесного фонда;50:14
Подольское, Московская область, Земли лесного фонда;50:15
Сергиево-Посадское, Московская область, Земли лесного фонда;50:16
Ступинское, Московская область, Земли лесного фонда;50:17
Талдомское, Московская область, Земли лесного фонда;50:18
Шатурское, Московская область, Земли лесного фонда;50:19
Бородинское, Московская область, Земли лесного фонда;50:2
ГПБЗ Приокско-Террасный, Московская область, Земли особо охраняемых природных территорий;50:20
НП Лосиный остров, Московская область, Земли особо охраняемых природных территорий;50:21
Балашихинский, Московская область, Земли населенных пунктов;50:23
Волоколамский, Московская область, Земли населенных пунктов;50:24
Воскресенский, Московская область, Земли населенных пунктов;50:25
г.Дубна, Московская область, Земли населенных пунктов;50:26
г.Королев(тер.условно), Московская область, Земли населенных пунктов;50:27
г.Фрязино(тер.условно), Московская область, Земли населенных пунктов;50:28
Города областного подчинения, Московская область, Земли населенных пунктов;50:29
Виноградовское, Московская область, Земли лесного фонда;50:3
Дмитровский, Московская область, Земли населенных пунктов;50:30
Домодедовский, Московская область, Земли населенных пунктов;50:31
Егорьевский, Московская область, Земли населенных пунктов;50:32
Загорский, Московская область, Земли населенных пунктов;50:33
Зарайский, Московская область, Земли населенных пунктов;50:34
Истринский, Московская область, Земли населенных пунктов;50:35
Каширский, Московская область, Земли населенных пунктов;50:36
Клинский, Московская область, Земли населенных пунктов;50:37
Коломенский, Московская область, Земли населенных пунктов;50:38
Красногорский, Московская область, Земли населенных пунктов;50:39
Волоколамское, Московская область, Земли лесного фонда;50:4
Ленинский, Московская область, Земли населенных пунктов;50:40
Лотошинский, Московская область, Земли населенных пунктов;50:41
Луховицкий, Московская область, Земли населенных пунктов;50:42
Люберецкий, Московская область, Земли населенных пунктов;50:43
Можайский, Московская область, Земли населенных пунктов;50:44
Мытищинский, Московская область, Земли населенных пунктов;50:45
Наро-Фоминский, Московская область, Земли населенных пунктов;50:46
Ногинский, Московская область, Земли населенных пунктов;50:47
Одинцовский, Московская область, Земли населенных пунктов;50:48
Озерский, Московская область, Земли населенных пунктов;50:49
Дмитровское, Московская область, Земли лесного фонда;50:5
Орехово-Зуевский, Московская область, Земли населенных пунктов;50:50
Павло-Посадский, Московская область, Земли населенных пунктов;50:51
Подольский, Московская область, Земли населенных пунктов;50:52
Пушкинский, Московская область, Земли населенных пунктов;50:53
Раменский, Московская область, Земли населенных пунктов;50:54
Рузский, Московская область, Земли населенных пунктов;50:55
Серебряно-Прудский, Московская область, Земли населенных пунктов;50:56
Серпуховский, Московская область, Земли населенных пунктов;50:57
Солнечногорский, Московская область, Земли населенных пунктов;50:58
Ступинский, Московская область, Земли населенных пунктов;50:59
Егорьевское, Московская область, Земли лесного фонда;50:6
Талдомский, Московская область, Земли населенных пунктов;50:60
Химкинский р-он (г.Химки), Московская область, Земли населенных пунктов;50:61
Чеховский, Московская область, Земли населенных пунктов;50:62
Шатурский, Московская область, Земли населенных пунктов;50:63
Шаховский, Московская область, Земли населенных пунктов;50:64
Щелковский, Московская область, Земли населенных пунктов;50:65
городской округ Жуковский, Московская область, Земли населенных пунктов;50:66
Звенигородское, Московская область, Земли лесного фонда;50:7
Истринское, Московская область, Земли лесного фонда;50:8
Клинское, Московская область, Земли лесного фонда;50:9
Зашейковское, Мурманская область, Земли лесного фонда;51:1
Терское, Мурманская область, Земли лесного фонда;51:10
ГПБЗ Лапландский, Мурманская область, Земли особо охраняемых природных территорий;51:11
ГПЗ Пасвик, Мурманская область, Земли особо охраняемых природных территорий;51:12
г.Апатиты, Мурманская область, Земли населенных пунктов;51:13
г.Заозерск, Мурманская область, Земли населенных пунктов;51:14
г.Кандалакша, Мурманская область, Земли населенных пунктов;51:15
г.Кировск, Мурманская область, Земли населенных пунктов;51:16
г.Мончегорск, Мурманская область, Земли населенных пунктов;51:17
г.Оленегорск, Мурманская область, Земли населенных пунктов;51:18
г.Островной, Мурманская область, Земли населенных пунктов;51:19
Кандалакшское, Мурманская область, Земли лесного фонда;51:2
г.Полярные Зори, Мурманская область, Земли населенных пунктов;51:20
г.Полярный, Мурманская область, Земли населенных пунктов;51:21
г.Североморск, Мурманская область, Земли населенных пунктов;51:22
г.Скалистый, Мурманская область, Земли населенных пунктов;51:23
г.Снежногорск, Мурманская область, Земли населенных пунктов;51:24
Ковдорский, Мурманская область, Земли населенных пунктов;51:25
Кольский, Мурманская область, Земли населенных пунктов;51:26
Ловозерский, Мурманская область, Земли населенных пунктов;51:27
Мурманское городское лесничество г. Мурманск, Мурманская область, Земли населенных пунктов;51:28
п. Видяево, Мурманская область, Земли населенных пунктов;51:29
Кировское, Мурманская область, Земли лесного фонда;51:3
Печенгский, Мурманская область, Земли населенных пунктов;51:30
Терский, Мурманская область, Земли населенных пунктов;51:31
Ковдозерское, Мурманская область, Земли лесного фонда;51:4
Кольское, Мурманская область, Земли лесного фонда;51:5
Ловозерское, Мурманская область, Земли лесного фонда;51:6
Мончегорское, Мурманская область, Земли лесного фонда;51:7
Мурманское, Мурманская область, Земли лесного фонда;51:8
Печенгское, Мурманская область, Земли лесного фонда;51:9
Арзамасское межрайонное, Нижегородская область, Земли лесного фонда;52:1
Воскресенское районное, Нижегородская область, Земли лесного фонда;52:10
Выксунское районное, Нижегородская область, Земли лесного фонда;52:11
Городецкое межрайонное, Нижегородская область, Земли лесного фонда;52:12
Дальнеконстантиновское районное, Нижегородская область, Земли лесного фонда;52:13
Ковернинское районное, Нижегородская область, Земли лесного фонда;52:14
Краснобаковское районное, Нижегородская область, Земли лесного фонда;52:15
Кстовское районное, Нижегородская область, Земли лесного фонда;52:16
Кулебакское районное, Нижегородская область, Земли лесного фонда;52:17
Лысковское межрайонное, Нижегородская область, Земли лесного фонда;52:18
Михайловское районное, Нижегородская область, Земли лесного фонда;52:19
Балахнинское межрайонное, Нижегородская область, Земли лесного фонда;52:2
Мухтоловское межрайонное, Нижегородская область, Земли лесного фонда;52:20
Навашинское районное, Нижегородская область, Земли лесного фонда;52:21
Павловское районное, Нижегородская область, Земли лесного фонда;52:22
Первомайское районное, Нижегородская область, Земли лесного фонда;52:23
Пижемское районное, Нижегородская область, Земли лесного фонда;52:24
Починковское межрайонное, Нижегородская область, Земли лесного фонда;52:25
Разинское районное, Нижегородская область, Земли лесного фонда;52:26
Семеновское районное, Нижегородская область, Земли лесного фонда;52:27
Сергачское межрайонное, Нижегородская область, Земли лесного фонда;52:28
Сокольское районное, Нижегородская область, Земли лесного фонда;52:29
Богородское районное, Нижегородская область, Земли лесного фонда;52:3
Сосновское районное, Нижегородская область, Земли лесного фонда;52:30
Тонкинское районное, Нижегородская область, Земли лесного фонда;52:31
Уренское районное, Нижегородская область, Земли лесного фонда;52:32
Шарангское районное, Нижегородская область, Земли лесного фонда;52:33
Шатковское районное, Нижегородская область, Земли лесного фонда;52:34
Шахунское районное, Нижегородская область, Земли лесного фонда;52:35
ГПБЗ Керженский, Нижегородская область, Земли особо охраняемых природных территорий;52:36
Ардатовский, Нижегородская область, Земли населенных пунктов;52:37
Арзамасский, Нижегородская область, Земли населенных пунктов;52:38
Балахнинский, Нижегородская область, Земли населенных пунктов;52:39
Борское районное, Нижегородская область, Земли лесного фонда;52:4
Богородский, Нижегородская область, Земли населенных пунктов;52:40
Большеболдинский, Нижегородская область, Земли населенных пунктов;52:41
Большемурашкинский, Нижегородская область, Земли населенных пунктов;52:42
Борский, Нижегородская область, Земли населенных пунктов;52:43
Бутурлинский, Нижегородская область, Земли населенных пунктов;52:44
Вадский, Нижегородская область, Земли населенных пунктов;52:45
Варнавинский, Нижегородская область, Земли населенных пунктов;52:46
Вачский, Нижегородская область, Земли населенных пунктов;52:47
Ветлужский, Нижегородская область, Земли населенных пунктов;52:48
Вознесенский, Нижегородская область, Земли населенных пунктов;52:49
Бутурлинское межрайонное, Нижегородская область, Земли лесного фонда;52:5
Володарский, Нижегородская область, Земли населенных пунктов;52:50
Воротынский, Нижегородская область, Земли населенных пунктов;52:51
Воскресенский, Нижегородская область, Земли населенных пунктов;52:52
Выксунский, Нижегородская область, Земли населенных пунктов;52:53
г.Арзамас, Нижегородская область, Земли населенных пунктов;52:54
г.Балахна, Нижегородская область, Земли населенных пунктов;52:55
г.Богородск, Нижегородская область, Земли населенных пунктов;52:56
г.Бор, Нижегородская область, Земли населенных пунктов;52:57
г.Выкса, Нижегородская область, Земли населенных пунктов;52:58
г.Городец, Нижегородская область, Земли населенных пунктов;52:59
Варнавинское районное, Нижегородская область, Земли лесного фонда;52:6
г.Кстово, Нижегородская область, Земли населенных пунктов;52:60
г.Кулебаки, Нижегородская область, Земли населенных пунктов;52:61
г.Павлово, Нижегородская область, Земли населенных пунктов;52:62
Гагинский, Нижегородская область, Земли населенных пунктов;52:63
Городецский, Нижегородская область, Земли населенных пунктов;52:64
Городское, Нижегородская область, Земли населенных пунктов;52:65
Дальнеконстантиновский, Нижегородская область, Земли населенных пунктов;52:66
Дзержинское городское лесничество, Нижегородская область, Земли населенных пунктов;52:67
Дивеевский, Нижегородская область, Земли населенных пунктов;52:68
Княгининский, Нижегородская область, Земли населенных пунктов;52:69
Вачское районное, Нижегородская область, Земли лесного фонда;52:7
Ковернинский, Нижегородская область, Земли населенных пунктов;52:70
Краснобаковский, Нижегородская область, Земли населенных пунктов;52:71
Краснооктябрьский, Нижегородская область, Земли населенных пунктов;52:72
Кстовский, Нижегородская область, Земли населенных пунктов;52:73
Кулебакский, Нижегородская область, Земли населенных пунктов;52:74
Лукояновский, Нижегородская область, Земли населенных пунктов;52:75
Лысковский, Нижегородская область, Земли населенных пунктов;52:76
"МКУ ""Нижегородлес"", Нижегородская область, Земли населенных пунктов";52:77
Навашинский, Нижегородская область, Земли населенных пунктов;52:78
Павловский, Нижегородская область, Земли населенных пунктов;52:79
Ветлужское районное, Нижегородская область, Земли лесного фонда;52:8
Городские леса города Первомайск, Нижегородская область, Земли населенных пунктов;52:80
Перевозский, Нижегородская область, Земли населенных пунктов;52:81
Пильнинский, Нижегородская область, Земли населенных пунктов;52:82
Починковский, Нижегородская область, Земли населенных пунктов;52:83
Семеновский, Нижегородская область, Земли населенных пунктов;52:84
Сергачский, Нижегородская область, Земли населенных пунктов;52:85
Сеченовский, Нижегородская область, Земли населенных пунктов;52:86
Сокольский, Нижегородская область, Земли населенных пунктов;52:87
Сосновский, Нижегородская область, Земли населенных пунктов;52:88
Спасский, Нижегородская область, Земли населенных пунктов;52:89
Вознесенское межрайонное, Нижегородская область, Земли лесного фонда;52:9
Тонкинский, Нижегородская область, Земли населенных пунктов;52:90
Тоншаевский, Нижегородская область, Земли населенных пунктов;52:91
Уренский, Нижегородская область, Земли населенных пунктов;52:92
Чкаловский, Нижегородская область, Земли населенных пунктов;52:93
Шарангский, Нижегородская область, Земли населенных пунктов;52:94
Шатковский, Нижегородская область, Земли населенных пунктов;52:95
Шахунское городское лесничество, Нижегородская область, Земли населенных пунктов;52:96
Нижегородское городское, Нижегородская область, Земли населенных пунктов;52:97
Боровичское, Новгородская область, Земли лесного фонда;53:1
Окуловское, Новгородская область, Земли лесного фонда;53:10
Парфинское, Новгородская область, Земли лесного фонда;53:11
Пестовское, Новгородская область, Земли лесного фонда;53:12
Поддорское, Новгородская область, Земли лесного фонда;53:13
Старорусское, Новгородская область, Земли лесного фонда;53:14
Хвойнинское, Новгородская область, Земли лесного фонда;53:15
Холмское, Новгородская область, Земли лесного фонда;53:16
Чудовское, Новгородская область, Земли лесного фонда;53:17
Шимское, Новгородская область, Земли лесного фонда;53:18
ГПЗ Рдейский, Новгородская область, Земли особо охраняемых природных территорий;53:19
Валдайское, Новгородская область, Земли лесного фонда;53:2
НП Валдайский, Новгородская область, Земли особо охраняемых природных территорий;53:20
Батецкое, Новгородская область, Земли населенных пунктов;53:21
Боровичское, Новгородская область, Земли населенных пунктов;53:22
Валдайское, Новгородская область, Земли населенных пунктов;53:23
Волотовское, Новгородская область, Земли населенных пунктов;53:24
г.Великий Новгород, Новгородская область, Земли населенных пунктов;53:25
Демянское, Новгородская область, Земли населенных пунктов;53:26
Крестецкое, Новгородская область, Земли населенных пунктов;53:27
Любытинское, Новгородская область, Земли населенных пунктов;53:28
Маловишерское, Новгородская область, Земли населенных пунктов;53:29
Демянское, Новгородская область, Земли лесного фонда;53:3
Маревское, Новгородская область, Земли населенных пунктов;53:30
Мошенское, Новгородская область, Земли населенных пунктов;53:31
Новгородское, Новгородская область, Земли населенных пунктов;53:32
Окуловское, Новгородская область, Земли населенных пунктов;53:33
Парфинское, Новгородская область, Земли населенных пунктов;53:34
Пестовское, Новгородская область, Земли населенных пунктов;53:35
Поддорское, Новгородская область, Земли населенных пунктов;53:36
Солецкое, Новгородская область, Земли населенных пунктов;53:37
Старорусское, Новгородская область, Земли населенных пунктов;53:38
Хвойнинское, Новгородская область, Земли населенных пунктов;53:39
Крестецкое, Новгородская область, Земли лесного фонда;53:4
Холмское, Новгородская область, Земли населенных пунктов;53:40
Чудовское, Новгородская область, Земли населенных пунктов;53:41
Шимский, Новгородская область, Земли населенных пунктов;53:42
Любытинское, Новгородская область, Земли лесного фонда;53:5
Маловишерское, Новгородская область, Земли лесного фонда;53:6
Маревское, Новгородская область, Земли лесного фонда;53:7
Мошенское, Новгородская область, Земли лесного фонда;53:8
Новгородское, Новгородская область, Земли лесного фонда;53:9
Барабинское, Новосибирская область, Земли лесного фонда;54:1
Коченевское, Новосибирская область, Земли лесного фонда;54:10
Краснозерское, Новосибирская область, Земли лесного фонда;54:11
Куйбышевское, Новосибирская область, Земли лесного фонда;54:12
Купинское, Новосибирская область, Земли лесного фонда;54:13
Кыштовское, Новосибирская область, Земли лесного фонда;54:14
Маслянинское, Новосибирская область, Земли лесного фонда;54:15
Мирновское, Новосибирская область, Земли лесного фонда;54:16
Мошковское, Новосибирская область, Земли лесного фонда;54:17
Новосибирское, Новосибирская область, Земли лесного фонда;54:18
Ордынское, Новосибирская область, Земли лесного фонда;54:19
Болотнинское, Новосибирская область, Земли лесного фонда;54:2
Северное, Новосибирская область, Земли лесного фонда;54:20
Сузунское, Новосибирская область, Земли лесного фонда;54:21
Татарское, Новосибирская область, Земли лесного фонда;54:22
Убинское, Новосибирская область, Земли лесного фонда;54:23
Чановское, Новосибирская область, Земли лесного фонда;54:24
Черепановское, Новосибирская область, Земли лесного фонда;54:25
Чулымское, Новосибирская область, Земли лесного фонда;54:26
Баганский, Новосибирская область, Земли населенных пунктов;54:27
Барабинский, Новосибирская область, Земли населенных пунктов;54:28
Болотнинский, Новосибирская область, Земли населенных пунктов;54:29
Венгеровское, Новосибирская область, Земли лесного фонда;54:3
Венгеровский, Новосибирская область, Земли населенных пунктов;54:30
г.Новосибирск, Новосибирская область, Земли населенных пунктов;54:31
Доволенский, Новосибирская область, Земли населенных пунктов;54:32
Искитимский, Новосибирская область, Земли населенных пунктов;54:33
Карасукский, Новосибирская область, Земли населенных пунктов;54:34
Каргатский, Новосибирская область, Земли населенных пунктов;54:35
Колыванский, Новосибирская область, Земли населенных пунктов;54:36
Коченевский, Новосибирская область, Земли населенных пунктов;54:37
Кочковский, Новосибирская область, Земли населенных пунктов;54:38
Краснозерский, Новосибирская область, Земли населенных пунктов;54:39
Доволенское, Новосибирская область, Земли лесного фонда;54:4
Куйбышевский, Новосибирская область, Земли населенных пунктов;54:40
Купинский, Новосибирская область, Земли населенных пунктов;54:41
Кыштовский, Новосибирская область, Земли населенных пунктов;54:42
Маслянинский, Новосибирская область, Земли населенных пунктов;54:43
Мошковский, Новосибирская область, Земли населенных пунктов;54:44
Новосибирский, Новосибирская область, Земли населенных пунктов;54:45
Ордынский, Новосибирская область, Земли населенных пунктов;54:46
Северный, Новосибирская область, Земли населенных пунктов;54:47
Городские леса р.п. Сузун, Новосибирская область, Земли населенных пунктов;54:48
Татарский, Новосибирская область, Земли населенных пунктов;54:49
Здвинское, Новосибирская область, Земли лесного фонда;54:5
Тогучинский, Новосибирская область, Земли населенных пунктов;54:50
Убинский, Новосибирская область, Земли населенных пунктов;54:51
Усть-Тарковский, Новосибирская область, Земли населенных пунктов;54:52
Чановский, Новосибирская область, Земли населенных пунктов;54:53
Черепановский, Новосибирская область, Земли населенных пунктов;54:54
Чистоозерный, Новосибирская область, Земли населенных пунктов;54:55
Чулымский, Новосибирская область, Земли населенных пунктов;54:56
Эдвинский, Новосибирская область, Земли населенных пунктов;54:57
Новосибирское Академическое, Новосибирская область, Земли населенных пунктов;54:58
Бердское муниципальное, Новосибирская область, Земли населенных пунктов;54:59
Искитимское, Новосибирская область, Земли лесного фонда;54:6
Карасукское, Новосибирская область, Земли лесного фонда;54:7
Каргатское, Новосибирская область, Земли лесного фонда;54:8
Колыванское, Новосибирская область, Земли лесного фонда;54:9
Большереченское, Омская область, Земли лесного фонда;55:1
Называевское, Омская область, Земли лесного фонда;55:10
Омское, Омская область, Земли лесного фонда;55:11
Саргатское, Омская область, Земли лесного фонда;55:12
Седельниковское, Омская область, Земли лесного фонда;55:13
Степное, Омская область, Земли лесного фонда;55:14
Тарское, Омская область, Земли лесного фонда;55:15
Тевризское, Омская область, Земли лесного фонда;55:16
Тюкалинское, Омская область, Земли лесного фонда;55:17
Усть-Ишимское, Омская область, Земли лесного фонда;55:18
Черлакское, Омская область, Земли лесного фонда;55:19
Большеуковское, Омская область, Земли лесного фонда;55:2
Азовский, Омская область, Земли населенных пунктов;55:20
Большереченский, Омская область, Земли населенных пунктов;55:21
Большеуковский, Омская область, Земли населенных пунктов;55:22
Горьковский, Омская область, Земли населенных пунктов;55:23
Знаменский, Омская область, Земли населенных пунктов;55:24
Исилькульский, Омская область, Земли населенных пунктов;55:25
Калачинский, Омская область, Земли населенных пунктов;55:26
Колосовский, Омская область, Земли населенных пунктов;55:27
Кормиловский, Омская область, Земли населенных пунктов;55:28
Крутинский, Омская область, Земли населенных пунктов;55:29
Васисское, Омская область, Земли лесного фонда;55:3
Любинский, Омская область, Земли населенных пунктов;55:30
Марьяновский, Омская область, Земли населенных пунктов;55:31
Москаленский, Омская область, Земли населенных пунктов;55:32
Муромцевский, Омская область, Земли населенных пунктов;55:33
Называевский, Омская область, Земли населенных пунктов;55:34
Нижнеомский, Омская область, Земли населенных пунктов;55:35
Нововаршавский, Омская область, Земли населенных пунктов;55:36
Одесский, Омская область, Земли населенных пунктов;55:37
Оконешниковский, Омская область, Земли населенных пунктов;55:38
Омский, Омская область, Земли населенных пунктов;55:39
Знаменское, Омская область, Земли лесного фонда;55:4
Павлоградский, Омская область, Земли населенных пунктов;55:40
Полтавский, Омская область, Земли населенных пунктов;55:41
Русско-Полянский, Омская область, Земли населенных пунктов;55:42
Саргатский, Омская область, Земли населенных пунктов;55:43
Седельниковский, Омская область, Земли населенных пунктов;55:44
Таврический, Омская область, Земли населенных пунктов;55:45
Тарский, Омская область, Земли населенных пунктов;55:46
Тевризский, Омская область, Земли населенных пунктов;55:47
Тюкалинский, Омская область, Земли населенных пунктов;55:48
Усть-Ишимский, Омская область, Земли населенных пунктов;55:49
Исилькульское, Омская область, Земли лесного фонда;55:5
Черлакский, Омская область, Земли населенных пунктов;55:50
Щербакульский, Омская область, Земли населенных пунктов;55:51
Калачинское, Омская область, Земли лесного фонда;55:6
Крутинское, Омская область, Земли лесного фонда;55:7
Любинское, Омская область, Земли лесного фонда;55:8
Муромцевское, Омская область, Земли лесного фонда;55:9
Абдулинское, Оренбургская область, Земли лесного фонда;56:1
Илекское, Оренбургская область, Земли лесного фонда;56:10
Кваркенское, Оренбургская область, Земли лесного фонда;56:11
Краснохолмское, Оренбургская область, Земли лесного фонда;56:12
Кувандыкское, Оренбургская область, Земли лесного фонда;56:13
Новосергиевское, Оренбургская область, Земли лесного фонда;56:14
Оренбургское, Оренбургская область, Земли лесного фонда;56:15
Орское, Оренбургская область, Земли лесного фонда;56:16
Первомайское, Оренбургская область, Земли лесного фонда;56:17
Пономаревское, Оренбургская область, Земли лесного фонда;56:18
Сакмарское, Оренбургская область, Земли лесного фонда;56:19
Адамовское, Оренбургская область, Земли лесного фонда;56:2
Саракташское, Оренбургская область, Земли лесного фонда;56:20
Северное, Оренбургская область, Земли лесного фонда;56:21
Соль-Илецкое, Оренбургская область, Земли лесного фонда;56:22
Сорочинское, Оренбургская область, Земли лесного фонда;56:23
Ташлинское, Оренбургская область, Земли лесного фонда;56:24
Тюльганское, Оренбургская область, Земли лесного фонда;56:25
Чернореченское, Оренбургская область, Земли лесного фонда;56:26
Шарлыкское, Оренбургская область, Земли лесного фонда;56:27
ГПЗ Оренбургский, Оренбургская область, Земли особо охраняемых природных территорий;56:28
Оренбургское, Оренбургская область, Земли обороны и безопасности;56:29
Акбулакское, Оренбургская область, Земли лесного фонда;56:3
Абдулинский, Оренбургская область, Земли населенных пунктов;56:30
Адамовский, Оренбургская область, Земли населенных пунктов;56:31
Акбулакский, Оренбургская область, Земли населенных пунктов;56:32
Александровский, Оренбургская область, Земли населенных пунктов;56:33
Асекеевский, Оренбургская область, Земли населенных пунктов;56:34
Беляевский, Оренбургская область, Земли населенных пунктов;56:35
Бугурусланский, Оренбургская область, Земли населенных пунктов;56:36
Бузулукский, Оренбургская область, Земли населенных пунктов;56:37
г.Абдулино, Оренбургская область, Земли населенных пунктов;56:38
г.Бугуруслан, Оренбургская область, Земли населенных пунктов;56:39
Асекеевское, Оренбургская область, Земли лесного фонда;56:4
г.Бузулук, Оренбургская область, Земли населенных пунктов;56:40
г.Гай, Оренбургская область, Земли населенных пунктов;56:41
г.Кувандык, Оренбургская область, Земли населенных пунктов;56:42
г.Медногорск, Оренбургская область, Земли населенных пунктов;56:43
Новотроицкое городское, Оренбургская область, Земли населенных пунктов;56:44
Городское лесничество МО город Оренбург, Оренбургская область, Земли населенных пунктов;56:45
Городские леса города Орска, Оренбургская область, Земли населенных пунктов;56:46
г.Соль-Илецк, Оренбургская область, Земли населенных пунктов;56:47
г.Сорочинск, Оренбургская область, Земли населенных пунктов;56:48
Ясненское городское лесничество, Оренбургская область, Земли населенных пунктов;56:49
Беляевское, Оренбургская область, Земли лесного фонда;56:5
Гайский, Оренбургская область, Земли населенных пунктов;56:50
Грачевский, Оренбургская область, Земли населенных пунктов;56:51
Домбаровский, Оренбургская область, Земли населенных пунктов;56:52
Илекский, Оренбургская область, Земли населенных пунктов;56:53
Кваркенский, Оренбургская область, Земли населенных пунктов;56:54
Красногвардейский, Оренбургская область, Земли населенных пунктов;56:55
Кувандыкский, Оренбургская область, Земли населенных пунктов;56:56
Курманаевский, Оренбургская область, Земли населенных пунктов;56:57
Матвеевский, Оренбургская область, Земли населенных пунктов;56:58
Новоорский, Оренбургская область, Земли населенных пунктов;56:59
Бугурусланское, Оренбургская область, Земли лесного фонда;56:6
Новосергиевский, Оренбургская область, Земли населенных пунктов;56:60
Октябрьский, Оренбургская область, Земли населенных пунктов;56:61
Оренбургский, Оренбургская область, Земли населенных пунктов;56:62
Первомайский, Оренбургская область, Земли населенных пунктов;56:63
Переволоцкий, Оренбургская область, Земли населенных пунктов;56:64
Пономаревский, Оренбургская область, Земли населенных пунктов;56:65
Сакмарское лесничество НП (село Сакмара), Оренбургская область, Земли населенных пунктов;56:66
Саракташский, Оренбургская область, Земли населенных пунктов;56:67
Светлинский, Оренбургская область, Земли населенных пунктов;56:68
Лесничество НП (село Северное), Оренбургская область, Земли населенных пунктов;56:69
Бузулукское, Оренбургская область, Земли лесного фонда;56:7
Соль-Илецкий, Оренбургская область, Земли населенных пунктов;56:70
Сорочинский, Оренбургская область, Земли населенных пунктов;56:71
Ташлинский, Оренбургская область, Земли населенных пунктов;56:72
Тоцкий, Оренбургская область, Земли населенных пунктов;56:73
Тюльганский, Оренбургская область, Земли населенных пунктов;56:74
Шарлыкский, Оренбургская область, Земли населенных пунктов;56:75
Ясневский, Оренбургская область, Земли населенных пунктов;56:76
Гайское городское, Оренбургская область, Земли населенных пунктов;56:77
ГПЗ Шайтан-Тау, Оренбургская область, Земли особо охраняемых природных территорий;56:78
Абдулинское городское, Оренбургская область, Земли населенных пунктов;56:79
Грачевское, Оренбургская область, Земли лесного фонда;56:8
Домбаровское, Оренбургская область, Земли лесного фонда;56:9
Болховское, Орловская область, Земли лесного фонда;57:1
НП Орловское полесье, Орловская область, Земли особо охраняемых природных территорий;57:10
Болховское, Орловская область, Земли населенных пунктов;57:11
Верховское, Орловская область, Земли населенных пунктов;57:12
Г. Ливны, Орловская область, Земли населенных пунктов;57:13
Г. Мценск, Орловская область, Земли населенных пунктов;57:14
Г. Орел, Орловская область, Земли населенных пунктов;57:15
Глазуновское, Орловская область, Земли населенных пунктов;57:16
Дмитровское, Орловская область, Земли населенных пунктов;57:17
Должанское, Орловская область, Земли населенных пунктов;57:18
Залегощенское, Орловская область, Земли населенных пунктов;57:19
Глазуновское, Орловская область, Земли лесного фонда;57:2
Знаменское, Орловская область, Земли населенных пунктов;57:20
Колпнянское, Орловская область, Земли населенных пунктов;57:21
Корсаковское, Орловская область, Земли населенных пунктов;57:22
Краснозоренское, Орловская область, Земли населенных пунктов;57:23
Кромской, Орловская область, Земли населенных пунктов;57:24
Ливенское, Орловская область, Земли населенных пунктов;57:25
М-Архангельское, Орловская область, Земли населенных пунктов;57:26
Мценское, Орловская область, Земли населенных пунктов;57:27
Н-Деревеньковское, Орловская область, Земли населенных пунктов;57:28
Новосильское, Орловская область, Земли населенных пунктов;57:29
Дмитровское, Орловская область, Земли лесного фонда;57:3
Орловское, Орловская область, Земли населенных пунктов;57:30
Покровское, Орловская область, Земли населенных пунктов;57:31
Свердловское, Орловская область, Земли населенных пунктов;57:32
Сосковское, Орловская область, Земли населенных пунктов;57:33
Троснянское, Орловская область, Земли населенных пунктов;57:34
Урицкое, Орловская область, Земли населенных пунктов;57:35
Хотынецкое, Орловская область, Земли населенных пунктов;57:36
Шаблыкинское, Орловская область, Земли населенных пунктов;57:37
Ливенское, Орловская область, Земли лесного фонда;57:4
Ломецкое, Орловская область, Земли лесного фонда;57:5
Мценское, Орловская область, Земли лесного фонда;57:6
Новосильское, Орловская область, Земли лесного фонда;57:7
Орловское, Орловская область, Земли лесного фонда;57:8
Шаблыкинское, Орловская область, Земли лесного фонда;57:9
Ахунское, Пензенская область, Земли лесного фонда;58:1
Лунинское, Пензенская область, Земли лесного фонда;58:10
Мокшанское, Пензенская область, Земли лесного фонда;58:11
Никольское, Пензенская область, Земли лесного фонда;58:12
Сердобское, Пензенская область, Земли лесного фонда;58:13
Чаадаевское, Пензенская область, Земли лесного фонда;58:14
Шемышейское, Пензенская область, Земли лесного фонда;58:15
Юрсовское, Пензенская область, Земли лесного фонда;58:16
ГПЗ Приволжская Лесостепь, Пензенская область, Земли особо охраняемых природных территорий;58:17
Башмаковское, Пензенская область, Земли населенных пунктов;58:18
Бековское, Пензенская область, Земли населенных пунктов;58:19
Белинское, Пензенская область, Земли лесного фонда;58:2
Белинское, Пензенская область, Земли населенных пунктов;58:20
Бессоновское, Пензенская область, Земли населенных пунктов;58:21
Вадинское, Пензенская область, Земли населенных пунктов;58:22
г. Кузнецк, Пензенская область, Земли населенных пунктов;58:23
г. Пенза, Пензенская область, Земли населенных пунктов;58:24
Городищенское, Пензенская область, Земли населенных пунктов;58:25
Земетчинское, Пензенская область, Земли населенных пунктов;58:26
Иссинское, Пензенская область, Земли населенных пунктов;58:27
Каменское, Пензенская область, Земли населенных пунктов;58:28
Камешкирское, Пензенская область, Земли населенных пунктов;58:29
Большевьясское, Пензенская область, Земли лесного фонда;58:3
Колышлейское, Пензенская область, Земли населенных пунктов;58:30
Кузнецкое, Пензенская область, Земли населенных пунктов;58:31
Лопатинское, Пензенская область, Земли населенных пунктов;58:32
Лунинское, Пензенская область, Земли населенных пунктов;58:33
Малосердобинское, Пензенская область, Земли населенных пунктов;58:34
Мокшанское, Пензенская область, Земли населенных пунктов;58:35
Наровчатское, Пензенская область, Земли населенных пунктов;58:36
Неверкенское, Пензенская область, Земли населенных пунктов;58:37
Нижнеломовское, Пензенская область, Земли населенных пунктов;58:38
Никольское, Пензенская область, Земли населенных пунктов;58:39
Кададинское, Пензенская область, Земли лесного фонда;58:4
Пачелмское, Пензенская область, Земли населенных пунктов;58:40
Пензенское, Пензенская область, Земли населенных пунктов;58:41
Сердобское, Пензенская область, Земли населенных пунктов;58:42
Сосновоборское, Пензенская область, Земли населенных пунктов;58:43
Спасское, Пензенская область, Земли населенных пунктов;58:44
Тамалинское, Пензенская область, Земли населенных пунктов;58:45
Шемышейское, Пензенская область, Земли населенных пунктов;58:46
Камешкирское, Пензенская область, Земли лесного фонда;58:5
Кузнецкое, Пензенская область, Земли лесного фонда;58:6
Ленинское, Пензенская область, Земли лесного фонда;58:7
Ломовское, Пензенская область, Земли лесного фонда;58:8
Лопатинское, Пензенская область, Земли лесного фонда;58:9
Березниковское, Пермский край, Земли лесного фонда;59:1
Колвинское, Пермский край, Земли лесного фонда;59:10
Косинское, Пермский край, Земли лесного фонда;59:11
Кочевское, Пермский край, Земли лесного фонда;59:12
Красновишерское, Пермский край, Земли лесного фонда;59:13
Кудымкарское, Пермский край, Земли лесного фонда;59:14
Куединское, Пермский край, Земли лесного фонда;59:15
Кунгурское, Пермский край, Земли лесного фонда;59:16
Лысьвенское, Пермский край, Земли лесного фонда;59:17
Октябрьское, Пермский край, Земли лесного фонда;59:18
Осинское, Пермский край, Земли лесного фонда;59:19
Вайское, Пермский край, Земли лесного фонда;59:2
Очерское, Пермский край, Земли лесного фонда;59:20
Пермское, Пермский край, Земли лесного фонда;59:21
Сивинское, Пермский край, Земли лесного фонда;59:22
Соликамское, Пермский край, Земли лесного фонда;59:23
Чайковское, Пермский край, Земли лесного фонда;59:24
Чердынское, Пермский край, Земли лесного фонда;59:25
Чусовское, Пермский край, Земли лесного фонда;59:26
Юрлинское, Пермский край, Земли лесного фонда;59:27
Юсьвинское, Пермский край, Земли лесного фонда;59:28
ГПЗ Басеги, Пермский край, Земли особо охраняемых природных территорий;59:29
Веслянское, Пермский край, Земли лесного фонда;59:3
ГПЗ Вишерский, Пермский край, Земли особо охраняемых природных территорий;59:30
"УНБ ""Предуралье"", Пермский край, Земли особо охраняемых природных территорий";59:31
Александровский район, Пермский край, Земли населенных пунктов;59:32
Бардымский район, Пермский край, Земли населенных пунктов;59:33
Березовский район, Пермский край, Земли населенных пунктов;59:34
Большесосновский район, Пермский край, Земли населенных пунктов;59:35
Верещагинский район, Пермский край, Земли населенных пунктов;59:36
Гайнский район, Пермский край, Земли населенных пунктов;59:37
ГО Березники, Пермский край, Земли населенных пунктов;59:38
ГО ЗАТО Звёздный, Пермский край, Земли населенных пунктов;59:39
Гайнское, Пермский край, Земли лесного фонда;59:4
ГО Кудымкар, Пермский край, Земли населенных пунктов;59:40
ГО Кунгур, Пермский край, Земли населенных пунктов;59:41
Пермское городское лесничество, Пермский край, Земли населенных пунктов;59:42
ГО Соликамск, Пермский край, Земли населенных пунктов;59:43
Горнозаводский район, Пермский край, Земли населенных пунктов;59:44
Гремячинский район, Пермский край, Земли населенных пунктов;59:45
Губахинский район, Пермский край, Земли населенных пунктов;59:46
Добрянский район, Пермский край, Земли населенных пунктов;59:47
Еловский район, Пермский край, Земли населенных пунктов;59:48
Ильинский район, Пермский край, Земли населенных пунктов;59:49
Горнозаводское, Пермский край, Земли лесного фонда;59:5
Карагайский район, Пермский край, Земли населенных пунктов;59:50
Кизеловский район, Пермский край, Земли населенных пунктов;59:51
Кишертский район, Пермский край, Земли населенных пунктов;59:52
Косинский район, Пермский край, Земли населенных пунктов;59:53
Кочевский район, Пермский край, Земли населенных пунктов;59:54
Красновишерский район, Пермский край, Земли населенных пунктов;59:55
Краснокамский район, Пермский край, Земли населенных пунктов;59:56
Кудымкарский район, Пермский край, Земли населенных пунктов;59:57
Куединский район, Пермский край, Земли населенных пунктов;59:58
Кунгурский район, Пермский край, Земли населенных пунктов;59:59
Добрянское, Пермский край, Земли лесного фонда;59:6
Лысьвенский район, Пермский край, Земли населенных пунктов;59:60
Нытвенский район, Пермский край, Земли населенных пунктов;59:61
Октябрьский район, Пермский край, Земли населенных пунктов;59:62
Ординский район, Пермский край, Земли населенных пунктов;59:63
Осинский район, Пермский край, Земли населенных пунктов;59:64
Оханский район, Пермский край, Земли населенных пунктов;59:65
Очерский район, Пермский край, Земли населенных пунктов;59:66
Пермский район, Пермский край, Земли населенных пунктов;59:67
Сивинский район, Пермский край, Земли населенных пунктов;59:68
Соликамский район, Пермский край, Земли населенных пунктов;59:69
Закамское, Пермский край, Земли лесного фонда;59:7
Суксунский район, Пермский край, Земли населенных пунктов;59:70
Уинский район, Пермский край, Земли населенных пунктов;59:71
Усольский район, Пермский край, Земли населенных пунктов;59:72
Чайковский район, Пермский край, Земли населенных пунктов;59:73
Частинский район, Пермский край, Земли населенных пунктов;59:74
Чердынский район, Пермский край, Земли населенных пунктов;59:75
Чернушенский район, Пермский край, Земли населенных пунктов;59:76
Чусовской район, Пермский край, Земли населенных пунктов;59:77
Юрлинский район, Пермский край, Земли населенных пунктов;59:78
Юсьвинский район, Пермский край, Земли населенных пунктов;59:79
Кизеловское, Пермский край, Земли лесного фонда;59:8
Кишертское, Пермский край, Земли лесного фонда;59:9
Бежаницкое, Псковская область, Земли лесного фонда;60:1
Себежское, Псковская область, Земли лесного фонда;60:10
Стругокрасненское, Псковская область, Земли лесного фонда;60:11
ГПЗ Полистовский, Псковская область, Земли особо охраняемых природных территорий;60:12
НП Себежский, Псковская область, Земли особо охраняемых природных территорий;60:13
Бежаницкий, Псковская область, Земли населенных пунктов;60:14
Великолукский, Псковская область, Земли населенных пунктов;60:15
г.Великие Луки, Псковская область, Земли населенных пунктов;60:16
г.Псков, Псковская область, Земли населенных пунктов;60:17
Гдовский, Псковская область, Земли населенных пунктов;60:18
Дедовичский, Псковская область, Земли населенных пунктов;60:19
Великолукское, Псковская область, Земли лесного фонда;60:2
Дновский, Псковская область, Земли населенных пунктов;60:20
Красногородский, Псковская область, Земли населенных пунктов;60:21
Куньинский, Псковская область, Земли населенных пунктов;60:22
Локнянский, Псковская область, Земли населенных пунктов;60:23
Невельский, Псковская область, Земли населенных пунктов;60:24
Новоржевский, Псковская область, Земли населенных пунктов;60:25
Новосокольнический, Псковская область, Земли населенных пунктов;60:26
Опочецкий, Псковская область, Земли населенных пунктов;60:27
Островский, Псковская область, Земли населенных пунктов;60:28
Палкинский, Псковская область, Земли населенных пунктов;60:29
Гдовское, Псковская область, Земли лесного фонда;60:3
Печорский, Псковская область, Земли населенных пунктов;60:30
Плюсский, Псковская область, Земли населенных пунктов;60:31
Порховский, Псковская область, Земли населенных пунктов;60:32
Псковский, Псковская область, Земли населенных пунктов;60:33
Пустошкинский, Псковская область, Земли населенных пунктов;60:34
Пушкиногорский, Псковская область, Земли населенных пунктов;60:35
Пыталовский, Псковская область, Земли населенных пунктов;60:36
Себежский, Псковская область, Земли населенных пунктов;60:37
Стругокрасненский, Псковская область, Земли населенных пунктов;60:38
Усвятский, Псковская область, Земли населенных пунктов;60:39
Невельское, Псковская область, Земли лесного фонда;60:4
Псковское муниципальное, Псковская область, Земли населенных пунктов;60:40
Опочецкое, Псковская область, Земли лесного фонда;60:5
Печорское, Псковская область, Земли лесного фонда;60:6
Плюсское, Псковская область, Земли лесного фонда;60:7
Порховское, Псковская область, Земли лесного фонда;60:8
Псковское, Псковская область, Земли лесного фонда;60:9
Боковское, Ростовская область, Земли лесного фонда;61:1
Романовское, Ростовская область, Земли лесного фонда;61:10
Сальское, Ростовская область, Земли лесного фонда;61:11
Селивановское, Ростовская область, Земли лесного фонда;61:12
Семикаракорское, Ростовская область, Земли лесного фонда;61:13
Тарасовское, Ростовская область, Земли лесного фонда;61:14
Усть-Донецкое, Ростовская область, Земли лесного фонда;61:15
Чертковское, Ростовская область, Земли лесного фонда;61:16
Шахтинское, Ростовская область, Земли лесного фонда;61:17
Шолоховское, Ростовская область, Земли лесного фонда;61:18
ГПБЗ Ростовский, Ростовская область, Земли особо охраняемых природных территорий;61:19
Верхнедонское, Ростовская область, Земли лесного фонда;61:2
Азовское, Ростовская область, Земли населенных пунктов;61:20
Аксайское, Ростовская область, Земли населенных пунктов;61:21
Багаевское, Ростовская область, Земли населенных пунктов;61:22
Белокалитвенское, Ростовская область, Земли населенных пунктов;61:23
Боковское, Ростовская область, Земли населенных пунктов;61:24
Верхнедонское, Ростовская область, Земли населенных пунктов;61:25
Веселовское, Ростовская область, Земли населенных пунктов;61:26
Волгодонское, Ростовская область, Земли населенных пунктов;61:27
г. Батайск, Ростовская область, Земли населенных пунктов;61:28
г. Волгодонск, Ростовская область, Земли населенных пунктов;61:29
Донецкое, Ростовская область, Земли лесного фонда;61:3
г. Гуково, Ростовская область, Земли населенных пунктов;61:30
г. Донецк, Ростовская область, Земли населенных пунктов;61:31
г. Зверево, Ростовская область, Земли населенных пунктов;61:32
г. Каменск - Шахтинский, Ростовская область, Земли населенных пунктов;61:33
г. Новочеркасск, Ростовская область, Земли населенных пунктов;61:34
г. Новошахтинск, Ростовская область, Земли населенных пунктов;61:35
г. Ростов-на-Дону, Ростовская область, Земли населенных пунктов;61:36
г. Таганрог, Ростовская область, Земли населенных пунктов;61:37
г. Шахты, Ростовская область, Земли населенных пунктов;61:38
г.Красный Сулин, Ростовская область, Земли населенных пунктов;61:39
Зимовниковское, Ростовская область, Земли лесного фонда;61:4
г.Миллерово, Ростовская область, Земли населенных пунктов;61:40
г.Пролетарск, Ростовская область, Земли населенных пунктов;61:41
г.Сальск, Ростовская область, Земли населенных пунктов;61:42
Дубовское, Ростовская область, Земли населенных пунктов;61:43
Егорлыкское, Ростовская область, Земли населенных пунктов;61:44
Заветинское, Ростовская область, Земли населенных пунктов;61:45
Зерноградское, Ростовская область, Земли населенных пунктов;61:46
Зимовниковское, Ростовская область, Земли населенных пунктов;61:47
Кагальницкое, Ростовская область, Земли населенных пунктов;61:48
Каменское, Ростовская область, Земли населенных пунктов;61:49
Каменское, Ростовская область, Земли лесного фонда;61:5
Кашарское, Ростовская область, Земли населенных пунктов;61:50
Константиновское, Ростовская область, Земли населенных пунктов;61:51
Красносулинское, Ростовская область, Земли населенных пунктов;61:52
Куйбышевское, Ростовская область, Земли населенных пунктов;61:53
Мартыновское, Ростовская область, Земли населенных пунктов;61:54
Матвеево-Курганское, Ростовская область, Земли населенных пунктов;61:55
Миллеровское, Ростовская область, Земли населенных пунктов;61:56
Милютинское, Ростовская область, Земли населенных пунктов;61:57
Морозовское, Ростовская область, Земли населенных пунктов;61:58
Мясниковское, Ростовская область, Земли населенных пунктов;61:59
Кашарское, Ростовская область, Земли лесного фонда;61:6
Неклиновское, Ростовская область, Земли населенных пунктов;61:60
Обливское, Ростовская область, Земли населенных пунктов;61:61
Октябрьское, Ростовская область, Земли населенных пунктов;61:62
Орловское, Ростовская область, Земли населенных пунктов;61:63
Песчанокопское, Ростовская область, Земли населенных пунктов;61:64
Пролетарское, Ростовская область, Земли населенных пунктов;61:65
Радионово-Несветаевское, Ростовская область, Земли населенных пунктов;61:66
Ремонтненское, Ростовская область, Земли населенных пунктов;61:67
Сальское, Ростовская область, Земли населенных пунктов;61:68
Семикаракорское, Ростовская область, Земли населенных пунктов;61:69
Мартыновское, Ростовская область, Земли лесного фонда;61:7
Советское, Ростовская область, Земли населенных пунктов;61:70
Тарасовское, Ростовская область, Земли населенных пунктов;61:71
Тацинское, Ростовская область, Земли населенных пунктов;61:72
Усть-Донецкое, Ростовская область, Земли населенных пунктов;61:73
Целинское, Ростовская область, Земли населенных пунктов;61:74
Цимлянское, Ростовская область, Земли населенных пунктов;61:75
Чертковское, Ростовская область, Земли населенных пунктов;61:76
Шолоховское, Ростовская область, Земли населенных пунктов;61:77
Обливское, Ростовская область, Земли лесного фонда;61:8
Ремонтненское, Ростовская область, Земли лесного фонда;61:9
Бельковское, Рязанская область, Земли лесного фонда;62:1
Первомайское, Рязанская область, Земли лесного фонда;62:10
Ряжское, Рязанская область, Земли лесного фонда;62:11
Рязанское, Рязанская область, Земли лесного фонда;62:12
Сасовское, Рязанская область, Земли лесного фонда;62:13
Солотчинское, Рязанская область, Земли лесного фонда;62:14
Спасское, Рязанская область, Земли лесного фонда;62:15
Тумское, Рязанская область, Земли лесного фонда;62:16
Шацкое, Рязанская область, Земли лесного фонда;62:17
Шелуховское, Рязанская область, Земли лесного фонда;62:18
Шиловское, Рязанская область, Земли лесного фонда;62:19
Ерахтурское, Рязанская область, Земли лесного фонда;62:2
ГПБЗ Окский, Рязанская область, Земли особо охраняемых природных территорий;62:20
НП Мещерский, Рязанская область, Земли особо охраняемых природных территорий;62:21
Ермишинское, Рязанская область, Земли населенных пунктов;62:22
Захаровское, Рязанская область, Земли населенных пунктов;62:23
Кадомское, Рязанская область, Земли населенных пунктов;62:24
Касимовское, Рязанская область, Земли населенных пунктов;62:25
Клепиковское, Рязанская область, Земли населенных пунктов;62:26
Кораблинское, Рязанская область, Земли населенных пунктов;62:27
Милославское, Рязанская область, Земли населенных пунктов;62:28
Михайловское, Рязанская область, Земли населенных пунктов;62:29
Ермишинское, Рязанская область, Земли лесного фонда;62:3
Новодеревенское, Рязанская область, Земли населенных пунктов;62:30
Пителенское, Рязанская область, Земли населенных пунктов;62:31
Пронское, Рязанская область, Земли населенных пунктов;62:32
Путятинское, Рязанская область, Земли населенных пунктов;62:33
Рыбновское, Рязанская область, Земли населенных пунктов;62:34
Ряжское, Рязанская область, Земли населенных пунктов;62:35
Рязанское, Рязанская область, Земли населенных пунктов;62:36
Рязань, Рязанская область, Земли населенных пунктов;62:37
Сапожковское, Рязанская область, Земли населенных пунктов;62:38
Сараевское, Рязанская область, Земли населенных пунктов;62:39
Касимовское, Рязанская область, Земли лесного фонда;62:4
Сасовское, Рязанская область, Земли населенных пунктов;62:40
Скопинское, Рязанская область, Земли населенных пунктов;62:41
Спасское, Рязанская область, Земли населенных пунктов;62:42
Старожиловское, Рязанская область, Земли населенных пунктов;62:43
Ухоловское, Рязанская область, Земли населенных пунктов;62:44
Чучковское, Рязанская область, Земли населенных пунктов;62:45
Шацкое, Рязанская область, Земли населенных пунктов;62:46
Шиловское, Рязанская область, Земли населенных пунктов;62:47
Клепиковское, Рязанская область, Земли лесного фонда;62:5
Кораблинское, Рязанская область, Земли лесного фонда;62:6
Криушинское, Рязанская область, Земли лесного фонда;62:7
Можарское, Рязанская область, Земли лесного фонда;62:8
Нижне-Окское, Рязанская область, Земли лесного фонда;62:9
Безенчукское, Самарская область, Земли лесного фонда;63:1
Ново-Буянское, Самарская область, Земли лесного фонда;63:10
Похвистневское, Самарская область, Земли лесного фонда;63:11
Рачейское, Самарская область, Земли лесного фонда;63:12
Сергиевское, Самарская область, Земли лесного фонда;63:13
Ставропольское, Самарская область, Земли лесного фонда;63:14
Шенталинское, Самарская область, Земли лесного фонда;63:15
Шигонское, Самарская область, Земли лесного фонда;63:16
ГПЗ Жигулевский, Самарская область, Земли особо охраняемых природных территорий;63:17
НП Самарская Лука, Самарская область, Земли особо охраняемых природных территорий;63:18
Алексеевский, Самарская область, Земли населенных пунктов;63:19
Большеглушицкое, Самарская область, Земли лесного фонда;63:2
Безенчукский, Самарская область, Земли населенных пунктов;63:20
Богатовский, Самарская область, Земли населенных пунктов;63:21
Большеглушицкий, Самарская область, Земли населенных пунктов;63:22
Большечерниговский, Самарская область, Земли населенных пунктов;63:23
Борский, Самарская область, Земли населенных пунктов;63:24
Волжский, Самарская область, Земли населенных пунктов;63:25
г.Жигулевск, Самарская область, Земли населенных пунктов;63:26
г.Новокуйбышевск, Самарская область, Земли населенных пунктов;63:27
г.Самара, Самарская область, Земли населенных пунктов;63:28
Тольяттинское, Самарская область, Земли населенных пунктов;63:29
Волжское, Самарская область, Земли лесного фонда;63:3
г.Чапаевск, Самарская область, Земли населенных пунктов;63:30
Елховский, Самарская область, Земли населенных пунктов;63:31
Исаклинский, Самарская область, Земли населенных пунктов;63:32
Камышлинский, Самарская область, Земли населенных пунктов;63:33
Кинельский, Самарская область, Земли населенных пунктов;63:34
Кинель-Черкасский, Самарская область, Земли населенных пунктов;63:35
Клявлинский, Самарская область, Земли населенных пунктов;63:36
Кошкинский, Самарская область, Земли населенных пунктов;63:37
Красноармейский, Самарская область, Земли населенных пунктов;63:38
Красноярский, Самарская область, Земли населенных пунктов;63:39
Кинельское, Самарская область, Земли лесного фонда;63:4
Нефтегорский, Самарская область, Земли населенных пунктов;63:40
Пестравский, Самарская область, Земли населенных пунктов;63:41
Похвистневский, Самарская область, Земли населенных пунктов;63:42
Приволжский, Самарская область, Земли населенных пунктов;63:43
Сергиевский, Самарская область, Земли населенных пунктов;63:44
Ставропольский, Самарская область, Земли населенных пунктов;63:45
Сызранский, Самарская область, Земли населенных пунктов;63:46
Хворостянский, Самарская область, Земли населенных пунктов;63:47
Челно-Вершинский, Самарская область, Земли населенных пунктов;63:48
Шенталинский, Самарская область, Земли населенных пунктов;63:49
Кинель-Черкасское, Самарская область, Земли лесного фонда;63:5
Шигонский, Самарская область, Земли населенных пунктов;63:50
Самарское, Самарская область, Земли населенных пунктов;63:51
Клявлинское, Самарская область, Земли лесного фонда;63:6
Кошкинское, Самарская область, Земли лесного фонда;63:7
Красноярское, Самарская область, Земли лесного фонда;63:8
Нефтегорское, Самарская область, Земли лесного фонда;63:9
Аркадакское, Саратовская область, Земли лесного фонда;64:1
Екатериновское, Саратовская область, Земли лесного фонда;64:10
Ершовское, Саратовская область, Земли лесного фонда;64:11
Калининское, Саратовская область, Земли лесного фонда;64:12
Красноармейское, Саратовская область, Земли лесного фонда;64:13
Лысогорское, Саратовская область, Земли лесного фонда;64:14
Макаровское, Саратовская область, Земли лесного фонда;64:15
Марксовское, Саратовская область, Земли лесного фонда;64:16
Новобурасское, Саратовская область, Земли лесного фонда;64:17
Петровское, Саратовская область, Земли лесного фонда;64:18
Пугачевское, Саратовская область, Земли лесного фонда;64:19
Аткарское, Саратовская область, Земли лесного фонда;64:2
Романовское, Саратовская область, Земли лесного фонда;64:20
Саратовское, Саратовская область, Земли лесного фонда;64:21
Усовское, Саратовская область, Земли лесного фонда;64:22
Черкасское, Саратовская область, Земли лесного фонда;64:23
Ширококарамышское, Саратовская область, Земли лесного фонда;64:24
Энгельсское, Саратовская область, Земли лесного фонда;64:25
НП Хвалынский, Саратовская область, Земли особо охраняемых природных территорий;64:26
Энгельское городское лесничество, Саратовская область, Земли населенных пунктов;64:27
Алгайский, Саратовская область, Земли населенных пунктов;64:28
Аркадакский, Саратовская область, Земли населенных пунктов;64:29
Базарно-Карабулакское, Саратовская область, Земли лесного фонда;64:3
Аткарский, Саратовская область, Земли населенных пунктов;64:30
Базарнокарабулакский, Саратовская область, Земли населенных пунктов;64:31
Балаковский, Саратовская область, Земли населенных пунктов;64:32
Балашовский, Саратовская область, Земли населенных пунктов;64:33
Балтайский, Саратовская область, Земли населенных пунктов;64:34
Вольский, Саратовская область, Земли населенных пунктов;64:35
Воскресенский, Саратовская область, Земли населенных пунктов;64:36
г. Балаково, Саратовская область, Земли населенных пунктов;64:37
г. Балашов, Саратовская область, Земли населенных пунктов;64:38
г. Вольск, Саратовская область, Земли населенных пунктов;64:39
Балаковское, Саратовская область, Земли лесного фонда;64:4
г. Красноармейск, Саратовская область, Земли населенных пунктов;64:40
г. Маркс, Саратовская область, Земли населенных пунктов;64:41
г. Петровск, Саратовская область, Земли населенных пунктов;64:42
г. Ртищево, Саратовская область, Земли населенных пунктов;64:43
"городское лесничество ""Кумысная поляна"", Саратовская область, Земли населенных пунктов";64:44
Дергачевский, Саратовская область, Земли населенных пунктов;64:45
Духовницкий, Саратовская область, Земли населенных пунктов;64:46
Екатериновский, Саратовская область, Земли населенных пунктов;64:47
Ершовский, Саратовская область, Земли населенных пунктов;64:48
ЗАТО Шиханы, Саратовская область, Земли населенных пунктов;64:49
Балашовское, Саратовская область, Земли лесного фонда;64:5
Ивантеевский, Саратовская область, Земли населенных пунктов;64:50
Калининский, Саратовская область, Земли населенных пунктов;64:51
Красноармейский, Саратовская область, Земли населенных пунктов;64:52
Краснокутский, Саратовская область, Земли населенных пунктов;64:53
Краснопартизанский, Саратовская область, Земли населенных пунктов;64:54
Лысогорский, Саратовская область, Земли населенных пунктов;64:55
Марксовский, Саратовская область, Земли населенных пунктов;64:56
Новобурасский, Саратовская область, Земли населенных пунктов;64:57
Новоузенский, Саратовская область, Земли населенных пунктов;64:58
Озинский, Саратовская область, Земли населенных пунктов;64:59
Балтайское, Саратовская область, Земли лесного фонда;64:6
Перелюбский, Саратовская область, Земли населенных пунктов;64:60
Петровское городское лесничество, Саратовская область, Земли населенных пунктов;64:61
Питерский, Саратовская область, Земли населенных пунктов;64:62
Пугачевский, Саратовская область, Земли населенных пунктов;64:63
Пугачевское городское лесничество, Саратовская область, Земли населенных пунктов;64:64
Ровенский, Саратовская область, Земли населенных пунктов;64:65
Романовский, Саратовская область, Земли населенных пунктов;64:66
Ртищевский, Саратовская область, Земли населенных пунктов;64:67
Самойловский, Саратовская область, Земли населенных пунктов;64:68
Саратовское городское лесничество, Саратовская область, Земли населенных пунктов;64:69
Вольское, Саратовская область, Земли лесного фонда;64:7
Советский, Саратовская область, Земли населенных пунктов;64:70
Татищевский, Саратовская область, Земли населенных пунктов;64:71
Турковский, Саратовская область, Земли населенных пунктов;64:72
Федоровский, Саратовская область, Земли населенных пунктов;64:73
Хвалынский, Саратовская область, Земли населенных пунктов;64:74
Энгельсский, Саратовская область, Земли населенных пунктов;64:75
НП Дьяковский лес, Саратовская область, Земли особо охраняемых природных территорий;64:76
Вязовское, Саратовская область, Земли лесного фонда;64:8
Дьяковское, Саратовская область, Земли лесного фонда;64:9
Александровское, Сахалинская область, Земли лесного фонда;65:1
Охинское, Сахалинская область, Земли лесного фонда;65:10
Поронайское, Сахалинская область, Земли лесного фонда;65:11
Смирныховское, Сахалинская область, Земли лесного фонда;65:12
Тымовское, Сахалинская область, Земли лесного фонда;65:13
Углегорское, Сахалинская область, Земли лесного фонда;65:14
Холмское, Сахалинская область, Земли лесного фонда;65:15
Южно-Курильское, Сахалинская область, Земли лесного фонда;65:16
Южно-Сахалинское, Сахалинская область, Земли лесного фонда;65:17
ГПЗ Курильский, Сахалинская область, Земли особо охраняемых природных территорий;65:18
ГПЗ Поронайский, Сахалинская область, Земли особо охраняемых природных территорий;65:19
Анивское, Сахалинская область, Земли лесного фонда;65:2
Южно-Сахалинское, Сахалинская область, Земли обороны и безопасности;65:20
Александровск-Сахалинский муниципальный округ Сахалинской области, Сахалинская область, Земли населенных пунктов;65:21
Анивский муниципальный округ Сахалинской области, Сахалинская область, Земли населенных пунктов;65:22
"городской округ ""Город Южно-Сахалинск"", Сахалинская область, Земли населенных пунктов";65:23
Корсаковское городское лесничество, Сахалинская область, Земли населенных пунктов;65:24
Долинский муниципальный округ Сахалинской области, Сахалинская область, Земли населенных пунктов;65:25
Ногликский муниципальный округ Сахалинской области, Сахалинская область, Земли населенных пунктов;65:26
Охинский муниципальный округ Сахалинской области, Сахалинская область, Земли населенных пунктов;65:27
Поронайский муниципальный округ Сахалинской области, Сахалинская область, Земли населенных пунктов;65:28
Смирныховский муниципальный округ Сахалинской области, Сахалинская область, Земли населенных пунктов;65:29
Долинское, Сахалинская область, Земли лесного фонда;65:3
Курильский муниципальный округ Сахалинской области, Сахалинская область, Земли населенных пунктов;65:30
Макаровский муниципальный округ Сахалинской области, Сахалинская область, Земли населенных пунктов;65:31
Невельский муниципальный округ Сахалинской области, Сахалинская область, Земли населенных пунктов;65:32
Северо-Курильский муниципальный округ Сахалинской области, Сахалинская область, Земли населенных пунктов;65:33
Томаринский муниципальный округ Сахалинской области, Сахалинская область, Земли населенных пунктов;65:34
Тымовский муниципальный округ Сахалинской области, Сахалинская область, Земли населенных пунктов;65:35
Углегорский муниципальный округ Сахалинской области, Сахалинская область, Земли населенных пунктов;65:36
Холмский муниципальный округ Сахалинской области, Сахалинская область, Земли населенных пунктов;65:37
Южно-Курильский муниципальный округ Сахалинской области, Сахалинская область, Земли населенных пунктов;65:38
Корсаковское, Сахалинская область, Земли лесного фонда;65:4
Красногорское, Сахалинская область, Земли лесного фонда;65:5
Курильское, Сахалинская область, Земли лесного фонда;65:6
Макаровское, Сахалинская область, Земли лесного фонда;65:7
Невельское, Сахалинская область, Земли лесного фонда;65:8
Ногликское, Сахалинская область, Земли лесного фонда;65:9
Алапаевское, Свердловская область, Земли лесного фонда;66:1
Ирбитское, Свердловская область, Земли лесного фонда;66:10
Камышловское, Свердловская область, Земли лесного фонда;66:11
Карпинское, Свердловская область, Земли лесного фонда;66:12
Красноуфимское, Свердловская область, Земли лесного фонда;66:13
Кушвинское, Свердловская область, Земли лесного фонда;66:14
Невьянское, Свердловская область, Земли лесного фонда;66:15
Нижне-Сергинское, Свердловская область, Земли лесного фонда;66:16
Нижне-Тагильское, Свердловская область, Земли лесного фонда;66:17
Ново-Лялинское, Свердловская область, Земли лесного фонда;66:18
Режевское, Свердловская область, Земли лесного фонда;66:19
Байкаловское, Свердловская область, Земли лесного фонда;66:2
Свердловское, Свердловская область, Земли лесного фонда;66:20
Серовское, Свердловская область, Земли лесного фонда;66:21
Синячихинское, Свердловская область, Земли лесного фонда;66:22
Сотринское, Свердловская область, Земли лесного фонда;66:23
Сухоложское, Свердловская область, Земли лесного фонда;66:24
Сысертское, Свердловская область, Земли лесного фонда;66:25
Таборинское, Свердловская область, Земли лесного фонда;66:26
Тавдинское, Свердловская область, Земли лесного фонда;66:27
Талицкое, Свердловская область, Земли лесного фонда;66:28
Тугулымское, Свердловская область, Земли лесного фонда;66:29
Березовское, Свердловская область, Земли лесного фонда;66:3
Туринское, Свердловская область, Земли лесного фонда;66:30
Шалинское, Свердловская область, Земли лесного фонда;66:31
ГПБЗ Висимский, Свердловская область, Земли особо охраняемых природных территорий;66:32
ГПЗ Денежкин Камень, Свердловская область, Земли особо охраняемых природных территорий;66:33
НП Припышминские боры, Свердловская область, Земли особо охраняемых природных территорий;66:34
Карелинское, Свердловская область, Земли обороны и безопасности;66:35
Нижнетагильское, Свердловская область, Земли обороны и безопасности;66:36
Алапаевское мун.обр., Свердловская область, Земли населенных пунктов;66:37
Артемовский го, Свердловская область, Земли населенных пунктов;66:38
Артинский го, Свердловская область, Земли населенных пунктов;66:39
Билимбаевское, Свердловская область, Земли лесного фонда;66:4
Асбестовский го, Свердловская область, Земли населенных пунктов;66:40
Ачитский го, Свердловская область, Земли населенных пунктов;66:41
Байкаловский мун.р-н, Свердловская область, Земли населенных пунктов;66:42
Белоярский го, Свердловская область, Земли населенных пунктов;66:43
Березовское городское, Свердловская область, Земли населенных пунктов;66:44
Верхнесалдинское лесопарковое, Свердловская область, Земли населенных пунктов;66:45
Гаринский го, Свердловская область, Земли населенных пунктов;66:46
"Го ""Город Лесной"", Свердловская область, Земли населенных пунктов";66:47
го Богданович, Свердловская область, Земли населенных пунктов;66:48
го Верхняя Пышма, Свердловская область, Земли населенных пунктов;66:49
Верх-Исетское, Свердловская область, Земли лесного фонда;66:5
го Верхотурский, Свердловская область, Земли населенных пунктов;66:50
го Заречный, Свердловская область, Земли населенных пунктов;66:51
го ЗАТО Свободный, Свердловская область, Земли населенных пунктов;66:52
го Каменск-Уральский, Свердловская область, Земли населенных пунктов;66:53
Карпинское городское, Свердловская область, Земли населенных пунктов;66:54
го Краснотурьинск, Свердловская область, Земли населенных пунктов;66:55
го Красноуральск, Свердловская область, Земли населенных пунктов;66:56
го Красноуфимск, Свердловская область, Земли населенных пунктов;66:57
Нижнесалдинское лесопарковое, Свердловская область, Земли населенных пунктов;66:58
Первоуральское городское, Свердловская область, Земли населенных пунктов;66:59
Верхотурское, Свердловская область, Земли лесного фонда;66:6
го Ревда, Свердловская область, Земли населенных пунктов;66:60
го Сухой Лог, Свердловская область, Земли населенных пунктов;66:61
Нижнетагильское городское, Свердловская область, Земли населенных пунктов;66:62
Горноуральский го, Свердловская область, Земли населенных пунктов;66:63
Ивдельский го, Свердловская область, Земли населенных пунктов;66:64
Ирбитское мун.обр., Свердловская область, Земли населенных пунктов;66:65
Каменский го, Свердловская область, Земли населенных пунктов;66:66
Камышловский го, Свердловская область, Земли населенных пунктов;66:67
Камышловский мун.р-н, Свердловская область, Земли населенных пунктов;66:68
Качканарский го, Свердловская область, Земли населенных пунктов;66:69
Гаринское, Свердловская область, Земли лесного фонда;66:7
Кировградский го, Свердловская область, Земли населенных пунктов;66:70
Красноуфимский округ, Свердловская область, Земли населенных пунктов;66:71
Кушвинское городское, Свердловская область, Земли населенных пунктов;66:72
му.обр. город Алапаевск, Свердловская область, Земли населенных пунктов;66:73
Екатеринбургское, Свердловская область, Земли населенных пунктов;66:74
мун.обр.город Ирбит, Свердловская область, Земли населенных пунктов;66:75
Невьянский го, Свердловская область, Земли населенных пунктов;66:76
Нижнесергинский мун.р-н, Свердловская область, Земли населенных пунктов;66:77
Нижнетуринский го, Свердловская область, Земли населенных пунктов;66:78
Новолялинский го, Свердловская область, Земли населенных пунктов;66:79
Егоршинское, Свердловская область, Земли лесного фонда;66:8
Новоуральское городское, Свердловская область, Земли населенных пунктов;66:80
Полевской го, Свердловская область, Земли населенных пунктов;66:81
Пышминский го, Свердловская область, Земли населенных пунктов;66:82
Режевской го, Свердловская область, Земли населенных пунктов;66:83
Североуральский го, Свердловская область, Земли населенных пунктов;66:84
Серовский го, Свердловская область, Земли населенных пунктов;66:85
Слободо-Туринский мун.р-н, Свердловская область, Земли населенных пунктов;66:86
Сосьвинский го, Свердловская область, Земли населенных пунктов;66:87
Сысертский го, Свердловская область, Земли населенных пунктов;66:88
Таборинский мун.р-н, Свердловская область, Земли населенных пунктов;66:89
Ивдельское, Свердловская область, Земли лесного фонда;66:9
Тавдинский го, Свердловская область, Земли населенных пунктов;66:90
Талицкое городское лесничество, Свердловская область, Земли населенных пунктов;66:91
Тугулымское городское, Свердловская область, Земли населенных пунктов;66:92
Туринский го, Свердловская область, Земли населенных пунктов;66:93
Шалинский го, Свердловская область, Земли населенных пунктов;66:94
Екатеринбургское лесопарковое, Свердловская область, Земли населенных пунктов;66:95
Городские леса городского округа Рефтинский, Свердловская область, Земли населенных пунктов;66:96
Волчанское городское, Свердловская область, Земли населенных пунктов;66:97
Велижское, Смоленская область, Земли лесного фонда;67:1
Кардымовское, Смоленская область, Земли лесного фонда;67:10
Кармановское, Смоленская область, Земли лесного фонда;67:11
Краснинское, Смоленская область, Земли лесного фонда;67:12
Монастырщинское, Смоленская область, Земли лесного фонда;67:13
Новодугинское, Смоленская область, Земли лесного фонда;67:14
Починковское, Смоленская область, Земли лесного фонда;67:15
Рославльское, Смоленская область, Земли лесного фонда;67:16
Руднянское, Смоленская область, Земли лесного фонда;67:17
Сафоновское, Смоленская область, Земли лесного фонда;67:18
Смоленское, Смоленская область, Земли лесного фонда;67:19
Вяземское, Смоленская область, Земли лесного фонда;67:2
Сычевское, Смоленская область, Земли лесного фонда;67:20
Темкинское, Смоленская область, Земли лесного фонда;67:21
Угранское, Смоленская область, Земли лесного фонда;67:22
Хиславичское, Смоленская область, Земли лесного фонда;67:23
Холм-Жирковское, Смоленская область, Земли лесного фонда;67:24
Шумячское, Смоленская область, Земли лесного фонда;67:25
Ярцевское, Смоленская область, Земли лесного фонда;67:26
НП Смоленское Поозерье, Смоленская область, Земли особо охраняемых природных территорий;67:27
Велижское, Смоленская область, Земли населенных пунктов;67:28
Вяземское, Смоленская область, Земли населенных пунктов;67:29
Гагаринское, Смоленская область, Земли лесного фонда;67:3
г. Десногорск, Смоленская область, Земли населенных пунктов;67:30
г. Смоленск, Смоленская область, Земли населенных пунктов;67:31
Гагаринское, Смоленская область, Земли населенных пунктов;67:32
Глинковское, Смоленская область, Земли населенных пунктов;67:33
Демидовское, Смоленская область, Земли населенных пунктов;67:34
Дорогобужское, Смоленская область, Земли населенных пунктов;67:35
Духовщинское, Смоленская область, Земли населенных пунктов;67:36
Ельнинское, Смоленская область, Земли населенных пунктов;67:37
Ершичское, Смоленская область, Земли населенных пунктов;67:38
Кардымовское, Смоленская область, Земли населенных пунктов;67:39
Глинковское, Смоленская область, Земли лесного фонда;67:4
Краснинское, Смоленская область, Земли населенных пунктов;67:40
Монастырщинское, Смоленская область, Земли населенных пунктов;67:41
Новодугинское, Смоленская область, Земли населенных пунктов;67:42
Починковское, Смоленская область, Земли населенных пунктов;67:43
Рославльское, Смоленская область, Земли населенных пунктов;67:44
Руднянское, Смоленская область, Земли населенных пунктов;67:45
Сафоновское, Смоленская область, Земли населенных пунктов;67:46
Смоленское, Смоленская область, Земли населенных пунктов;67:47
Сычевское, Смоленская область, Земли населенных пунктов;67:48
Темкинское, Смоленская область, Земли населенных пунктов;67:49
Демидовское, Смоленская область, Земли лесного фонда;67:5
Угранское, Смоленская область, Земли населенных пунктов;67:50
Хиславичское, Смоленская область, Земли населенных пунктов;67:51
Холм-Жирковское, Смоленская область, Земли населенных пунктов;67:52
Шумячское, Смоленская область, Земли населенных пунктов;67:53
Ярцевское, Смоленская область, Земли населенных пунктов;67:54
Дорогобужское, Смоленская область, Земли лесного фонда;67:6
Духовщинское, Смоленская область, Земли лесного фонда;67:7
Ельнинское, Смоленская область, Земли лесного фонда;67:8
Ершичское, Смоленская область, Земли лесного фонда;67:9
Бондарское, Тамбовская область, Земли лесного фонда;68:1
Уваровское, Тамбовская область, Земли лесного фонда;68:10
Хоботовское, Тамбовская область, Земли лесного фонда;68:11
Цнинское, Тамбовская область, Земли лесного фонда;68:12
Челнавское, Тамбовская область, Земли лесного фонда;68:13
ГПЗ Воронинский, Тамбовская область, Земли особо охраняемых природных территорий;68:14
Бондарское, Тамбовская область, Земли населенных пунктов;68:15
г. Жердевка, Тамбовская область, Земли населенных пунктов;68:16
г. Кирсанов, Тамбовская область, Земли населенных пунктов;68:17
г. Котовск, Тамбовская область, Земли населенных пунктов;68:18
г. Мичуринск, Тамбовская область, Земли населенных пунктов;68:19
Вернадское, Тамбовская область, Земли лесного фонда;68:2
г. Моршанск, Тамбовская область, Земли населенных пунктов;68:20
г. Рассказово, Тамбовская область, Земли населенных пунктов;68:21
г. Тамбов, Тамбовская область, Земли населенных пунктов;68:22
г. Уварово, Тамбовская область, Земли населенных пунктов;68:23
Гавриловское, Тамбовская область, Земли населенных пунктов;68:24
Жердевское, Тамбовская область, Земли населенных пунктов;68:25
Знаменское, Тамбовская область, Земли населенных пунктов;68:26
Инжавинское, Тамбовская область, Земли населенных пунктов;68:27
Кирсановское, Тамбовская область, Земли населенных пунктов;68:28
Мичуринское, Тамбовская область, Земли населенных пунктов;68:29
Горельское, Тамбовская область, Земли лесного фонда;68:3
Мордовское, Тамбовская область, Земли населенных пунктов;68:30
Моршанское, Тамбовская область, Земли населенных пунктов;68:31
Мучкапское, Тамбовская область, Земли населенных пунктов;68:32
Никифоровское, Тамбовская область, Земли населенных пунктов;68:33
Первомайское, Тамбовская область, Земли населенных пунктов;68:34
Петровское, Тамбовская область, Земли населенных пунктов;68:35
Пичаевское, Тамбовская область, Земли населенных пунктов;68:36
Рассказовское, Тамбовская область, Земли населенных пунктов;68:37
Ржаксинское, Тамбовская область, Земли населенных пунктов;68:38
Сампурское, Тамбовская область, Земли населенных пунктов;68:39
Кирсановское, Тамбовская область, Земли лесного фонда;68:4
Сосновское, Тамбовская область, Земли населенных пунктов;68:40
Староюрьевское, Тамбовская область, Земли населенных пунктов;68:41
Тамбовское, Тамбовская область, Земли населенных пунктов;68:42
Токаревское, Тамбовская область, Земли населенных пунктов;68:43
Уваровское, Тамбовская область, Земли населенных пунктов;68:44
Уметское, Тамбовская область, Земли населенных пунктов;68:45
Мичуринское, Тамбовская область, Земли лесного фонда;68:5
Моршанское, Тамбовская область, Земли лесного фонда;68:6
Серповское, Тамбовская область, Земли лесного фонда;68:7
Степное, Тамбовская область, Земли лесного фонда;68:8
Тамбовское, Тамбовская область, Земли лесного фонда;68:9
Бежецкое, Тверская область, Земли лесного фонда;69:1
Удомельское, Тверская область, Земли лесного фонда;69:10
Фировское, Тверская область, Земли лесного фонда;69:11
ГПБЗ Центрально-лесной, Тверская область, Земли особо охраняемых природных территорий;69:12
Андреапольский, Тверская область, Земли населенных пунктов;69:13
Бежецкий, Тверская область, Земли населенных пунктов;69:14
Бельский, Тверская область, Земли населенных пунктов;69:15
Бологовский, Тверская область, Земли населенных пунктов;69:16
Весьегонский, Тверская область, Земли населенных пунктов;69:17
Вышневолоцкий, Тверская область, Земли населенных пунктов;69:18
г.Hелидово, Тверская область, Земли населенных пунктов;69:19
Западнодвинское, Тверская область, Земли лесного фонда;69:2
г.Бежецк, Тверская область, Земли населенных пунктов;69:20
г.Бологое, Тверская область, Земли населенных пунктов;69:21
г.Вышний Волочек, Тверская область, Земли населенных пунктов;69:22
г.Кашин, Тверская область, Земли населенных пунктов;69:23
г.Кимры, Тверская область, Земли населенных пунктов;69:24
г.Конаково, Тверская область, Земли населенных пунктов;69:25
г.Осташков, Тверская область, Земли населенных пунктов;69:26
г.Ржев, Тверская область, Земли населенных пунктов;69:27
г.Тверь, Тверская область, Земли населенных пунктов;69:28
г.Торжок, Тверская область, Земли населенных пунктов;69:29
Кашинское, Тверская область, Земли лесного фонда;69:3
г.Удомля, Тверская область, Земли населенных пунктов;69:30
Жарковский, Тверская область, Земли населенных пунктов;69:31
Западнодвинский, Тверская область, Земли населенных пунктов;69:32
"ЗАТО ""Озерный"" Бологовского р-на, Тверская область, Земли населенных пунктов";69:33
"ЗАТО ""Солнечный"" Осташковского р-на, Тверская область, Земли населенных пунктов";69:34
Зубцовский, Тверская область, Земли населенных пунктов;69:35
Калининский, Тверская область, Земли населенных пунктов;69:36
Калязинский, Тверская область, Земли населенных пунктов;69:37
Кашинский, Тверская область, Земли населенных пунктов;69:38
Кесовогорский, Тверская область, Земли населенных пунктов;69:39
Краснохолмское, Тверская область, Земли лесного фонда;69:4
Кимрский, Тверская область, Земли населенных пунктов;69:40
Конаковский, Тверская область, Земли населенных пунктов;69:41
Краснохомский, Тверская область, Земли населенных пунктов;69:42
Кувшиновский, Тверская область, Земли населенных пунктов;69:43
Лесной, Тверская область, Земли населенных пунктов;69:44
Лихославльский, Тверская область, Земли населенных пунктов;69:45
Максатихинский, Тверская область, Земли населенных пунктов;69:46
Молоковский, Тверская область, Земли населенных пунктов;69:47
Нелидовский, Тверская область, Земли населенных пунктов;69:48
Оленинский, Тверская область, Земли населенных пунктов;69:49
Осташковское, Тверская область, Земли лесного фонда;69:5
Осташковский, Тверская область, Земли населенных пунктов;69:50
Пеновский, Тверская область, Земли населенных пунктов;69:51
Рамешковский, Тверская область, Земли населенных пунктов;69:52
Ржевский, Тверская область, Земли населенных пунктов;69:53
Сандовский, Тверская область, Земли населенных пунктов;69:54
Санковский, Тверская область, Земли населенных пунктов;69:55
Селижаровский, Тверская область, Земли населенных пунктов;69:56
Спировский, Тверская область, Земли населенных пунктов;69:57
Старицкий, Тверская область, Земли населенных пунктов;69:58
Торжокский, Тверская область, Земли населенных пунктов;69:59
Старицкое, Тверская область, Земли лесного фонда;69:6
Торопецкий, Тверская область, Земли населенных пунктов;69:60
Удомельский, Тверская область, Земли населенных пунктов;69:61
Фировский, Тверская область, Земли населенных пунктов;69:62
Тверское, Тверская область, Земли лесного фонда;69:7
Торжокское, Тверская область, Земли лесного фонда;69:8
Торопецкое, Тверская область, Земли лесного фонда;69:9
Александровское, Томская область, Земли лесного фонда;70:1
Колпашевское, Томская область, Земли лесного фонда;70:10
Корниловское, Томская область, Земли лесного фонда;70:11
Кривошеинское, Томская область, Земли лесного фонда;70:12
Молчановское, Томская область, Земли лесного фонда;70:13
Парабельское, Томская область, Земли лесного фонда;70:14
Первомайское, Томская область, Земли лесного фонда;70:15
Тегульдетское, Томская область, Земли лесного фонда;70:16
Тимирязевское, Томская область, Земли лесного фонда;70:17
Томское, Томская область, Земли лесного фонда;70:18
Улу-Юльское, Томская область, Земли лесного фонда;70:19
Асиновское, Томская область, Земли лесного фонда;70:2
Чаинское, Томская область, Земли лесного фонда;70:20
Шегарское, Томская область, Земли лесного фонда;70:21
Александровский р-он, Томская область, Земли населенных пунктов;70:22
Асиновский  р-он, Томская область, Земли населенных пунктов;70:23
Бакчарский  р-он, Томская область, Земли населенных пунктов;70:24
Верхнекетский  р-он, Томская область, Земли населенных пунктов;70:25
Зырянский  р-он, Томская область, Земли населенных пунктов;70:26
Каргасокский  р-он, Томская область, Земли населенных пунктов;70:27
Кожевниковский  р-он, Томская область, Земли населенных пунктов;70:28
Колпашевский  р-он, Томская область, Земли населенных пунктов;70:29
Бакчарское, Томская область, Земли лесного фонда;70:3
Кривошеинский  р-он, Томская область, Земли населенных пунктов;70:30
"МО ""Город  Кедровый"", Томская область, Земли населенных пунктов";70:31
Молчановский  р-он, Томская область, Земли населенных пунктов;70:32
Парабельский  р-он, Томская область, Земли населенных пунктов;70:33
Первомайский  р-он, Томская область, Земли населенных пунктов;70:34
Тегульдетский  р-он, Томская область, Земли населенных пунктов;70:35
Томский  р-он, Томская область, Земли населенных пунктов;70:36
Чаинский  р-он, Томская область, Земли населенных пунктов;70:37
Шегарский  р-он, Томская область, Земли населенных пунктов;70:38
ЗАТО Северск, Томская область, Земли населенных пунктов;70:39
Васюганское, Томская область, Земли лесного фонда;70:4
Верхнекетское, Томская область, Земли лесного фонда;70:5
Зырянское, Томская область, Земли лесного фонда;70:6
Каргасокское, Томская область, Земли лесного фонда;70:7
Кедровское, Томская область, Земли лесного фонда;70:8
Кожевниковское, Томская область, Земли лесного фонда;70:9
Алексинское, Тульская область, Земли лесного фонда;71:1
Тульское, Тульская область, Земли лесного фонда;71:10
Чернское, Тульская область, Земли лесного фонда;71:11
Ясногорское, Тульская область, Земли лесного фонда;71:12
Алексинский, Тульская область, Земли населенных пунктов;71:13
Арсеньевский, Тульская область, Земли населенных пунктов;71:14
Белевский, Тульская область, Земли населенных пунктов;71:15
Богородицкий, Тульская область, Земли населенных пунктов;71:16
Веневский, Тульская область, Земли населенных пунктов;71:17
Воловский, Тульская область, Земли населенных пунктов;71:18
Дубенский, Тульская область, Земли населенных пунктов;71:19
Белевское, Тульская область, Земли лесного фонда;71:2
Ефремовский, Тульская область, Земли населенных пунктов;71:20
Заокский, Тульская область, Земли населенных пунктов;71:21
Каменский, Тульская область, Земли населенных пунктов;71:22
Кимовский, Тульская область, Земли населенных пунктов;71:23
Киреевский, Тульская область, Земли населенных пунктов;71:24
Куркинский, Тульская область, Земли населенных пунктов;71:25
Ленинский(включая г.Тула), Тульская область, Земли населенных пунктов;71:26
Новомосковский(включая г.Донской), Тульская область, Земли населенных пунктов;71:27
Одоевский, Тульская область, Земли населенных пунктов;71:28
Плавский, Тульская область, Земли населенных пунктов;71:29
Богородицкое, Тульская область, Земли лесного фонда;71:3
Суворовский, Тульская область, Земли населенных пунктов;71:30
Тепло-Огаревский, Тульская область, Земли населенных пунктов;71:31
Узловский, Тульская область, Земли населенных пунктов;71:32
Чернский, Тульская область, Земли населенных пунктов;71:33
Щекинский, Тульская область, Земли населенных пунктов;71:34
Ясногорский, Тульская область, Земли населенных пунктов;71:35
Веневское, Тульская область, Земли лесного фонда;71:4
Ефремовское, Тульская область, Земли лесного фонда;71:5
Заокское, Тульская область, Земли лесного фонда;71:6
Одоевское, Тульская область, Земли лесного фонда;71:7
Плавское, Тульская область, Земли лесного фонда;71:8
Суворовское, Тульская область, Земли лесного фонда;71:9
Абатское, Тюменская область, Земли лесного фонда;72:1
Ишимское, Тюменская область, Земли лесного фонда;72:10
Казанское, Тюменская область, Земли лесного фонда;72:11
Нижнетавдинское, Тюменская область, Земли лесного фонда;72:12
Омутинское, Тюменская область, Земли лесного фонда;72:13
Сладковское, Тюменская область, Земли лесного фонда;72:14
Сорокинское, Тюменская область, Земли лесного фонда;72:15
Тобольское, Тюменская область, Земли лесного фонда;72:16
Тюменское, Тюменская область, Земли лесного фонда;72:17
Уватское, Тюменская область, Земли лесного фонда;72:18
Упоровское, Тюменская область, Земли лесного фонда;72:19
Армизонское, Тюменская область, Земли лесного фонда;72:2
Юргинское, Тюменская область, Земли лесного фонда;72:20
Ялуторовское, Тюменская область, Земли лесного фонда;72:21
Ярковское, Тюменская область, Земли лесного фонда;72:22
Тюменское, Тюменская область, Земли обороны и безопасности;72:23
Абатский, Тюменская область, Земли населенных пунктов;72:24
Армизонский, Тюменская область, Земли населенных пунктов;72:25
Аромашевский, Тюменская область, Земли населенных пунктов;72:26
Бердюжский, Тюменская область, Земли населенных пунктов;72:27
Вагайский, Тюменская область, Земли населенных пунктов;72:28
Викуловский, Тюменская область, Земли населенных пунктов;72:29
Аромашевское, Тюменская область, Земли лесного фонда;72:3
Ишимское городское, Тюменская область, Земли населенных пунктов;72:30
Городские леса города Тобольска, Тюменская область, Земли населенных пунктов;72:31
Городские леса города Тюмени, Тюменская область, Земли населенных пунктов;72:32
Ялуторовское городское, Тюменская область, Земли населенных пунктов;72:33
Голышмановский, Тюменская область, Земли населенных пунктов;72:34
Заводоуковский, Тюменская область, Земли населенных пунктов;72:35
Исетский, Тюменская область, Земли населенных пунктов;72:36
Ишимский, Тюменская область, Земли населенных пунктов;72:37
Казанский, Тюменская область, Земли населенных пунктов;72:38
Нижнетавдинский, Тюменская область, Земли населенных пунктов;72:39
Бердюжское, Тюменская область, Земли лесного фонда;72:4
Омутинский, Тюменская область, Земли населенных пунктов;72:40
Сладковский, Тюменская область, Земли населенных пунктов;72:41
Сорокинский, Тюменская область, Земли населенных пунктов;72:42
Тобольский, Тюменская область, Земли населенных пунктов;72:43
Тюменский, Тюменская область, Земли населенных пунктов;72:44
Уватский, Тюменская область, Земли населенных пунктов;72:45
Упоровский, Тюменская область, Земли населенных пунктов;72:46
Юргинский, Тюменская область, Земли населенных пунктов;72:47
Ялуторовский, Тюменская область, Земли населенных пунктов;72:48
Ярковский, Тюменская область, Земли населенных пунктов;72:49
Вагайское, Тюменская область, Земли лесного фонда;72:5
Гилевская роща, Тюменская область, Земли населенных пунктов;72:50
Викуловское, Тюменская область, Земли лесного фонда;72:6
Голышмановское, Тюменская область, Земли лесного фонда;72:7
Заводоуковское, Тюменская область, Земли лесного фонда;72:8
Исетское, Тюменская область, Земли лесного фонда;72:9
Базарносызганское, Ульяновская область, Земли лесного фонда;73:1
Новоспасское, Ульяновская область, Земли лесного фонда;73:10
Новочеремшанское, Ульяновская область, Земли лесного фонда;73:11
Павловское, Ульяновская область, Земли лесного фонда;73:12
Радищевское, Ульяновская область, Земли лесного фонда;73:13
Сенгилеевское, Ульяновская область, Земли лесного фонда;73:14
Старокулаткинское, Ульяновская область, Земли лесного фонда;73:15
Старомайнское, Ульяновская область, Земли лесного фонда;73:16
Сурское, Ульяновская область, Земли лесного фонда;73:17
Тереньгульское, Ульяновская область, Земли лесного фонда;73:18
Ульяновское, Ульяновская область, Земли лесного фонда;73:19
Барышское, Ульяновская область, Земли лесного фонда;73:2
Базарно-Сызганский, Ульяновская область, Земли населенных пунктов;73:20
Барышский, Ульяновская область, Земли населенных пунктов;73:21
Вешкаймский, Ульяновская область, Земли населенных пунктов;73:22
г.Барыш, Ульяновская область, Земли населенных пунктов;73:23
г.Дмитровград, Ульяновская область, Земли населенных пунктов;73:24
г.Ульяновск, Ульяновская область, Земли населенных пунктов;73:25
Инзенский, Ульяновская область, Земли населенных пунктов;73:26
Карсунский, Ульяновская область, Земли населенных пунктов;73:27
Кузоватовский, Ульяновская область, Земли населенных пунктов;73:28
Майнский, Ульяновская область, Земли населенных пунктов;73:29
Вешкаймское, Ульяновская область, Земли лесного фонда;73:3
Мелекесский, Ульяновская область, Земли населенных пунктов;73:30
Николаевский, Ульяновская область, Земли населенных пунктов;73:31
Новомалыклинский, Ульяновская область, Земли населенных пунктов;73:32
Новоспасский, Ульяновская область, Земли населенных пунктов;73:33
Павловский, Ульяновская область, Земли населенных пунктов;73:34
Радищевский, Ульяновская область, Земли населенных пунктов;73:35
Сенгилеевский, Ульяновская область, Земли населенных пунктов;73:36
Старокулаткинский, Ульяновская область, Земли населенных пунктов;73:37
Старомайнский, Ульяновская область, Земли населенных пунктов;73:38
Сурский, Ульяновская область, Земли населенных пунктов;73:39
Инзенское, Ульяновская область, Земли лесного фонда;73:4
Тереньгульский, Ульяновская область, Земли населенных пунктов;73:40
Ульяновский, Ульяновская область, Земли населенных пунктов;73:41
Цильнинский, Ульяновская область, Земли населенных пунктов;73:42
Чердаклинский, Ульяновская область, Земли населенных пунктов;73:43
Карсунское, Ульяновская область, Земли лесного фонда;73:5
Кузоватовское, Ульяновская область, Земли лесного фонда;73:6
Майнское, Ульяновская область, Земли лесного фонда;73:7
Мелекесское, Ульяновская область, Земли лесного фонда;73:8
Николаевское, Ульяновская область, Земли лесного фонда;73:9
Аргаяшское, Челябинская область, Земли лесного фонда;74:1
Кунашакское, Челябинская область, Земли лесного фонда;74:10
Кусинское, Челябинская область, Земли лесного фонда;74:11
Кыштымское, Челябинская область, Земли лесного фонда;74:12
Миасское, Челябинская область, Земли лесного фонда;74:13
Нязепетровское, Челябинская область, Земли лесного фонда;74:14
Октябрьское, Челябинская область, Земли лесного фонда;74:15
Пластовское, Челябинская область, Земли лесного фонда;74:16
Саткинское, Челябинская область, Земли лесного фонда;74:17
Увельское, Челябинская область, Земли лесного фонда;74:18
Усть-Катавское, Челябинская область, Земли лесного фонда;74:19
Ашинское, Челябинская область, Земли лесного фонда;74:2
Уфалейское, Челябинская область, Земли лесного фонда;74:20
Чебаркульское, Челябинская область, Земли лесного фонда;74:21
Шершневское, Челябинская область, Земли лесного фонда;74:22
ГПЗ Ильменский, Челябинская область, Земли особо охраняемых природных территорий;74:23
НП Зюраткуль, Челябинская область, Земли особо охраняемых природных территорий;74:24
НП Таганай, Челябинская область, Земли особо охраняемых природных территорий;74:25
Челябинское, Челябинская область, Земли обороны и безопасности;74:26
Агаповский МР, Челябинская область, Земли населенных пунктов;74:27
Аргаяшский МР, Челябинская область, Земли населенных пунктов;74:28
Ашинский МР, Челябинская область, Земли населенных пунктов;74:29
Брединское, Челябинская область, Земли лесного фонда;74:3
Брединский МР, Челябинская область, Земли населенных пунктов;74:30
Варненский МР, Челябинская область, Земли населенных пунктов;74:31
Верхнеуральский МР, Челябинская область, Земли населенных пунктов;74:32
Верхнеуфалейский ГО, Челябинская область, Земли населенных пунктов;74:33
Еманжелинский МР, Челябинская область, Земли населенных пунктов;74:34
Еткульский МР, Челябинская область, Земли населенных пунктов;74:35
Златоустовский ГО, Челябинская область, Земли населенных пунктов;74:36
Карабашский ГО, Челябинская область, Земли населенных пунктов;74:37
Карталинский МР, Челябинская область, Земли населенных пунктов;74:38
Каслинский МР, Челябинская область, Земли населенных пунктов;74:39
Верхнеуральское, Челябинская область, Земли лесного фонда;74:4
Катав-Ивановский МР, Челябинская область, Земли населенных пунктов;74:40
Кизильский МР, Челябинская область, Земли населенных пунктов;74:41
Копейский ГО, Челябинская область, Земли населенных пунктов;74:42
Коркинский МР, Челябинская область, Земли населенных пунктов;74:43
Красноармейский МР, Челябинская область, Земли населенных пунктов;74:44
Кунашакский МР, Челябинская область, Земли населенных пунктов;74:45
Кусинский МР, Челябинская область, Земли населенных пунктов;74:46
Кыштымский ГО, Челябинская область, Земли населенных пунктов;74:47
Локомотивный ГО, Челябинская область, Земли населенных пунктов;74:48
Магнитогорский ГО, Челябинская область, Земли населенных пунктов;74:49
Златоустовское, Челябинская область, Земли лесного фонда;74:5
Миасский ГО, Челябинская область, Земли населенных пунктов;74:50
Нагайбакский МР, Челябинская область, Земли населенных пунктов;74:51
Нязепетровский МР, Челябинская область, Земли населенных пунктов;74:52
Озёрский ГО, Челябинская область, Земли населенных пунктов;74:53
Октябрьский МР, Челябинская область, Земли населенных пунктов;74:54
Пластовский МР, Челябинская область, Земли населенных пунктов;74:55
Саткинский МР, Челябинская область, Земли населенных пунктов;74:56
Снежинский ГО, Челябинская область, Земли населенных пунктов;74:57
Сосновский МР, Челябинская область, Земли населенных пунктов;74:58
Трёхгорный ГО, Челябинская область, Земли населенных пунктов;74:59
Карталинское, Челябинская область, Земли лесного фонда;74:6
Троицкий ГО, Челябинская область, Земли населенных пунктов;74:60
Троицкий МР, Челябинская область, Земли населенных пунктов;74:61
Увельский МР, Челябинская область, Земли населенных пунктов;74:62
Уйский МР, Челябинская область, Земли населенных пунктов;74:63
Усть-Катавский ГО, Челябинская область, Земли населенных пунктов;74:64
Чебаркульский ГО, Челябинская область, Земли населенных пунктов;74:65
Чебаркульский МР, Челябинская область, Земли населенных пунктов;74:66
Челябинский ГО, Челябинская область, Земли населенных пунктов;74:67
Чесменский МР, Челябинская область, Земли населенных пунктов;74:68
Южноуральский ГО, Челябинская область, Земли населенных пунктов;74:69
Каслинское, Челябинская область, Земли лесного фонда;74:7
Снежинское городское лесничество, Челябинская область, Земли населенных пунктов;74:70
Трехгорное городское, Челябинская область, Земли населенных пунктов;74:71
Пластовское городское, Челябинская область, Земли населенных пунктов;74:72
Катав-Ивановское, Челябинская область, Земли лесного фонда;74:8
Красноармейское, Челябинская область, Земли лесного фонда;74:9
Агинское, Забайкальский край, Земли лесного фонда;75:1
Дульдургинское, Забайкальский край, Земли лесного фонда;75:10
Ингодинское, Забайкальский край, Земли лесного фонда;75:11
Карымское, Забайкальский край, Земли лесного фонда;75:12
Красночикойское, Забайкальский край, Земли лесного фонда;75:13
Кыринское, Забайкальский край, Земли лесного фонда;75:14
Могочинское, Забайкальский край, Земли лесного фонда;75:15
Нерчинское, Забайкальский край, Земли лесного фонда;75:16
Оленгуйское, Забайкальский край, Земли лесного фонда;75:17
Ононское, Забайкальский край, Земли лесного фонда;75:18
Петровск-Забайкальское, Забайкальский край, Земли лесного фонда;75:19
Акшинское, Забайкальский край, Земли лесного фонда;75:2
Сретенское, Забайкальский край, Земли лесного фонда;75:20
Тунгокоченское, Забайкальский край, Земли лесного фонда;75:21
Хилокское, Забайкальский край, Земли лесного фонда;75:22
Чарское, Забайкальский край, Земли лесного фонда;75:23
Чернышевское, Забайкальский край, Земли лесного фонда;75:24
Читинское, Забайкальский край, Земли лесного фонда;75:25
Шилкинское, Забайкальский край, Земли лесного фонда;75:26
ГПБЗ Даурский, Забайкальский край, Земли особо охраняемых природных территорий;75:27
ГПБЗ Сохондинский, Забайкальский край, Земли особо охраняемых природных территорий;75:28
НП Алханай, Забайкальский край, Земли особо охраняемых природных территорий;75:29
Александровско-Заводское, Забайкальский край, Земли лесного фонда;75:3
НП Чикой, Забайкальский край, Земли особо охраняемых природных территорий;75:30
Ингодинское, Забайкальский край, Земли обороны и безопасности;75:31
Агинский  муниципальный р-он, Забайкальский край, Земли населенных пунктов;75:32
Акшинский район, Забайкальский край, Земли населенных пунктов;75:33
Александровско-Заводский район, Забайкальский край, Земли населенных пунктов;75:34
Балейский район, Забайкальский край, Земли населенных пунктов;75:35
Борзинский район, Забайкальский край, Земли населенных пунктов;75:36
г.Чита, Забайкальский край, Земли населенных пунктов;75:37
Газимуро-Заводский район, Забайкальский край, Земли населенных пунктов;75:38
Дульдургинский  муниципальный р-он, Забайкальский край, Земли населенных пунктов;75:39
Аргунское, Забайкальский край, Земли лесного фонда;75:4
Забайкальский район, Забайкальский край, Земли населенных пунктов;75:40
Каларский район, Забайкальский край, Земли населенных пунктов;75:41
Калганский район, Забайкальский край, Земли населенных пунктов;75:42
Карымский район, Забайкальский край, Земли населенных пунктов;75:43
Краснокаменский район, Забайкальский край, Земли населенных пунктов;75:44
Красночикойский район, Забайкальский край, Земли населенных пунктов;75:45
Кыринский район, Забайкальский край, Земли населенных пунктов;75:46
Могойтуйский  муниципальный р-он, Забайкальский край, Земли населенных пунктов;75:47
Могочинский район, Забайкальский край, Земли населенных пунктов;75:48
Нерчинский район, Забайкальский край, Земли населенных пунктов;75:49
Бадинское, Забайкальский край, Земли лесного фонда;75:5
Нерчинско-Заводский район, Забайкальский край, Земли населенных пунктов;75:50
Оловяннинский район, Забайкальский край, Земли населенных пунктов;75:51
Ононский район, Забайкальский край, Земли населенных пунктов;75:52
Петровск-Забайкальский район, Забайкальский край, Земли населенных пунктов;75:53
Приаргунский район, Забайкальский край, Земли населенных пунктов;75:54
Сретенский район, Забайкальский край, Земли населенных пунктов;75:55
Тунгиро-Олекминский район, Забайкальский край, Земли населенных пунктов;75:56
Тунгокоченский район, Забайкальский край, Земли населенных пунктов;75:57
Улетовский район, Забайкальский край, Земли населенных пунктов;75:58
Хилокский район, Забайкальский край, Земли населенных пунктов;75:59
Балейское, Забайкальский край, Земли лесного фонда;75:6
Чернышевский район, Забайкальский край, Земли населенных пунктов;75:60
Читинский район, Забайкальский край, Земли населенных пунктов;75:61
Шелопугинский район, Забайкальский край, Земли населенных пунктов;75:62
Шилкинский район, Забайкальский край, Земли населенных пунктов;75:63
Беклемишевское, Забайкальский край, Земли лесного фонда;75:7
Верхне-Читинское, Забайкальский край, Земли лесного фонда;75:8
Газимуро-Заводское, Забайкальский край, Земли лесного фонда;75:9
Большесельское, Ярославская область, Земли лесного фонда;76:1
Пречистенское, Ярославская область, Земли лесного фонда;76:10
Ростовское, Ярославская область, Земли лесного фонда;76:11
Рыбинское, Ярославская область, Земли лесного фонда;76:12
Тутаевское, Ярославская область, Земли лесного фонда;76:13
Угличское, Ярославская область, Земли лесного фонда;76:14
Ярославское, Ярославская область, Земли лесного фонда;76:15
НП Плещеево озеро, Ярославская область, Земли особо охраняемых природных территорий;76:16
Большесельский м.р., Ярославская область, Земли населенных пунктов;76:17
Борисоглебский м.р., Ярославская область, Земли населенных пунктов;76:18
Брейтовский м.р., Ярославская область, Земли населенных пунктов;76:19
Борисоглебское, Ярославская область, Земли лесного фонда;76:2
г. Переславль городской округ, Ярославская область, Земли населенных пунктов;76:20
г. Ярославль городской округ, Ярославская область, Земли населенных пунктов;76:21
Гаврилов-Ямский м.р., Ярославская область, Земли населенных пунктов;76:22
Даниловский м.р., Ярославская область, Земли населенных пунктов;76:23
Любимский м.р., Ярославская область, Земли населенных пунктов;76:24
Мышкинский м.р., Ярославская область, Земли населенных пунктов;76:25
Некоузский м.р., Ярославская область, Земли населенных пунктов;76:26
Некрасовский. м.р, Ярославская область, Земли населенных пунктов;76:27
Первомайский  м. р., Ярославская область, Земли населенных пунктов;76:28
Переславский м.р., Ярославская область, Земли населенных пунктов;76:29
Брейтовское, Ярославская область, Земли лесного фонда;76:3
Пошехонский  м.р., Ярославская область, Земли населенных пунктов;76:30
Ростовский  м.р., Ярославская область, Земли населенных пунктов;76:31
Рыбинский  м.р.(включая г.Рыбинск), Ярославская область, Земли населенных пунктов;76:32
Тутаевский м.р., Ярославская область, Земли населенных пунктов;76:33
Угличский  м.р., Ярославская область, Земли населенных пунктов;76:34
Ярославский м.р., Ярославская область, Земли населенных пунктов;76:35
Гаврилов-Ямское, Ярославская область, Земли лесного фонда;76:4
Даниловское, Ярославская область, Земли лесного фонда;76:5
Любимское, Ярославская область, Земли лесного фонда;76:6
Некоузское, Ярославская область, Земли лесного фонда;76:7
Переславское, Ярославская область, Земли лесного фонда;76:8
Пошехонское, Ярославская область, Земли лесного фонда;76:9
Курортное, Санкт-Петербург - город федерального значения, Земли населенных пунктов;78:1
Биробиджанское, Еврейская автономная область, Земли лесного фонда;79:1
"Муниц.образ.""Ленинскийр-он"", Еврейская автономная область, Земли населенных пунктов";79:10
"Муниц.образ.""Облученский р-он"", Еврейская автономная область, Земли населенных пунктов";79:11
"Муниц.образ.""Октябрьский р-он"", Еврейская автономная область, Земли населенных пунктов";79:12
"Муниц.образ.""Смидовичский р-он"", Еврейская автономная область, Земли населенных пунктов";79:13
Бирское, Еврейская автономная область, Земли лесного фонда;79:2
Кульдурское, Еврейская автономная область, Земли лесного фонда;79:3
Ленинское, Еврейская автономная область, Земли лесного фонда;79:4
Облученское, Еврейская автономная область, Земли лесного фонда;79:5
Октябрьское, Еврейская автономная область, Земли лесного фонда;79:6
ГПЗ Бастак, Еврейская автономная область, Земли особо охраняемых природных территорий;79:7
"Муниц.образ.""Биробиджанский р-он"", Еврейская автономная область, Земли населенных пунктов";79:8
"Муниц.образ.""г.Биробиджан"", Еврейская автономная область, Земли населенных пунктов";79:9
Амвросиевское, Донецкая Народная Республика, Земли лесного фонда;80:1
Великоанадольское, Донецкая Народная Республика, Земли лесного фонда;80:2
Горловское, Донецкая Народная Республика, Земли лесного фонда;80:3
Донецкое, Донецкая Народная Республика, Земли лесного фонда;80:4
Краснолиманское, Донецкая Народная Республика, Земли лесного фонда;80:5
Приазовское, Донецкая Народная Республика, Земли лесного фонда;80:6
Старобешевское, Донецкая Народная Республика, Земли лесного фонда;80:7
Тельмановское, Донецкая Народная Республика, Земли лесного фонда;80:8
Торезское, Донецкая Народная Республика, Земли лесного фонда;80:9
Беловодское, Луганская Народная республика, Земли лесного фонда;81:1
Станично-Луганское, Луганская Народная республика, Земли лесного фонда;81:10
Старобельское, Луганская Народная республика, Земли лесного фонда;81:11
Белокуракинское, Луганская Народная республика, Земли лесного фонда;81:2
Ивановское, Луганская Народная республика, Земли лесного фонда;81:3
Кременское, Луганская Народная республика, Земли лесного фонда;81:4
Луганское, Луганская Народная республика, Земли лесного фонда;81:5
Новоайдарское, Луганская Народная республика, Земли лесного фонда;81:6
Сватовское, Луганская Народная республика, Земли лесного фонда;81:7
Свердловское, Луганская Народная республика, Земли лесного фонда;81:8
Северодонецкое, Луганская Народная республика, Земли лесного фонда;81:9
Алуштинское, Республика Крым, Земли лесного фонда;82:1
Судакское, Республика Крым, Земли лесного фонда;82:10
"ГПЗ ""Карадагский"", Республика Крым, Земли особо охраняемых природных территорий";82:11
"ГПЗ ""Ялтинский горно-лесной"", Республика Крым, Земли особо охраняемых природных территорий";82:12
"НП ""Крымский"" ФГБУ ""комплекс ""Крым"", Республика Крым, Земли особо охраняемых природных территорий";82:13
Крымское, Республика Крым, Земли обороны и безопасности;82:14
Степное, Республика Крым, Земли лесного фонда;82:15
Карадагская научная станция им. Т.И.Вяземского, Республика Крым, Земли особо охраняемых природных территорий;82:16
Бахчисарайское, Республика Крым, Земли лесного фонда;82:2
Белогорское, Республика Крым, Земли лесного фонда;82:3
Джанкойское, Республика Крым, Земли лесного фонда;82:4
Евпаторийское, Республика Крым, Земли лесного фонда;82:5
Куйбышевское, Республика Крым, Земли лесного фонда;82:6
Раздольненское, Республика Крым, Земли лесного фонда;82:7
Симферопольское, Республика Крым, Земли лесного фонда;82:8
Старокрымское, Республика Крым, Земли лесного фонда;82:9
Ненецкое, Ненецкий автономный округ, Земли лесного фонда;83:1
ГПЗ Ненецкий, Ненецкий автономный округ, Земли особо охраняемых природных территорий;83:2
Ненецкий автономный округ, Ненецкий автономный округ, Земли населенных пунктов;83:3
Алешкинское, Херсонская область, Земли лесного фонда;84:1
Великоалександровское, Херсонская область, Земли лесного фонда;84:2
Великокопанское, Херсонская область, Земли лесного фонда;84:3
Голопристанское, Херсонская область, Земли лесного фонда;84:4
Каховское, Херсонская область, Земли лесного фонда;84:5
Новотроицкое, Херсонская область, Земли лесного фонда;84:6
Рыбальченское, Херсонская область, Земли лесного фонда;84:7
Скадовское, Херсонская область, Земли лесного фонда;84:8
Бердянское, Запорожская область, Земли лесного фонда;85:1
Мелитопольское, Запорожская область, Земли лесного фонда;85:2
Аганское, Ханты-Мансийский автономный округ - Югра, Земли лесного фонда;86:1
Самаровское, Ханты-Мансийский автономный округ - Югра, Земли лесного фонда;86:10
Советское, Ханты-Мансийский автономный округ - Югра, Земли лесного фонда;86:11
Сургутское, Ханты-Мансийский автономный округ - Югра, Земли лесного фонда;86:12
Урайское, Ханты-Мансийский автономный округ - Югра, Земли лесного фонда;86:13
Юганское, Ханты-Мансийский автономный округ - Югра, Земли лесного фонда;86:14
ГПЗ Малая Сосьва, Ханты-Мансийский автономный округ - Югра, Земли особо охраняемых природных территорий;86:15
ГПЗ Юганский, Ханты-Мансийский автономный округ - Югра, Земли особо охраняемых природных территорий;86:16
Белоярский муницип. р-он, Ханты-Мансийский автономный округ - Югра, Земли населенных пунктов;86:17
Березовский муницип. р-он, Ханты-Мансийский автономный округ - Югра, Земли населенных пунктов;86:18
Городские леса г. Белоярский, Ханты-Мансийский автономный округ - Югра, Земли населенных пунктов;86:19
Белоярское, Ханты-Мансийский автономный округ - Югра, Земли лесного фонда;86:2
Городские леса г. Когалым, Ханты-Мансийский автономный округ - Югра, Земли населенных пунктов;86:20
Городские леса г. Лангепас, Ханты-Мансийский автономный округ - Югра, Земли населенных пунктов;86:21
Городские леса г. Лянтора, Ханты-Мансийский автономный округ - Югра, Земли населенных пунктов;86:22
Городские леса г. Мегион, Ханты-Мансийский автономный округ - Югра, Земли населенных пунктов;86:23
Городские леса г. Нягань, Ханты-Мансийский автономный округ - Югра, Земли населенных пунктов;86:24
Городские леса г. Покачи, Ханты-Мансийский автономный округ - Югра, Земли населенных пунктов;86:25
Городские леса г. Пыть-Ях, Ханты-Мансийский автономный округ - Югра, Земли населенных пунктов;86:26
Городские леса г. Радужный, Ханты-Мансийский автономный округ - Югра, Земли населенных пунктов;86:27
Городские леса г. Советский, Ханты-Мансийский автономный округ - Югра, Земли населенных пунктов;86:28
Городские леса г. Сургут, Ханты-Мансийский автономный округ - Югра, Земли населенных пунктов;86:29
Березовское, Ханты-Мансийский автономный округ - Югра, Земли лесного фонда;86:3
Городские леса г. Урай, Ханты-Мансийский автономный округ - Югра, Земли населенных пунктов;86:30
Городские леса г. Ханты-Мансийск, Ханты-Мансийский автономный округ - Югра, Земли населенных пунктов;86:31
Городские леса г. Югорск, Ханты-Мансийский автономный округ - Югра, Земли населенных пунктов;86:32
Городские леса г.Нефтеюганск, Ханты-Мансийский автономный округ - Югра, Земли населенных пунктов;86:33
Городские леса г.Нижневартовск, Ханты-Мансийский автономный округ - Югра, Земли населенных пунктов;86:34
Кондинский муницип. р-он, Ханты-Мансийский автономный округ - Югра, Земли населенных пунктов;86:35
Нефтеюганский муницип. р-он, Ханты-Мансийский автономный округ - Югра, Земли населенных пунктов;86:36
Нижневартовский муницип. р-он, Ханты-Мансийский автономный округ - Югра, Земли населенных пунктов;86:37
Октябрьский муницип. р-он, Ханты-Мансийский автономный округ - Югра, Земли населенных пунктов;86:38
Сургутский муницип. р-он, Ханты-Мансийский автономный округ - Югра, Земли населенных пунктов;86:39
Кондинское, Ханты-Мансийский автономный округ - Югра, Земли лесного фонда;86:4
Ханты-Мансийск муницип. р-он, Ханты-Мансийский автономный округ - Югра, Земли населенных пунктов;86:40
Советское городское, Ханты-Мансийский автономный округ - Югра, Земли населенных пунктов;86:41
Мегионское, Ханты-Мансийский автономный округ - Югра, Земли лесного фонда;86:5
Нефтеюганское, Ханты-Мансийский автономный округ - Югра, Земли лесного фонда;86:6
Нижневартовское, Ханты-Мансийский автономный округ - Югра, Земли лесного фонда;86:7
Няксимвольское, Ханты-Мансийский автономный округ - Югра, Земли лесного фонда;86:8
Октябрьское, Ханты-Мансийский автономный округ - Югра, Земли лесного фонда;86:9
Чукотское, Чукотский автономный округ, Земли лесного фонда;87:1
Чукотский, Чукотский автономный округ, Земли населенных пунктов;87:10
ГПЗ Остров Врангеля, Чукотский автономный округ, Земли особо охраняемых природных территорий;87:2
НП Берингия, Чукотский автономный округ, Земли особо охраняемых природных территорий;87:3
Анадырский, Чукотский автономный округ, Земли населенных пунктов;87:4
Билибинский, Чукотский автономный округ, Земли населенных пунктов;87:5
го Анадырь, Чукотский автономный округ, Земли населенных пунктов;87:6
Иультинский, Чукотский автономный округ, Земли населенных пунктов;87:7
Провидинский, Чукотский автономный округ, Земли населенных пунктов;87:8
Чаунский, Чукотский автономный округ, Земли населенных пунктов;87:9
Красноселькупское, Ямало-Ненецкий автономный округ, Земли лесного фонда;88:1
Приуральский, Ямало-Ненецкий автономный округ, Земли населенных пунктов;88:10
Пуровский район, Ямало-Ненецкий автономный округ, Земли населенных пунктов;88:11
Тазовский, Ямало-Ненецкий автономный округ, Земли населенных пунктов;88:12
Шурышкарский, Ямало-Ненецкий автономный округ, Земли населенных пунктов;88:13
Ямальский, Ямало-Ненецкий автономный округ, Земли населенных пунктов;88:14
Муравленковское, Ямало-Ненецкий автономный округ, Земли населенных пунктов;88:15
Надымское, Ямало-Ненецкий автономный округ, Земли лесного фонда;88:2
Ноябрьское, Ямало-Ненецкий автономный округ, Земли лесного фонда;88:3
Таркосалинское, Ямало-Ненецкий автономный округ, Земли лесного фонда;88:4
Ямальское, Ямало-Ненецкий автономный округ, Земли лесного фонда;88:5
ГПЗ Верхне-Тазовский, Ямало-Ненецкий автономный округ, Земли особо охраняемых природных территорий;88:6
ГПЗ Гыданский, Ямало-Ненецкий автономный округ, Земли особо охраняемых природных территорий;88:7
Красноселькупский район, Ямало-Ненецкий автономный округ, Земли населенных пунктов;88:8
Надымский район, Ямало-Ненецкий автономный округ, Земли населенных пунктов;88:9
Севастопольское, Севастополь - город федерального значения, Земли населенных пунктов;89:1
